tree
version=v4
num_class=1
num_tree_per_iteration=1
label_index=0
max_feature_idx=22
objective=binary sigmoid:1
feature_names=amount customer_transactions_1m customer_transactions_1h device_transactions_1h ip_transactions_1h customer_degree device_customer_count ip_customer_count customer_historical_fraud_count customer_historical_transaction_count customer_historical_fraud_rate merchant_historical_fraud_count merchant_historical_transaction_count merchant_historical_fraud_rate device_historical_fraud_count device_historical_transaction_count device_historical_fraud_rate ip_historical_fraud_count ip_historical_transaction_count ip_historical_fraud_rate payment_historical_fraud_count payment_historical_transaction_count payment_historical_fraud_rate
feature_infos=[0.29199999999999998:31937.391] [0:11] [0:68] [0:744] [0:88] [0:10213] [0:9411] [0:2044] [0:522] [0:10146] [0:1] [0:6191] [0:297909] [0:0.125] [0:8337] [0:322014] [0:1] [0:5344] [0:47516] [0:1] [0:522] [0:9649] [0:1]
tree_sizes=3392 3468 3479 3479 3476 3474 3496 3495 3508 3539 3516 3504 3519 3500 3517 3528 3500 3529 3507 3530 3522 3532 3527 3525 3519 3505 3518 3528 3530 3524 3502 3533 3550 3513 3529 3552 3535 3545 3527 3521 3528 3532 3532 3530 3535 3536 3524 3537 3541 3526 3546 3516 3527 3535 3541 3554 3529 3510 3512 3535 3533 3516 3536 3534 3507 3525 3519 3531 3533 3544 3519 3513 3503 3529 3520 3527 3556 3524 3508 3514 3520 3494 3520 3520 3532 3520 3536 3522 3543 3538 3534 3529 3531 3503 3529 3508 3485 3542 3497 3474 3505 3510 3491 3513 3539 3528 3466 3522 3506 3532 3490 3523 3533 3503 3516 3472 3479 3521 3489 3495 3483 3489

Tree=0
num_leaves=31
num_cat=0
split_feature=22 10 10 15 14 3 2 13 0 13 19 0 12 10 5 19 10 0 0 14 12 11 10 8 0 3 0 19 3 11
split_gain=26075.8 4843.85 2979.24 2030.77 4418.67 1763.98 1098.52 719.891 732.442 705.688 658.165 560.368 443.797 427.124 362.669 359.778 299.555 296.242 281.152 280.865 270.409 252.71 245.537 235.291 201.758 200.836 194.429 166.826 162.163 144.338
threshold=0.10008488964346351 0.28735898369007845 0.027132416481040828 385.50000000000006 1.0000000180025095e-35 1.0000000180025095e-35 1.0000000180025095e-35 0.020780870266847468 131.00800000000001 0.020806678102749769 0.030945521007762881 129.96000000000001 13292.000000000002 0.060617688783460084 3038.5000000000005 0.029162216458867789 0.011421787385581065 117.004 141.00500000000002 1.0000000180025095e-35 26304.500000000004 31.500000000000004 0.60303030303030314 326.50000000000006 115.02000000000002 13.500000000000002 261.97500000000008 0.0068863618565941183 145.50000000000003 239.50000000000003
decision_type=2 2 2 2 2 2 2 2 2 2 2 2 2 2 2 2 2 2 2 2 2 2 2 2 2 2 2 2 2 2
left_child=2 3 9 4 -2 23 22 10 13 16 24 -11 -13 -9 21 18 -1 -12 -5 -8 -14 -7 -3 -6 -4 -26 -10 -21 -20 -28
right_child=1 6 7 15 5 14 19 8 26 11 17 12 20 -15 -16 -17 -18 -19 28 27 -22 -23 -24 -25 25 -27 29 -29 -30 -31
leaf_value=-3.3532106156120025 -3.2665509754218465 -2.9973766973351523 -3.3221681963687089 -3.2530401537055349 -2.9528474967531606 -3.2894183422755989 -3.2647396742241517 -3.2858199743189012 -3.1701558700146508 -3.3213092240657902 -3.2599389557123497 -3.3144588350772857 -3.0896045042915579 -3.1980701762502455 -3.2939995925736474 -3.1242712004912239 -3.3331084351859794 -3.1077055823311781 -3.0509032688600537 -3.2952494971877786 -3.255003348152127 -2.4484188196895933 -2.7425232539277307 -3.2956911362438386 -3.1765719344796342 -3.2953994655270034 -3.3112763349101448 -2.5469717523872597 -3.2197686376179826 -2.9272910129075194
leaf_weight=6439.0601059049368 65.149319171905518 86.085324343293905 1190.6716717407107 142.03908856958151 39.93788992986083 1.1876177974045266 2.1716439723968497 582.54349559545517 78.009523320943117 866.21448948979378 85.270957853645086 82.658198699355125 55.614444855600595 178.99096803739667 1.594801042228936 409.08343330025673 2627.3498872295022 51.305088847875595 31.963884718716145 0.98402617499232192 49.404900372028351 38.716340195387602 21.580711975693703 6.175612546503543 32.472863774746656 763.26499242335558 2.8163507767021683 42.889968454837799 37.121539153158665 14.387141317129133
leaf_count=189764 1920 2537 35090 4186 1177 35 64 17168 2299 25528 2513 2436 1639 5275 47 12056 77430 1512 942 29 1456 1141 636 182 957 22494 83 1264 1094 424
internal_value=-3.31179 -3.05621 -3.32997 -3.10961 -2.94742 -2.72537 -2.80248 -3.28605 -3.24751 -3.3429 -3.30172 -3.30421 -3.22707 -3.26459 -2.49458 -3.15215 -3.3474 -3.19756 -3.20927 -2.5857 -3.1613 -2.46817 -2.9233 -2.9927 -3.30915 -3.28974 -3.12004 -2.56034 -3.1293 -2.97588
internal_weight=14026.7 926.681 13100 772.97 152.762 87.6123 153.712 2979.73 856.747 10120.3 2122.99 1053.89 187.678 761.534 41.4988 620.208 9066.41 136.576 211.125 46.0456 105.019 39.904 107.666 46.1135 1986.41 795.738 95.213 43.874 69.0854 17.2035
internal_count=413378 27310 386068 22780 4502 2582 4530 87815 25249 298253 62566 31059 5531 22443 1223 18278 267194 4025 6222 1357 3095 1176 3173 1359 58541 23451 2806 1293 2036 507
is_linear=0
shrinkage=1


Tree=1
num_leaves=31
num_cat=0
split_feature=10 10 22 3 14 6 13 13 0 19 0 10 12 6 14 10 19 0 10 2 10 9 12 13 3 5 11 21 0 3
split_gain=19029.8 2261.64 2224.36 871.629 961.224 1120.44 642.964 497.013 563.266 446.773 424.791 411.544 328.586 301.822 541.979 260.025 236.995 229.958 222.164 213.095 189.864 166.617 162.842 161.262 157.158 144.535 164.44 138.426 134.005 138.051
threshold=0.08337194933580476 0.023814249796782549 0.23703644353669071 26.500000000000004 1.0000000180025095e-35 13.500000000000002 0.020806678102749769 0.020743775766818972 131.00800000000001 0.044365446367174939 129.96000000000001 0.60303030303030314 13292.000000000002 194.50000000000003 1.0000000180025095e-35 0.03704637332063599 0.029561661473550525 115.02000000000002 0.0098024874080703105 1.0000000180025095e-35 0.049483975490938047 271.50000000000006 27125.500000000004 0.032314373705187451 11.500000000000002 797.50000000000011 156.50000000000003 1513.5000000000002 115.02000000000002 8.5000000000000018
decision_type=2 2 2 2 2 2 2 2 2 2 2 2 2 2 2 2 2 2 2 2 2 2 2 2 2 2 2 2 2 2
left_child=1 6 3 4 -2 -6 18 9 20 17 -8 13 -12 14 -4 -11 -5 -3 -1 -15 -9 -17 23 -14 -19 26 -7 -22 -20 -30
right_child=2 7 11 16 5 25 10 8 -10 15 12 -13 22 19 -16 21 -18 24 28 -21 27 -23 -24 -25 -26 -27 -28 -29 29 -31
leaf_value=-0.041436762500134457 0.02977954660070194 -0.011173714107758621 0.084816736115458119 0.056868333731177736 0.40971461197201875 0.053362045858159138 -0.0097357240872921469 0.015212664086147918 0.14647193683330578 0.0088176815108006509 -0.0058007665609932308 0.43096595786783931 0.11004730708977435 0.17262757491602126 0.47285541696855254 0.02658001061324218 0.12487786504705123 0.11479951252948323 -0.031665920783892347 0.2955365575481303 0.10224050771450872 0.30096204123134229 0.034587521834261822 0.29226148144978076 0.016004181249372869 0.12037951888119579 0.21931468836627302 0.022638578813255667 0.099118441057167953 -0.010944123988695905
leaf_weight=5877.4345501177013 77.726312275975943 1426.3848380632699 14.784969497472046 227.54924768954515 65.74644935131073 20.218324545770884 803.39967280998826 526.6294607296586 121.41116816177964 21.480653956532478 79.94893803447485 54.386355936527252 58.233352996408939 138.15564531087875 35.98126095533371 8.4889146536588687 337.04631911218166 37.316309195011854 1695.7829142212868 74.56334787234664 131.24577518180013 19.530767846852541 37.877864666283131 16.513765055686235 920.48863930627704 101.87036388367414 197.00124513730407 97.082413770258427 24.54877557605505 807.00463334470987
leaf_count=180021 2172 42423 371 6274 1179 526 23887 15210 3072 591 2362 911 1431 3197 634 230 8442 992 51101 1310 3614 512 1059 407 26638 2466 4544 2750 739 24313
internal_value=-0.000136976 -0.0190867 0.178349 0.141355 0.192406 0.224449 -0.0315974 0.0164385 0.0486108 0.00477738 0.00636003 0.293851 0.072057 0.258051 0.377582 0.146327 0.0982078 0.00153847 -0.0360966 0.221508 0.0320128 0.234447 0.125223 0.166104 0.0204295 0.180544 0.205416 0.0696051 -0.0236204 -0.0071219
internal_weight=14055.8 12710.8 1345.03 1027.16 462.563 384.836 9400.74 3310.06 876.369 2433.69 995.974 317.872 192.574 263.485 50.7662 49.5003 564.596 2384.19 8404.77 212.719 754.958 28.0197 112.625 74.7471 957.805 319.09 217.22 228.328 2527.34 831.553
internal_count=413378 381352 32026 25603 10887 8715 285320 96032 24646 71386 29146 6423 5259 5512 1005 1333 14716 70053 256174 4507 21574 742 2897 1838 27630 7536 5070 6364 76153 25052
is_linear=0
shrinkage=0.05


Tree=2
num_leaves=31
num_cat=0
split_feature=10 16 16 10 22 16 16 0 10 16 0 12 19 16 0 0 16 0 14 2 19 0 3 19 10 3 7 3 6 12
split_gain=14994.2 3244.28 2533.06 1765.41 1428.96 495.448 489.939 498.743 375.74 303.265 292.075 260.15 246.356 238.453 219.624 184.04 165.145 150.241 140.098 205.648 135.244 134.705 128.85 120.854 148.249 116.167 111.988 110.763 110.052 105.963
threshold=0.072741971044315443 0.21466973886328727 0.44590643274853808 0.017192380872391083 0.2001472754050074 0.034433744438670852 0.033457488259418418 134.96000000000001 0.41707119741100329 0.025419599964933304 115.02000000000002 14105.500000000002 0.030945521007762881 0.023988184431275525 249.97500000000002 125.07000000000001 0.44590643274853808 272.07000000000005 122.50000000000001 1.0000000180025095e-35 0.032738431227085557 140.25100000000003 27.500000000000004 0.019654130267236499 0.036154800656634643 13.500000000000002 95.500000000000014 17.500000000000004 1866.5000000000002 18970.500000000004
decision_type=2 2 2 2 2 2 2 2 2 2 2 2 2 2 2 2 2 2 2 2 2 2 2 2 2 2 2 2 2 2
left_child=2 4 3 5 9 21 10 -8 13 18 23 -7 22 -6 -11 -13 -3 -9 -2 20 -20 -1 29 -5 -25 -19 -14 -23 -26 -12
right_child=1 16 -4 6 8 11 7 17 -10 14 12 15 26 -15 -16 -17 -18 25 19 -21 -22 27 -24 24 28 -27 -28 -29 -30 -31
leaf_value=-0.040933685141527676 0.015085853209811201 0.2535774479343974 0.48466474090478712 -0.025227228104982402 0.084858985462305567 -0.027298479042318764 0.026459935896516736 0.1068238687283421 0.26506646696390324 0.10826620127295115 -0.00088055998482218468 0.021306007063115234 0.20366846648789086 0.18287561247554801 0.27096966588833465 0.11512925987638215 0.43646843721487144 0.32340219725650443 0.021932338384965014 0.11552067487045199 0.086095450291247058 0.014435119567407048 0.0055755585618010844 -0.012835430380894739 -0.025451889384693671 0.033093278275958114 0.061431926932394271 -0.028986697506460036 0.030954953730669251 0.092541346587233481
leaf_weight=5747.8359164968133 125.16257764399052 49.440623857080936 19.893650624901056 907.00744860991836 97.456041425466537 169.16634225100279 369.65332095697522 73.286854304373264 128.29876496642828 381.25065021961927 47.937072832137346 159.30825497955084 12.808099601417778 274.61074882745743 19.91911082342267 75.076879974454641 78.219352807849646 14.971024397760631 195.80554120615125 192.88331327587366 142.69224522262812 158.05658396333456 1133.9621087163687 1101.8988483138382 104.84774354845285 5.6625281907618037 113.47814535349607 1663.9390874132514 414.67094448208809 77.30698724463582
leaf_count=181306 3165 720 544 27456 2026 5181 10491 1720 1734 8054 1266 4796 288 5015 436 1792 974 299 5174 4612 3209 4661 32966 33206 2926 132 2894 52370 11988 1977
internal_value=-0.000197828 0.139467 -0.0192783 -0.0202858 0.118788 -0.0342855 0.0052239 0.0535406 0.188302 0.0851718 -0.000559863 0.0194969 0.017854 0.158668 0.119581 0.0531359 0.377865 0.1534 0.0634017 0.0745354 0.0498395 -0.0371636 0.0110113 -0.0106654 -0.00246705 0.265727 0.083065 -0.0251907 0.019437 0.0581231
internal_weight=14056.5 1685.74 12370.8 12350.9 1558.08 7973.38 4377.49 463.574 500.366 1057.71 3913.92 403.551 1385.49 372.067 401.17 234.385 127.66 93.9204 656.544 531.381 338.498 7569.83 1259.21 2528.42 1621.42 20.6336 126.286 1822 519.519 125.244
internal_count=413378 35119 378259 377715 33425 250106 127609 12642 8775 24650 114967 11769 39391 7041 8490 6588 1694 2151 16160 12995 8383 238337 36209 75576 48120 431 3182 57031 14914 3243
is_linear=0
shrinkage=0.05


Tree=3
num_leaves=31
num_cat=0
split_feature=22 16 16 10 10 3 16 0 3 10 0 19 19 16 12 0 3 16 16 16 19 10 0 0 2 3 6 0 14 11
split_gain=12312.3 1962.07 1738.81 1444.74 1028.77 503.295 403.242 359.671 497.841 266.164 246.58 291.458 235.139 233.29 199.511 186.074 172.557 167.027 159.605 146.869 136.999 149.948 134.805 133.805 111.646 104.419 131.587 102.684 101.753 166.354
threshold=0.062289409495717291 0.11376262626262627 0.21466973886328727 0.017192380872391083 0.19165465898174835 1.0000000180025095e-35 0.034433744438670852 129.96000000000001 27.500000000000004 0.35457769181173443 249.97500000000002 0.022395621600541277 0.044365446367174939 0.025842852719999226 20191.500000000004 994.47500000000014 1.0000000180025095e-35 0.44590643274853808 0.015714668292029749 0.019354249736434476 0.019654130267236499 0.037708443927635525 99.960000000000022 140.25100000000003 1.0000000180025095e-35 8.5000000000000018 2016.5000000000002 108.95500000000001 1021.5000000000001 239.50000000000003
decision_type=2 2 2 2 2 2 2 2 2 2 2 2 2 2 2 2 2 2 2 2 2 2 2 2 2 2 2 2 2 2
left_child=2 4 3 6 10 27 23 20 13 19 11 -2 -10 -9 -8 -12 17 -3 -13 -6 -5 -22 -16 -1 -20 26 -25 -4 29 -15
right_child=1 16 5 7 9 -7 14 8 12 -11 15 18 -14 28 22 -17 -18 -19 24 -21 21 -23 -24 25 -26 -27 -28 -29 -30 -31
leaf_value=-0.040444013075817083 0.010305587343939462 0.1054327418337061 0.050086777932345651 -0.021646813808404219 0.028601484160768118 0.40571754865723691 -0.025807891939230016 0.03647494526444902 0.0050538219358787079 0.19401606918836356 0.1608965310268215 0.013077557462671779 0.1247658042055067 0.046121733801509419 0.003065125193388397 -0.029477215617054027 0.29129836994455172 0.26157106511402661 0.062750695747838647 0.13090552843984243 -0.0080293844815298183 0.021972039443537549 0.079133808771253561 -0.0040345209887276924 0.10273562718866457 -0.027496149579048546 0.13454271948528948 0.24279217111992168 0.060810850296976082 0.21833575066708694
leaf_weight=5530.887210406363 232.13964547030628 53.738512646406889 32.194325350224972 1018.4119312092662 42.479681804776192 22.294418971985579 171.00214222632349 104.35862597823143 954.00373945012689 216.9933824390173 98.364048842340708 99.357725389301777 37.892077814787626 22.571710493415594 107.20973117649555 13.048179917037485 136.66642414033413 33.231245432049036 432.74652305804193 353.30169533938169 1399.4940156675875 587.05259927734733 123.61214878037572 82.788903076201677 346.66140598058701 1679.967209842056 16.511521153151989 5.5223203767091027 36.480463229119778 54.217321410775185
leaf_count=181276 5993 820 773 31209 916 489 5360 2506 27314 2564 2240 2517 801 572 3157 322 1253 375 9383 6038 42064 16413 2999 2304 7101 54225 492 99 732 1071
internal_value=-0.000243971 0.112562 -0.0196577 -0.0210549 0.0950151 0.23829 -0.0339128 0.00248564 0.0254506 0.14784 0.0680383 0.0604045 0.0102299 0.0930351 0.0146974 0.138292 0.251318 0.17607 0.0735057 0.120419 -0.00678489 0.000869365 0.0446163 -0.036593 0.0810765 -0.0245423 0.024353 0.103418 0.141401 0.173629
internal_weight=14045.2 2058.73 11986.5 11926.5 1835.09 60.0111 7711.98 4214.48 1209.52 612.775 1222.32 1110.91 991.896 217.628 401.824 111.412 223.636 86.9698 878.766 395.781 3004.96 1986.55 230.822 7310.15 779.408 1779.27 99.3004 37.7166 113.269 76.789
internal_count=413378 39522 373856 372495 37074 1361 249813 122682 32996 9518 27556 24994 28115 4881 11516 2562 2448 1195 19001 6954 89686 58477 6156 238297 16484 57021 2796 872 2375 1643
is_linear=0
shrinkage=0.05


Tree=4
num_leaves=31
num_cat=0
split_feature=22 10 16 10 16 16 0 3 16 19 16 3 16 16 0 13 2 13 0 11 0 2 19 10 0 6 3 11 17 3
split_gain=10286 1496.2 1309.81 747.378 639.812 612.474 319.629 404.027 314.508 191.223 179.678 177.573 175.139 174.184 170.769 222.055 156.987 187.829 153.177 145.085 137.604 128.245 127.003 133.526 119.697 112.573 110.849 101.71 100.16 95.6087
threshold=0.062289409495717291 0.017192380872391083 0.21466973886328727 0.19165465898174835 0.21466973886328727 0.036086901657952343 129.96000000000001 27.500000000000004 0.21466973886328727 0.044365446367174939 0.015714668292029749 1.0000000180025095e-35 0.018532065472348588 0.02428284299549956 323.08450000000005 0.020806678102749769 1.0000000180025095e-35 0.079973778455017311 994.47500000000014 355.50000000000006 140.25100000000003 1.0000000180025095e-35 0.019654130267236499 0.037708443927635525 99.960000000000022 3939.5000000000005 21.500000000000004 211.50000000000003 173.50000000000003 194.50000000000003
decision_type=2 2 2 2 2 2 2 2 2 2 2 2 2 2 2 2 2 2 2 2 2 2 2 2 2 2 2 2 2 2
left_child=1 5 3 13 6 20 22 12 19 -9 -5 -6 -8 -2 15 21 -12 -18 28 -7 -1 -15 -3 -24 -21 27 -22 -14 29 -16
right_child=2 4 -4 10 11 8 7 9 -10 -11 16 -13 25 14 18 -17 17 -19 -20 24 26 -23 23 -25 -26 -27 -28 -29 -30 -31
leaf_value=-0.039889970405748598 0.034269226318941533 -0.020998370127617613 0.21626294958910397 0.03786098221846295 0.070962572793340478 -0.026586059807635083 0.014249824764259046 0.0047795314501720343 0.19167186638091341 0.10775770573549495 0.11149995446458619 0.26907507382146106 0.044400464985218636 0.0082812376144477846 0.27721991646538363 0.085293827558682755 0.23586938898303528 0.13134628728570324 -0.02647077305511894 0.0008887532752932868 0.012393485473115754 0.080512558759816943 -0.0076879006233635007 0.020455342140713262 0.06984699668727605 0.041445134663378638 -0.02796219980835642 0.16243707991472134 0.08147335256520119 0.027478937703833584
leaf_weight=5345.5839929860085 402.02691943012178 998.04895643889904 207.29316915199161 57.967078555375338 28.23654318600893 130.91048215888441 70.098684065043926 958.48359652608633 22.208603635430336 42.341647360473871 404.56509161740541 21.821956690400839 28.720521818846464 199.99053396657109 24.259521842002872 586.65490340068936 75.274575635790825 174.5819885134697 9.0134251136332733 118.50097263976932 188.09860653430223 84.589805141091347 1389.06890392676 599.09982577711344 129.50398437306285 50.448939200490713 1558.0334603302181 86.318440705537796 24.508078970015049 5.7712967395782462
leaf_count=181933 9209 31209 1757 1067 609 4206 1585 27314 423 801 5747 329 693 4937 460 10636 781 2113 225 3506 5532 1967 42064 16413 2933 1123 51703 1480 501 122
internal_value=-0.00027342 -0.0190376 0.0973902 0.0848681 0.00457215 -0.0324948 0.00236127 0.023687 0.027347 0.00965021 0.126253 0.173918 0.0818788 0.062426 0.0742888 0.0677617 0.133736 0.166846 0.152299 0.0153449 -0.0358965 0.030771 -0.00649327 0.000822612 0.0375663 0.109268 -0.023592 0.136045 0.181586 0.239997
internal_weight=14022 11765.5 2256.5 2049.2 4272.69 7492.84 4222.63 1236.41 401.124 1000.83 712.389 50.0585 235.587 1336.81 934.788 871.235 654.422 249.857 63.5523 378.915 7091.72 284.58 2986.22 1988.17 248.005 165.488 1746.13 115.039 54.5389 30.0308
internal_count=413378 373856 39522 37765 123620 250236 122682 32996 11068 28115 9708 938 4881 28057 18848 17540 8641 2894 1308 10645 239168 6904 89686 58477 6439 3296 57235 2173 1083 582
is_linear=0
shrinkage=0.05


Tree=5
num_leaves=31
num_cat=0
split_feature=22 10 16 16 10 16 6 6 0 0 10 19 0 0 12 19 3 0 0 3 3 6 6 17 12 16 16 3 0 19
split_gain=8733.17 1384.9 983.798 576.399 567.395 493.703 301.513 247.051 229.253 197.387 188.588 145.374 136.7 134.395 131.108 130.72 126.502 122.499 116.361 108.801 105.143 126.963 104.463 104.841 103.816 101.681 88.5289 86.0473 83.6835 98.013
threshold=0.060353500312218145 0.017192380872391083 0.11376262626262627 0.036086901657952343 0.25025879917184274 0.033457488259418418 13.500000000000002 22.500000000000004 166.99500000000003 115.02000000000002 0.13598866855524083 0.11102955998086088 140.25100000000003 249.97500000000002 21836.500000000004 0.019371184385335562 1.0000000180025095e-35 267.97500000000008 47.955000000000005 1.0000000180025095e-35 8.5000000000000018 2016.5000000000002 3206.5000000000005 1012.5000000000001 25472.500000000004 0.019354249736434476 0.44590643274853808 101.50000000000001 224.09500000000003 0.085903592676756915
decision_type=2 2 2 2 2 2 2 2 2 2 2 2 2 2 2 2 2 2 2 2 2 2 2 2 2 2 2 2 2 2
left_child=1 3 4 12 10 9 16 -5 -8 22 13 -11 -1 15 -9 -2 -7 24 -6 26 21 -14 -3 -24 -16 -12 -4 -25 29 -27
right_child=2 5 19 7 18 6 8 14 -10 11 25 -13 20 -15 17 -17 -18 -19 -20 -21 -22 -23 23 27 -26 28 -28 -29 -30 -31
leaf_value=-0.039383076800557283 -0.0070553409480664563 -0.030844159143644908 0.074263001779521581 0.15411402337784572 0.085671125541224122 0.072176291701350537 0.019085556060504227 -0.023588301508641867 0.10981661719927752 0.01089151645494019 0.022530824207429575 0.15058826033350226 -0.0042909244061285715 0.092128946649909269 0.061335133097715148 0.044429058626985249 0.24324430564549313 0.1451130714879475 0.14148931894731742 0.19446772992147088 -0.026122714919962667 0.12334116016481461 -0.0089651189465908537 0.092486259933963422 -0.0067433313788043793 0.047304354260432696 0.17169199669594459 0.0098662215778653299 0.14789168239703424 0.089434096556970544
leaf_weight=5148.7449166271836 153.6057154648006 511.41439117304981 67.712920464575291 29.285474387928843 187.07109958678484 28.726701356470585 373.97680401057005 143.1993234436959 81.483290363103151 1357.1406304500997 85.1658587269485 13.924638770520685 85.301697514951229 112.47908397391438 96.635049562901258 594.93595396354795 21.576877452433109 18.527194358408451 291.32919035106897 189.23849909007549 1602.5132738593966 20.134711969643831 1710.3507377542555 39.724174585193396 122.75714629143476 222.43635918945074 47.849202364683151 111.60945379734039 45.936332568526268 475.79397457093
leaf_count=181933 3892 15533 835 582 2096 644 9813 4665 1281 37543 1980 222 2346 2186 2355 12481 327 335 2975 1267 54369 520 53099 1105 3131 4112 380 3089 752 7530
internal_value=-0.000290817 -0.0186062 0.0848521 -0.0318582 0.0727147 0.0040647 0.0501783 0.0254559 0.0363338 -0.00222295 0.0587969 0.0128523 -0.0353047 0.0419837 0.0137021 0.0338874 0.160911 0.03617 0.120774 0.168646 -0.0229312 0.0245632 -0.0109414 -0.00540609 0.0239415 0.0758962 0.120052 0.0338178 0.0818125 0.0764445
internal_weight=13990.6 11517 2473.55 7267.1 2168.75 4249.93 505.764 410.404 455.46 3744.16 1690.35 1371.07 6856.69 861.021 381.119 748.542 50.3036 237.919 478.4 304.801 1707.95 105.436 2373.1 1861.68 219.392 829.333 115.562 151.334 744.167 698.23
internal_count=413378 372892 40486 250236 38004 122656 12065 11068 11094 110591 32933 37765 239168 18559 10486 16373 971 5821 5071 2482 57235 2866 72826 57293 5486 14374 1215 4194 12394 11642
is_linear=0
shrinkage=0.05


Tree=6
num_leaves=31
num_cat=0
split_feature=10 16 16 10 22 16 12 1 0 10 0 0 19 5 17 12 2 16 6 16 3 0 0 20 16 3 13 14 22 19
split_gain=7577.32 1014.78 964.23 825.731 653.922 400.174 243.135 241.586 213.375 210.888 177.531 176.905 206.372 128.44 122.089 120.655 114.5 114.11 110.23 109.27 106.972 102.963 102.783 87.3931 86.2287 84.8728 83.7533 80.4844 87.1842 80.4131
threshold=0.048616150620867611 0.036086901657952343 0.11376262626262627 0.013759807080363255 0.14089653440482172 0.44590643274853808 15702.500000000002 1.0000000180025095e-35 267.97500000000008 0.41707119741100329 115.02000000000002 299.98500000000007 0.02261228844892248 1716.5000000000002 385.50000000000006 25472.500000000004 1.0000000180025095e-35 0.019354249736434476 1866.5000000000002 0.025921333331581028 19.500000000000004 40.008500000000005 137.97300000000004 160.50000000000003 0.018532065472348588 21.500000000000004 0.05228211218710032 507.50000000000006 0.024592308550153989 0.030945521007762881
decision_type=2 2 2 2 2 2 2 2 2 2 2 2 2 2 2 2 2 2 2 2 2 2 2 2 2 2 2 2 2 2
left_child=1 3 4 22 11 6 -3 9 15 17 27 12 -2 -4 16 21 19 -6 -18 -14 24 -8 -1 -20 -12 -24 -11 -5 -29 -22
right_child=2 5 13 10 7 -7 8 -9 -10 26 20 -13 14 -15 -16 -17 18 -19 23 -21 29 -23 25 -25 -26 -27 -28 28 -30 -31
leaf_value=-0.039927609866337421 -0.0024686260504950975 -0.01889849837192183 0.15659347518009792 -0.032423730995456673 0.018710382944564789 0.18095216620024435 -0.0028600466934519033 0.18993043108599003 0.14429574188130218 0.14446303636259214 0.0097813361584630082 0.081984084275151525 0.01933532485728022 0.058772101682372985 0.026469594135883068 0.012058297726891267 0.0069893729682880398 0.073737662234424864 0.13729773906444995 0.12128798239079459 -0.001380450261059633 0.079913994891557524 0.0081665283999643803 -0.023816742774666923 0.087197435257581224 -0.028942430041493661 0.065875683718369424 -0.021408876474604318 -0.00038794107232780276 0.04071191032149301
leaf_weight=4533.8630055803806 401.0082850381732 223.12741705216467 311.50576598569751 509.68035336397588 108.30887795984745 38.592174455523491 48.038426384329796 47.675906077027321 42.583622884005308 150.48937427252531 75.53689831122756 163.55013863742352 147.17628195881844 46.60460702329874 544.19428792595863 301.02922224253416 25.351532127708197 1009.912588045001 93.505456876009703 27.783576957881451 1182.0875609386712 162.00386588461697 171.62616090476513 7.7217266634106627 66.24795226380229 1353.1077971924096 60.460591696202755 917.91611193865538 1059.9317043479532 120.48007376119494
leaf_count=166596 10691 6850 2249 16342 2274 446 1289 524 580 1145 1747 3391 3502 618 11280 7459 541 14447 2069 539 34629 3563 5010 199 1484 47431 520 30763 32432 2768
internal_value=-0.000294819 -0.020179 0.0679432 -0.0245591 0.0578203 0.0333109 0.0248653 0.0823078 0.0425138 0.0777502 -0.00670312 0.0337072 0.0270719 0.144848 0.0410109 0.0327173 0.0663941 0.0685148 0.102096 0.0384454 0.00722406 0.0613566 -0.0361321 0.124465 0.0476916 -0.0247524 0.123986 -0.014788 -0.0101731 0.00265364
internal_weight=13951.1 10805.9 3145.25 9990.48 2787.14 815.375 776.783 1376.85 553.655 1329.17 3931.88 1410.29 1246.74 358.11 845.733 511.072 301.539 1118.22 126.579 174.96 1444.35 210.042 6058.6 101.227 141.785 1524.73 210.95 2487.53 1977.85 1302.57
internal_count=413378 359389 53989 339202 51122 20187 19741 18910 12891 18386 120165 32212 28821 2867 18130 12311 6850 16721 2809 4041 40628 4852 219037 2268 3231 52441 1665 79537 63195 37397
is_linear=0
shrinkage=0.05


Tree=7
num_leaves=31
num_cat=0
split_feature=10 10 16 22 16 16 10 15 0 6 0 19 0 12 3 19 16 0 3 3 16 12 12 12 16 11 14 22 18 3
split_gain=6605.79 960.574 754.936 517.383 449.326 367.454 184.042 178.631 162.771 147.383 140.835 180.173 133.806 121.262 119.862 105.083 96.9967 96.0746 93.5533 88.9237 84.5755 83.13 81.6363 84.6276 80.6724 78.2631 76.8208 81.1963 73.5507 73.1117
threshold=0.048616150620867611 0.013759807080363255 0.11376262626262627 0.14089653440482172 0.033457488259418418 0.036086901657952343 0.35457769181173443 30.500000000000004 115.02000000000002 17.500000000000004 299.98500000000007 0.020266055955760195 149.96000000000001 21836.500000000004 1.0000000180025095e-35 0.13727511051711735 0.019354249736434476 137.97300000000004 30.500000000000004 1.0000000180025095e-35 0.44590643274853808 25472.500000000004 19771.500000000004 23454.500000000004 0.023487341688230644 3812.5000000000005 507.50000000000006 0.024592308550153989 4511.5000000000009 52.500000000000007
decision_type=2 2 2 2 2 2 2 2 2 2 2 2 2 2 2 2 2 2 2 2 2 2 2 2 2 2 2 2 2 2
left_child=1 4 3 10 17 8 16 19 26 -6 11 -2 -9 -11 20 24 -5 -1 22 -7 -4 -15 -10 -24 -13 -26 -3 -28 -27 -12
right_child=2 5 14 6 9 7 -8 12 18 13 29 15 -14 21 -16 -17 -18 -19 -20 -21 -22 -23 23 -25 25 28 27 -29 -30 -31
leaf_value=-0.039586738308118652 -0.0074248033429256651 -0.03178345011031037 0.051174331514929686 0.016892102626209469 0.11624876335748356 0.050626006840985276 0.10680844434098738 0.0096371526959636387 0.00028613974186576997 -0.024117120993429456 0.13864794020720331 -0.0014045070728654248 0.07309516171531126 0.059774073807871475 0.14958919128466436 0.15746377733762443 0.067988816114551806 -0.024641041192048456 0.0018907737571472322 0.1897480832117597 0.13074738036398409 0.0020250102113770533 0.123130903283724 0.03059529113283297 0.052397930815730215 0.073527637759576478 -0.020765847151577234 -0.00036877200397524387 0.0097019893425105835 0.054140155627775771
leaf_weight=4331.3651046492159 317.6812727637589 494.44171200878918 90.240036405622959 106.29408859834075 29.051709819585085 27.86656941473484 327.12121994048357 275.36200378462672 78.94210360199213 170.1066183950752 31.259672846645117 141.19097103178501 115.1445593982935 116.70487225241959 237.97394135221839 12.818565979599951 1033.580169621855 1475.9783957209438 1266.1707233916968 23.298480980098248 61.399925746023655 128.45356509275734 37.345113430172205 70.923904391005635 476.83259346708655 49.376456797122955 899.65010095573962 1059.5485418066382 278.83079182729125 144.53480761870742
leaf_count=165332 8629 16342 1058 2234 461 561 2564 7406 1980 5812 424 3269 1703 2480 1397 194 14112 52039 36344 279 412 3151 707 1597 9602 1070 30763 32432 6057 2967
internal_value=-0.000305576 -0.0195605 0.0613112 0.0524161 -0.0321058 -0.0015092 0.0733461 0.0414563 -0.00641304 0.0162034 0.0310984 0.025125 0.0290359 0.00790447 0.126457 0.0358896 0.0633186 -0.0358126 0.00683252 0.125229 0.086539 0.030161 0.0393366 0.0665399 0.0334236 0.0395029 -0.0142568 -0.00976398 0.0202634 0.0725861
internal_weight=13909.5 10600.4 3309.13 2919.52 6251.66 4348.69 1467 441.672 3907.02 444.317 1452.53 1276.73 390.507 415.265 389.614 959.049 1139.87 5807.34 1453.38 51.1651 151.64 245.158 187.211 108.269 946.231 805.04 2453.64 1959.2 328.207 175.794
internal_count=413378 359389 53989 51122 229275 130114 18910 9949 120165 11904 32212 28821 9109 11443 2867 20192 16346 217371 40628 840 1470 5631 4284 2304 19998 16729 79537 63195 7127 3391
is_linear=0
shrinkage=0.05


Tree=8
num_leaves=31
num_cat=0
split_feature=10 10 16 22 16 16 1 10 0 15 11 0 19 19 16 19 0 0 3 16 3 5 14 13 3 16 16 3 17 3
split_gain=5807.17 866.908 655.326 459.807 426.861 301.873 194.929 165.192 144.494 140.205 129.885 123.823 131.244 110.724 106.384 106.366 103.569 95.6412 77.422 76.6541 74.3248 86.0236 70.178 77.4539 78.1525 69.546 66.9456 66.6627 65.2363 65.1717
threshold=0.046516983921245168 0.013759807080363255 0.21466973886328727 0.10008488964346351 0.033457488259418418 0.036086901657952343 1.0000000180025095e-35 0.60303030303030314 115.02000000000002 30.500000000000004 134.50000000000003 137.97300000000004 0.019867692685255556 0.034179925434222089 0.11376262626262627 0.015652326843964583 149.96000000000001 137.97300000000004 30.500000000000004 0.018532065472348588 99.500000000000014 81.500000000000014 507.50000000000006 0.020689631456908643 76.500000000000014 0.023552592621013353 0.017412080491015714 8.5000000000000018 242.50000000000003 19.500000000000004
decision_type=2 2 2 2 2 2 2 2 2 2 2 2 2 2 2 2 2 2 2 2 2 2 2 2 2 2 2 2 2 2
left_child=1 4 3 11 17 8 7 15 22 -7 -6 12 -2 29 -12 -5 -11 -1 26 -17 -21 28 -3 -24 -25 -14 -10 -19 -22 -13
right_child=2 5 -4 6 10 9 -8 -9 18 16 14 13 25 -15 -16 19 -18 27 -20 20 21 -23 23 24 -26 -27 -28 -29 -30 -31
leaf_value=-0.039082894503194188 -0.020021987260347904 -0.031364886173254135 0.12193826611876767 0.0074331015301505668 -0.02935195927890169 0.10898652811493306 0.14245337394014831 0.11119330341346137 0.0016086124246733947 0.0080821769020751472 0.020613341010484777 0.081887532105821378 -0.011769100072624036 0.11833437211381792 0.10972526918673092 0.021425652672701301 0.063593412689009796 0.016424515032488329 0.0014314036859593817 0.072721524949315997 0.096889756089688903 0.037043373682334062 -0.013570992391006648 0.06886936242161508 0.0011262665438951727 0.031278640432323014 0.061274706364215815 -0.026788336897594307 0.042835525133775032 0.024691829898417651
leaf_weight=4171.9678431451321 212.28625943884254 468.07999189943075 325.32612201943994 112.23972847685218 116.49144130013883 54.051117807626724 71.372345749288797 142.13841390609741 83.008799888193607 270.06831433437765 300.13933315873146 60.099669467657804 108.75705288723111 45.498075123876333 33.376590801402926 138.11687327548862 118.16522665321827 92.301276141777635 1231.2693841736764 757.91625130176544 136.62776098027825 505.86192095652223 1666.6358290109783 50.543568359687924 183.08118854276836 587.49082429334521 104.246850958094 1349.8218090962619 114.76948893070221 249.85579727590084
leaf_count=165332 6374 15964 2015 1791 4064 821 681 847 1908 7211 7321 927 2643 672 519 2816 1651 2536 35364 9058 1726 7375 55119 1430 5435 12687 2253 49503 1474 5861
internal_value=-0.000305883 -0.0193624 0.0546145 0.0476836 -0.0314723 -0.00198153 0.062718 0.0593703 -0.00656182 0.0368701 0.0152411 0.0239895 0.0140586 0.0488256 0.0310202 0.0548959 0.0255717 -0.0352269 0.00604502 0.058086 0.0613463 0.0495589 -0.0141096 -0.00978799 0.0169181 0.0245184 0.035555 -0.0239754 0.0735291 0.0369059
internal_weight=13861.6 10293.2 3568.36 3243.03 6064.1 4229.15 1979.04 1907.67 3786.87 442.285 450.007 1263.99 908.534 355.454 333.516 1765.53 388.234 5614.09 1418.53 1653.29 1515.18 757.259 2368.34 1900.26 233.625 696.248 187.256 1442.12 251.397 309.955
internal_count=413378 356431 56947 54932 229275 127156 25768 25087 117473 9683 11904 29164 21704 7460 7840 24240 8862 217371 39525 22449 19633 10575 77948 61984 6865 15330 4161 52039 3200 6788
is_linear=0
shrinkage=0.05


Tree=9
num_leaves=31
num_cat=0
split_feature=10 10 16 13 10 16 19 3 16 16 4 11 15 1 22 16 10 15 13 3 19 3 12 16 19 17 3 15 2 21
split_gain=5122.13 823.994 567.982 417.715 413.398 267.529 154.614 143.851 157.888 141.903 131.025 123.597 117.889 98.7554 93.4409 84.7261 78.6445 77.1078 94.8055 73.8353 69.3529 66.1068 77.1745 66.0492 76.2941 65.6959 81.3936 64.0232 62.3791 71.6453
threshold=0.046516983921245168 0.013759807080363255 0.44590643274853808 0.020806678102749769 0.18391408604683471 0.032389305710249498 0.029008965978254319 13.500000000000002 0.0234112886230128 0.11376262626262627 6.5000000000000009 150.50000000000003 24285.500000000004 1.0000000180025095e-35 0.027125888829676936 0.014358362038603937 0.60303030303030314 9864.5000000000018 0.044595188151638369 1.0000000180025095e-35 0.010737774617709091 8.5000000000000018 20191.500000000004 0.0081223772978949779 0.030945521007762881 941.50000000000011 1.0000000180025095e-35 87.500000000000014 1.0000000180025095e-35 949.50000000000011
decision_type=2 2 2 2 2 2 2 2 2 2 2 2 2 2 2 2 2 2 2 2 2 2 2 2 2 2 2 2 2 2
left_child=1 3 4 21 6 14 7 8 -2 17 -8 -7 19 16 -3 -12 20 -5 -19 -13 -6 22 -1 -16 -25 -17 -27 -21 -9 -30
right_child=2 5 -4 9 13 11 10 28 -10 -11 15 12 -14 -15 23 25 -18 18 -20 27 -22 -23 -24 24 -26 26 -28 -29 29 -31
leaf_value=-0.028376394036719488 -0.0061631231656829252 -0.014128011068331281 0.12790638718167185 -0.021202932053143424 -0.01608222177181946 -0.021477218021914993 0.076012187877554413 -0.0030344990775468248 0.094595269253255357 0.097212399371152947 -0.0038510927627776817 0.020497652445712982 0.0075210124155095526 0.13497238484595711 -0.034138620670020665 0.016015682951292576 0.099973979135545551 0.034476518702351591 -0.01182629918447454 0.13464036499864851 0.062111868746208193 -0.037044043750157137 0.037023536667831362 -0.00037962107627409849 0.028797629110742681 0.0080524318879421838 0.054154388661114494 0.060459339598402877 0.040610877308327409 -0.0057949333164683536
leaf_weight=133.20879673585296 58.815240278840065 1950.4062396306545 216.09543339908123 281.14539313875139 27.384848449379206 88.195067977532744 255.62259434536099 466.21426810510457 106.45278384909034 33.755372134968638 117.90130008012056 81.946279175579548 157.07355358637869 54.955651812255383 114.36713847331703 217.64368115738034 152.52140869572759 223.64048255048692 210.32200938649476 39.147793726995587 892.08462804928422 4941.2804925553501 62.094090135768056 1370.9861330688 262.78624629415572 113.84175695106387 668.78237339481711 153.93209526874125 234.17998724617064 125.78619493916631
leaf_count=4912 1380 64563 1082 9693 339 2509 4284 10992 1749 462 2804 1691 3624 368 3544 3702 860 5458 7402 486 9399 199279 2069 40820 6714 1540 9765 3205 5298 3385
internal_value=-0.000307474 -0.0187541 0.0499133 -0.0308349 0.0449111 -0.00188435 0.0329179 0.0177381 0.0596096 0.00402811 0.0437689 0.031511 0.0424483 0.0698259 -0.00661846 0.0360923 0.065875 -0.00101493 0.0121565 0.0619056 0.0597086 -0.0359166 -0.00717816 0.00177637 0.00438698 0.0407961 0.047542 0.0785188 0.00905401 0.0245376
internal_weight=13812.6 10104.3 3708.28 5885.45 3492.19 4218.84 2365.24 991.448 165.268 748.863 1373.79 520.295 432.1 1126.95 3698.55 1118.17 1071.99 715.108 433.962 275.026 919.469 5136.58 195.303 1748.14 1633.77 1000.27 782.624 193.08 826.18 359.966
internal_count=413378 356431 56947 229275 55865 127156 44899 22804 3129 23015 22095 11515 9006 10966 115641 17811 10598 22553 12860 5382 9738 206260 6981 51078 47534 15007 11305 3691 19675 8683
is_linear=0
shrinkage=0.05


Tree=10
num_leaves=31
num_cat=0
split_feature=22 22 16 13 22 16 16 19 11 17 3 6 15 2 13 22 7 17 15 13 21 20 3 12 19 1 14 19 3 9
split_gain=4521.06 817.019 461.154 404.675 316.852 252.785 123.137 115.677 115.13 114.996 114.89 133.601 100.135 98.0507 104.918 91.3687 82.5856 82.2442 70.0185 83.8839 67.5462 75.7692 65.9617 73.3787 62.3613 62.1437 59.7325 66.147 59.4672 58.6149
threshold=0.048389825882866659 0.013999621642073403 0.44590643274853808 0.020806678102749769 0.18426185233888767 0.032389305710249498 0.11376262626262627 0.029008965978254319 150.50000000000003 182.50000000000003 30.500000000000004 2164.5000000000005 24285.500000000004 1.0000000180025095e-35 0.079973778455017311 0.023814249796782549 895.50000000000011 398.50000000000006 9864.5000000000018 0.044595188151638369 224.50000000000003 108.50000000000001 8.5000000000000018 20191.500000000004 0.093348951768514224 1.0000000180025095e-35 29.500000000000004 0.030945521007762881 1.0000000180025095e-35 572.50000000000011
decision_type=2 2 2 2 2 2 2 2 2 2 2 2 2 2 2 2 2 2 2 2 2 2 2 2 2 2 2 2 2 2
left_child=1 3 4 22 7 15 18 10 -7 20 11 -2 28 -6 -15 -3 -11 -13 -5 -20 -9 -22 23 -1 -16 29 -17 -28 -10 -18
right_child=2 5 -4 6 13 8 -8 9 12 16 -12 17 -14 14 24 26 25 -19 19 -21 21 -23 -24 -25 -26 -27 27 -29 -30 -31
leaf_value=-0.027921597781729431 0.0080444925933000049 -0.015363752587439354 0.11562703900167388 -0.020394160133900816 0.05101177980112357 -0.0206823033747707 0.087040099880241723 0.047945592413513621 0.020648915256152686 0.0039470342316258039 0.0073316614058807506 0.10636034280298533 0.008398846086988758 0.11950268081694614 0.021981491519064766 -0.02875551956367561 0.051603293494852848 0.0040291106260040869 0.031781487441757822 -0.011224055115185686 0.13078911759766135 -0.00011761840406101972 -0.036381609105895302 0.035056452146297747 0.076196885781865883 0.10443246101645332 -0.00098846053724148462 0.023622394470453171 0.071606383803159257 0.026406481605361999
leaf_weight=130.79167212545872 110.06588768772781 1505.1715987082571 224.44187305122614 278.79468606971204 718.24307521060109 89.072099907323718 37.068728763610125 115.84062082879245 85.043984906747937 190.05894466303289 701.10597111470997 89.050381241366267 161.15871369093657 133.59654839336872 73.257876753807068 156.15365542285144 415.21623648330569 25.326245618984103 232.4870180208236 213.24804459884763 67.090603139251471 13.044951494783161 4802.6910668052733 65.26738091930747 252.48297388106585 32.619026210159063 1751.0444445740432 318.377725020051 210.68848714791238 564.01330291479826
leaf_count=4950 2347 51363 1071 9782 7108 2556 469 1853 1720 3144 16469 1428 3668 926 745 4954 5787 394 5511 7516 983 215 200177 2094 2141 381 52735 8000 3761 9130
internal_value=-0.000309694 -0.0177699 0.0466921 -0.0300533 0.0421143 -0.00120954 0.00387683 0.0312902 0.0304084 0.0403662 0.0174392 0.0481649 0.0404847 0.0632483 0.0816266 -0.00587106 0.0343098 0.0848191 -0.000945392 0.0113106 0.075732 0.110724 -0.0352215 -0.006606 0.0645207 0.0399655 0.000568964 0.0028457 0.0575395 0.0372984
internal_weight=13762.5 10037.1 3725.45 5760.35 3501.01 4276.71 761.598 2323.43 545.963 1397.88 925.548 224.443 456.891 1177.58 459.337 3730.75 1201.91 114.377 724.53 445.735 195.976 80.1356 4998.75 196.059 325.741 1011.85 2225.58 2069.42 295.732 979.23
internal_count=413378 359256 54122 230499 53051 128757 23278 42131 11705 21493 20638 4169 9149 10920 3812 117052 18442 1822 22809 13027 3051 1198 207221 7044 2886 15298 65689 60735 5481 14917
is_linear=0
shrinkage=0.05


Tree=11
num_leaves=31
num_cat=0
split_feature=10 10 16 13 22 16 3 10 0 0 0 19 0 16 0 3 6 6 6 19 0 19 11 2 19 4 16 3 1 3
split_gain=4040.01 689.499 472.898 383.973 301.996 201.758 151.398 128.546 123.441 118.852 115.787 111.859 107.137 103.411 86.7035 82.4163 78.745 78.2086 72.0927 69.0092 70.2673 67.9827 64.1839 61.1412 58.2843 57.8339 57.5358 56.5882 53.1529 49.74
threshold=0.043705072301430455 0.013759807080363255 0.059567444225428423 0.020806678102749769 0.10008488964346351 0.032389305710249498 1.0000000180025095e-35 0.35457769181173443 140.25100000000003 125.07000000000001 115.02000000000002 0.019867692685255556 221.97000000000003 0.11376262626262627 129.96000000000001 7.5000000000000009 1866.5000000000002 1967.5000000000002 22.500000000000004 0.015977340758330499 224.09500000000003 0.030270793944143889 140.50000000000003 1.5000000000000002 0.017802699514499705 7.5000000000000009 0.44590643274853808 19.500000000000004 1.0000000180025095e-35 11.500000000000002
decision_type=2 2 2 2 2 2 2 2 2 2 2 2 2 2 2 2 2 2 2 2 2 2 2 2 2 2 2 2 2 2
left_child=1 3 4 12 8 10 26 19 11 22 24 -2 -1 14 -5 -14 -13 -16 -11 -6 28 27 -7 -18 -3 -22 -4 -10 -21 -12
right_child=2 5 6 13 7 9 -8 -9 21 18 29 16 15 -15 17 -17 23 -19 -20 20 25 -23 -24 -25 -26 -27 -28 -29 -30 -31
leaf_value=-0.03789882768371565 -0.021042697134619946 -0.027381843753857479 0.030650834408755562 -0.011405387125727565 0.00050531302792339956 -0.037232512669302456 0.10214699356153685 0.072250123623596868 0.064447004937961447 0.15889602114894089 0.03921524946543916 -0.018479014751754074 0.072053634980567161 0.078033225957203189 -0.0093347369945815141 -0.019902785680201429 0.014379581641810166 0.054602607485606115 0.048373042918463116 0.037362959039669706 0.11275319854465944 0.07964318454953867 0.019544867424124951 0.05005444635409996 -0.008815204202898724 0.037285671143395233 0.083105082181530496 0.017730132701859972 0.091155441193591785 0.0022623188429145096
leaf_weight=4080.5985444057733 263.40237333066761 571.92778122797608 161.79100162163377 524.90318783558905 104.08361630886793 54.446275046095252 363.96499141305685 388.05632244050503 80.815740771591663 13.349032159894703 93.469715118408203 129.28260694071651 20.416177229955792 38.991753492504358 80.790101610124111 700.53513857349753 466.01919056847692 107.8713739681989 141.61874709278345 1408.2611172609031 60.28857770934701 77.538946729153395 307.60211856104434 160.2202644534409 1614.9288586508483 53.405163630843163 80.745227225124836 293.6632232144475 45.31824092566967 1222.3737601153553
leaf_count=177411 7976 20495 1742 18267 1716 1780 2239 2488 1099 101 1948 3053 551 462 2362 28298 9665 1924 1937 18446 673 1042 7120 3271 53588 662 422 6895 437 35308
internal_value=-0.000306976 -0.0181477 0.0409534 -0.0295549 0.033857 -0.00236904 0.0816463 0.0462035 0.0164731 0.026636 -0.00668219 0.0067522 -0.0347547 0.00363182 -0.000948429 -0.0168204 0.0165172 0.0276887 0.0625625 0.0399585 0.0425687 0.038072 0.0106156 0.023831 -0.0137223 0.0803679 0.0494398 0.0285283 0.0393468 0.00502575
internal_weight=13710.7 9573.82 4136.86 5554.11 3530.36 4019.72 606.501 2059.41 1470.94 517.016 3502.7 1018.92 4801.55 752.556 713.565 720.951 755.522 188.661 154.968 1671.36 1567.27 452.018 362.048 626.239 2186.86 113.694 242.536 374.479 1453.58 1315.84
internal_count=413378 351552 61826 229275 57423 122277 4403 24422 33001 10938 111339 23965 206260 23015 22553 28849 15989 4286 2038 21934 20218 9036 8900 12936 74083 1335 2164 7994 18883 37256
is_linear=0
shrinkage=0.05


Tree=12
num_leaves=31
num_cat=0
split_feature=10 10 16 16 22 0 3 11 10 0 0 19 3 1 12 16 19 2 0 6 3 19 19 10 20 3 16 3 16 2
split_gain=3611.53 606.555 444.118 361.02 310.703 160.44 210.719 107.875 105.963 98.1678 95.7701 106.206 90.4781 88.7418 84.6118 85.1785 80.418 78.079 82.6346 77.7479 81.4072 76.3745 63.3291 59.1235 53.4652 52.8834 51.7371 59.0603 49.9793 63.749
threshold=0.041435363518302487 0.013759807080363255 0.11376262626262627 0.032389305710249498 0.10008488964346351 115.02000000000002 6.5000000000000009 134.50000000000003 0.60303030303030314 115.02000000000002 140.25100000000003 0.019867692685255556 1.0000000180025095e-35 1.0000000180025095e-35 27541.500000000004 0.019354249736434476 0.024823774550133976 1.0000000180025095e-35 224.09500000000003 33.500000000000007 1.0000000180025095e-35 0.036040424252796396 0.012122108130387258 0.0069208942126782321 1.0000000180025095e-35 19.500000000000004 0.018532065472348588 1.0000000180025095e-35 0.014358362038603937 1.0000000180025095e-35
decision_type=2 2 2 2 2 2 2 2 2 2 2 2 2 2 2 2 2 2 2 2 2 2 2 2 2 2 2 2 2 2
left_child=1 3 4 9 10 16 14 -5 13 -1 11 -2 -4 22 15 -7 -3 18 19 20 -9 25 -6 -11 -19 -12 27 -24 -13 -30
right_child=2 5 12 7 8 6 -8 17 -10 23 21 28 -14 -15 -16 -17 -18 24 -20 -21 -22 -23 26 -25 -26 -27 -28 -29 29 -31
leaf_value=-0.038020189002319793 -0.017853303870084814 -0.018687511479680449 0.052638539439838497 -0.026787762682639396 -0.008901040246917789 0.02455799979606282 0.0037529633136694179 0.025257232685922185 0.080465412308795642 -0.027739472081838679 0.055757536848593775 -0.020097833675779081 0.098972441584486648 0.092633618585305361 -0.0091800250836980412 0.11480451744390041 -0.00027622544314044302 -0.041167080996252423 0.11051145617615572 0.015772149944323924 0.18830509696997597 0.080786172707958681 0.036903786822487253 -0.0041554698224193706 0.029817394363432018 0.015403113303908041 0.041944868689504575 -0.022893813995868387 0.0050850126001262584 0.033695597325223724
leaf_weight=3291.9038927741349 312.33973257988691 1364.5482213888317 195.38375925272703 132.84385739825666 68.445491719990969 43.721073223277926 1264.846626309678 20.166544413194064 177.1350465118885 1262.7216371055692 102.09560680761933 82.702096359804273 298.00549322739244 74.41036793962121 29.217610225081444 75.173367004841566 1046.4039240535349 59.536248110234737 30.511247433722019 212.48558004945517 9.5179842859506589 66.926815152168274 92.314824361354113 338.70524748414755 40.460749931633472 364.74738767743111 1751.1686972379684 67.295542106032372 378.80782279372215 400.17863178439438
leaf_count=149375 9739 47751 1533 5193 1056 935 35388 302 881 52436 1325 2153 1449 596 417 858 31926 1395 441 5227 93 796 1788 13862 951 8480 19837 1102 8005 8088
internal_value=-0.00029996 -0.018124 0.03677 -0.0289077 0.0310911 -0.00288112 0.0104744 0.0112244 0.043366 -0.0330609 0.0149776 0.00693471 0.0813362 0.0399783 0.0658775 0.0839485 -0.0107137 0.0249493 0.03862 0.0275101 0.0971456 0.0324393 0.0377703 -0.0227799 -0.0123932 0.0247257 0.0394609 0.0117621 0.0159709 0.0199039
internal_weight=13654.7 9222.76 4431.96 5398.85 3938.57 3823.91 1412.96 505.522 2230.77 4893.33 1707.8 1174.03 493.389 2053.63 148.112 118.894 2410.95 372.678 272.681 242.17 29.6845 533.77 1979.22 1601.43 99.997 466.843 1910.78 159.61 861.689 778.986
internal_count=413378 346550 66828 229275 63846 117275 37598 13602 25260 215673 38586 27985 2982 24379 2210 1793 79677 8409 6063 5622 395 10601 23783 66298 2346 9805 22727 2890 18246 16093
is_linear=0
shrinkage=0.05


Tree=13
num_leaves=31
num_cat=0
split_feature=22 10 13 10 16 0 16 0 0 13 19 17 0 16 12 12 13 0 1 16 12 12 19 21 10 17 18 0 0 0
split_gain=3263.31 590.114 479.52 309.734 215.071 180.132 172.848 127.009 101.992 111.814 108.602 129.734 94.5498 82.9098 82.155 88.0077 102.355 81.7573 79.8251 77.72 70.19 153.097 65.5362 60.7125 58.827 58.2615 61.1048 57.7784 51.6037 51.4336
threshold=0.030888588192283347 0.10181640058780604 0.021829853463734897 0.0098024874080703105 0.44590643274853808 129.96000000000001 0.44590643274853808 115.02000000000002 58.955000000000005 0.020473383420696 0.030270793944143889 211.50000000000003 224.09500000000003 0.21466973886328727 4249.0000000000009 24672.500000000004 0.037475624110421976 216.25000000000003 1.0000000180025095e-35 0.023467114584141403 20191.500000000004 27125.500000000004 0.019867692685255556 265.50000000000006 0.25025879917184274 188.50000000000003 4916.5000000000009 994.47500000000014 170.99500000000003 500.01500000000004
decision_type=2 2 2 2 2 2 2 2 2 2 2 2 2 2 2 2 2 2 2 2 2 2 2 2 2 2 2 2 2 2
left_child=2 4 3 17 8 13 12 -5 9 -2 20 23 18 -4 -7 -16 -17 -1 22 -11 -10 28 -3 -12 -24 26 -23 -14 -22 -25
right_child=1 6 5 7 -6 14 -8 -9 10 19 11 -13 27 -15 15 16 -18 -19 -20 -21 21 25 24 29 -26 -27 -28 -29 -30 -31
leaf_value=-0.038599788763496415 -0.017640731541590099 0.011265008069940073 -0.0067376261824000673 -0.022019094028372165 0.098417972440902335 -0.0063069493044371084 0.090150145654114305 0.00015390402499749594 -0.015962329471934832 -0.02239684370580541 0.030922263024234699 0.013719436785690702 0.079790572705183971 0.058669681107177997 0.096971151315913301 0.0034149202143569611 0.10077435048965566 -0.018488877137425905 0.081933978362910054 0.0198694973868438 0.031716688534057728 0.0079497373985291265 0.033602549219314742 0.10761627912157629 0.053608624580799784 -0.00064983885350252356 0.043404705341737349 -0.021570953591725825 0.088610457783770663 0.0029297202299870088
leaf_weight=3326.3403443973511 509.24583906307817 240.19355470687151 785.91627028770745 1687.3598011042923 67.619724154472351 63.090344479307532 197.41356906294823 1044.304273346439 182.90365683473647 127.22654709033668 62.607084684073925 187.01301629841328 202.13817733898759 46.62149328738451 83.2645432818681 98.02661944180727 32.452737145125866 612.47825434617698 98.531703639775515 622.21430832520127 91.487014146521688 304.42030381783843 1388.8078363053501 97.545507123693824 530.07565912231803 601.80386597663164 200.49606831744313 13.063926998525856 80.303281165659428 13.570016283541916
leaf_count=155206 15264 3144 26428 65415 416 1951 831 32896 4649 3660 1124 3543 1831 513 1248 1645 483 25584 670 12762 1870 8107 16485 1488 3800 15706 5329 164 969 197
internal_value=-0.0002945 0.0280143 -0.0214715 -0.0265312 0.0133174 0.00893373 0.0452862 -0.0135577 0.0112931 0.000339723 0.0188378 0.0432412 0.0415298 -0.00274648 0.0434858 0.0579912 0.0304556 -0.0355 0.0383473 0.0125934 0.0126871 0.016832 0.0361735 0.0737486 0.039254 0.00988107 0.022316 0.0732873 0.0600656 0.0955081
internal_weight=13598.5 5818.68 7779.85 6670.48 3148.46 1109.37 2670.22 2731.66 3080.84 1258.69 1822.15 360.736 2472.81 832.538 276.834 213.744 130.479 3938.82 2257.61 749.441 1461.41 1278.51 2159.08 173.723 1918.88 1106.72 504.916 215.202 171.79 111.116
internal_count=413378 102009 311369 279101 75084 32268 26925 98311 74668 31686 42982 6352 26094 26941 5327 3376 2128 180790 24099 16422 36630 31981 23429 2809 20285 29142 13436 1995 2839 1685
is_linear=0
shrinkage=0.05


Tree=14
num_leaves=31
num_cat=0
split_feature=22 10 13 10 16 16 0 0 19 0 19 10 3 20 2 12 0 3 16 16 16 15 3 0 16 2 21 0 16 17
split_gain=2945.52 506.994 450.196 301.13 180.941 163.187 157.119 118.681 90.9127 89.1818 114.271 88.4157 86.5754 84.8857 105.627 87.758 80.8413 74.3807 73.1979 73.012 70.9438 73.6818 65.5235 62.0521 54.4289 53.018 48.0343 46.2556 83.9293 56.8533
threshold=0.030888588192283347 0.097277868486981195 0.021829853463734897 0.0098024874080703105 0.44590643274853808 0.44590643274853808 129.96000000000001 115.02000000000002 0.13727511051711735 279.97500000000008 0.01851059250235847 0.35457769181173443 11.500000000000002 127.50000000000001 1.0000000180025095e-35 15702.500000000002 216.25000000000003 9.5000000000000018 0.027707708632023872 0.44590643274853808 0.076018452663189517 10301.500000000002 6.5000000000000009 249.97500000000002 0.0081223772978949779 1.0000000180025095e-35 2342.5000000000005 444.97500000000008 0.025301960546372061 1376.5000000000002
decision_type=2 2 2 2 2 2 2 2 2 2 2 2 2 2 2 2 2 2 2 2 2 2 2 2 2 2 2 2 2 2
left_child=2 4 3 16 8 11 19 -5 9 10 -2 18 -11 14 -12 -16 -1 23 27 -4 21 -8 -18 -9 -17 -13 -14 29 -29 -3
right_child=1 5 6 7 -6 -7 20 17 -10 12 13 25 26 -15 15 24 22 -19 -20 -21 -22 -23 -24 -25 -26 -27 -28 28 -30 -31
leaf_value=-0.038086298251258192 -0.013155862234661326 0.014990354442600107 -0.0053087139949593186 -0.021372260304562563 0.090619781408866673 0.084480991074519327 -0.00083125095254307606 0.0098933036206398164 0.10053101768513312 0.090681249279040976 0.0049732815309282705 0.044393148923526214 0.03251272994308288 -0.0037749841366565302 0.00083063071824976116 -0.023190246633955584 0.063075499817141542 -0.0032367522769976677 0.045139562237351077 0.07742711011392546 0.13164492885794729 0.052547105216817019 -0.021087717534825703 0.11127546906992342 0.046815399619266285 0.081880406840413117 -0.0053635195779855854 0.019342491387007627 0.14068844727137225 0.037051890396627214
leaf_weight=3205.7679371275008 597.93764334917068 753.80319065228105 807.11483899503946 1652.5571621805429 67.042900860309601 203.68323637545109 102.99038975872099 37.864658137783408 22.770897824317217 47.471092287451029 701.41876233555377 298.33594233542681 288.53715930879116 611.03760158084333 163.52369480393827 26.561346638947725 19.316025666892529 985.2177804838866 845.58717251569033 22.575896345078945 15.275991991162298 167.9712200500071 582.49676491878927 21.37124851718545 478.87742662988603 158.45258893072605 115.31528378278017 38.426574219018221 19.62958725169301 485.16279971972108
leaf_count=155206 17703 10296 26765 65415 398 849 2756 762 255 429 16022 1889 6224 15373 3877 748 502 31749 7600 176 112 2459 25082 385 10274 758 2872 444 188 5810
internal_value=-0.000288742 0.0261461 -0.0208407 -0.0258716 0.0122519 0.0415642 0.00846837 -0.0130541 0.0103859 0.00954416 0.00592662 0.0380456 0.0299273 0.0117038 0.0185943 0.0327332 -0.0349216 0.000146225 0.0336357 -0.00260715 0.0400656 0.0326109 -0.0178889 0.0522846 0.0429454 0.0581426 0.0217643 0.0259913 0.0682737 0.0237436
internal_weight=13544.1 5923.57 7620.52 6504.59 3120.49 2803.08 1115.93 2697.01 3053.45 3030.68 2579.36 2599.4 451.324 1981.42 1370.38 668.962 3807.58 1044.45 2142.61 829.691 286.238 270.962 601.813 59.2359 505.439 456.789 403.852 1297.02 58.0562 1238.97
internal_count=413378 102009 311369 279101 74175 27834 32268 98311 73777 73522 63997 26985 9525 46294 30921 14899 180790 32896 24338 26941 5327 5215 25584 1147 11022 2647 9096 16738 632 16106
is_linear=0
shrinkage=0.05


Tree=15
num_leaves=31
num_cat=0
split_feature=22 10 13 10 16 0 16 0 0 1 10 11 18 12 13 16 0 16 12 12 13 16 2 13 18 13 19 4 6 11
split_gain=2670.87 511.156 405.582 233.017 196.251 130.554 116.999 113.066 106.704 106.376 90.4047 87.1335 82.9793 91.2759 75.5189 71.0364 69.2889 64.2227 58.2102 58.9195 89.6781 57.5316 55.5047 72.2658 61.0475 56.7577 55.1858 54.1373 52.8007 92.3734
threshold=0.027125888829676936 0.072741971044315443 0.021829853463734897 0.0069208942126782321 0.21466973886328727 125.07000000000001 0.44590643274853808 58.955000000000005 221.97000000000003 1.0000000180025095e-35 0.60303030303030314 166.50000000000003 10066.500000000002 25893.500000000004 0.020493487900638527 0.023477773483322192 134.96000000000001 0.019354249736434476 4249.0000000000009 24672.500000000004 0.037475624110421976 0.11376262626262627 1.0000000180025095e-35 0.079973778455017311 13636.500000000002 0.020473383420696 0.11251180515177898 7.5000000000000009 2348.5000000000005 166.50000000000003
decision_type=2 2 2 2 2 2 2 2 2 2 2 2 2 2 2 2 2 2 2 2 2 2 2 2 2 2 2 2 2 2
left_child=2 6 3 16 9 21 7 14 -5 10 17 -9 26 -14 -2 -16 -1 -3 -7 -20 -21 -4 25 27 -25 -19 -13 -24 29 -10
right_child=1 4 5 8 -6 18 -8 11 28 -11 -12 12 13 -15 15 -17 -18 22 19 20 -22 -23 23 24 -26 -27 -28 -29 -30 -31
leaf_value=-0.040021900834483551 -0.018010629209436753 0.0022385374941960947 -0.0074825602860716257 -0.020222914396984228 0.071307981683628632 -0.0067374579789562343 0.081757881742889157 -0.022123801317698432 -0.0075689300529124736 0.079000808484078977 0.064143332572663303 0.025325018123376147 0.04823511818602326 -0.0011669775926998992 -0.027966789499250768 0.015025100260426619 -0.023608176945759483 0.0094357293769875526 0.078830422506220355 -0.00075486855459460202 0.088484665163438281 0.044382153531964598 0.085280187610576083 0.0089680595909196349 0.040605553489135186 0.03065542088827939 0.097732017161489243 0.036081013696836188 0.00058690211363082799 0.13774417911683617
leaf_weight=2376.0631098039448 567.12882537208498 225.64028164371848 694.06184290535748 2230.0094604287297 361.51888567954302 60.547003963962197 48.568240597844124 143.86133168824017 23.218502784147859 113.83339170739055 181.92777588963509 952.05983610451221 103.39296974800527 678.864411925897 113.20113519579172 512.35392425954342 920.19941858574748 471.95620910823345 87.832773141562939 96.479954723268747 34.702886881306767 52.924531485885382 128.19590424373746 221.14333594590425 511.73631332814693 980.50051691755652 22.819018412381411 117.91999970749021 438.43992784619331 14.884660381823776
leaf_count=121216 17967 4027 24156 90799 1692 1915 312 3800 673 837 847 23157 1767 17603 3600 11690 40582 6972 1226 1585 476 633 1463 2276 4913 10385 229 1489 14806 285
internal_value=-0.000275344 0.0229326 -0.0215935 -0.026557 0.0366172 0.0074189 0.00846329 0.00718256 -0.0156415 0.0322566 0.0302467 0.0147394 0.0178117 0.0056275 -0.00487342 0.00708517 -0.0354825 0.0278098 0.0362413 0.048008 0.0252344 -0.00353724 0.0301733 0.0394356 0.0311845 0.0238164 0.0275099 0.0628955 0.00578488 0.05859
internal_weight=13486 6456.62 7029.36 6002.82 3314.37 1026.55 3142.25 3093.68 2706.55 2952.85 2839.02 1901 1757.14 782.257 1192.68 625.555 3296.26 2657.09 279.563 219.016 131.183 746.986 2431.45 978.996 732.88 1452.46 974.879 246.116 476.543 38.1032
internal_count=413378 115026 298352 268361 34901 29991 80125 79813 106563 33209 32372 46556 42756 19370 33257 15290 161798 31525 5202 3287 2061 24789 27498 10141 7189 17357 23386 2952 15764 958
is_linear=0
shrinkage=0.05


Tree=16
num_leaves=31
num_cat=0
split_feature=22 10 3 10 16 16 16 0 0 19 15 0 19 3 0 16 1 16 3 11 19 17 3 6 2 9 18 8 10 3
split_gain=2420.83 448.903 380.333 221.05 214.46 158.594 140.355 135.119 99.7728 98.1442 80.788 72.4756 70.5638 87.923 69.0688 64.0978 62.4161 61.6955 58.4933 56.7985 56.474 74.9065 56.2215 116.072 59.3682 55.3996 52.8298 51.3862 49.5639 48.4206
threshold=0.027125888829676936 0.10181640058780604 20.500000000000004 0.0069208942126782321 0.0250295239066473 0.44590643274853808 0.44590643274853808 261.97500000000008 137.97300000000004 0.01516747496551712 30.500000000000004 224.09500000000003 0.030945521007762881 30.500000000000004 221.97000000000003 0.019354249736434476 1.0000000180025095e-35 0.014358362038603937 1.0000000180025095e-35 211.50000000000003 0.052203318769583833 93.500000000000014 1.0000000180025095e-35 368.50000000000006 3.5000000000000004 2176.5000000000005 747.50000000000011 76.500000000000014 0.25025879917184274 38.500000000000007
decision_type=2 2 2 2 2 2 2 2 2 2 2 2 2 2 2 2 2 2 2 2 2 2 2 2 2 2 2 2 2 2
left_child=2 5 4 -4 -1 8 11 10 9 -2 18 15 13 19 -5 -3 28 -11 -6 -10 -19 26 -23 24 -24 -21 -22 -15 29 -17
right_child=1 6 3 14 7 -7 -8 -9 12 17 -12 -13 -14 27 -16 16 -18 20 -20 25 21 22 23 -25 -26 -27 -28 -29 -30 -31
leaf_value=-0.020181465754272186 -0.027056614615648462 0.0032001466127015866 -0.035391087365093853 -0.01926132577389152 0.018464761083418057 0.07659829450723743 0.076304670308282446 0.088463477412230276 -0.0053245369701015914 -0.023078671161346549 0.0089672448031623605 0.059617177712824931 0.050570633819638257 0.015964642797761882 0.0023543991826620778 0.035577812628652367 0.070964369310227329 0.0021016721694427673 0.11832856323610613 0.070580463740331445 0.038104424090412731 -0.016967985352985722 0.10954639365667969 0.013555275716224708 0.001951182126854241 0.014904657891244051 0.17663335253017587 -0.011846652295749042 0.042828938067708738 0.017362473076218469
leaf_weight=511.49736174196005 245.33957569487393 199.21628008410335 3099.8209806699306 2119.0273596532643 32.262559931725264 82.159879334270954 201.89311736822128 64.529337728396058 53.637871474027634 164.2726494204253 584.40422568842769 236.37560505792499 162.72702894918621 465.26444408670068 446.16927642561495 688.5806539542973 100.66754300147295 1314.5332001876086 25.774188525974751 131.98774765431881 25.034968452528119 108.38646303676069 46.680682642385364 534.76882670260966 17.294606238603592 71.106659945100546 7.2248883806169024 252.36633142083883 626.39725207537413 810.68184419348836
leaf_count=20558 8171 3142 156835 87709 447 455 831 974 1017 5174 16506 1995 2034 11130 15095 6215 594 37207 228 1500 424 1979 543 10641 270 837 123 6596 4024 10124
internal_value=-0.000266329 0.0214928 -0.0209611 -0.0264077 0.00436626 0.00992536 0.036325 0.0221437 0.00829989 0.00263103 0.0148505 0.0331554 0.0205163 0.0152645 -0.0155044 0.0304593 0.0328858 0.00596804 0.0686823 0.0400821 0.0083416 0.0193467 0.0155838 0.0215682 0.0827098 0.0519139 0.0886688 0.00617006 0.0309202 0.0258189
internal_weight=13430.1 6546.6 6883.49 5665.02 1218.47 3682.79 2863.81 706.97 3600.63 2463.54 642.441 2661.92 1137.09 974.363 2565.2 2425.54 2226.33 2218.2 58.0367 256.732 2053.92 739.39 707.131 598.744 63.9753 203.094 32.2599 717.631 2125.66 1499.26
internal_count=413378 115026 298352 259639 38713 88101 26925 18155 87646 64532 17181 26094 23114 21080 102804 24099 20957 56361 675 3354 51187 13980 13433 11454 813 2337 547 17726 20363 16339
is_linear=0
shrinkage=0.05


Tree=17
num_leaves=31
num_cat=0
split_feature=22 10 13 10 16 16 3 0 0 0 11 17 19 13 3 12 10 0 3 16 17 19 19 16 8 16 16 15 11 1
split_gain=2196.86 391.071 367.882 222.525 139.789 131.175 113.133 108.551 104.966 99.8107 83.7617 118.365 93.6889 77.2511 69.6044 69.0704 68.3941 66.6149 67.3821 60.3951 59.0012 53.7133 50.7879 47.4391 46.8744 47.4763 43.6853 58.7347 43.2419 42.7383
threshold=0.027125888829676936 0.10181640058780604 0.021829853463734897 0.0045951862156479676 0.11376262626262627 0.44590643274853808 1.0000000180025095e-35 129.96000000000001 115.02000000000002 58.955000000000005 166.50000000000003 188.50000000000003 0.029475227544534171 0.020493487900638527 5.5000000000000009 27951.500000000004 0.60303030303030314 134.96000000000001 24.500000000000004 0.023477773483322192 27.500000000000004 0.012122108130387258 0.13727511051711735 0.44590643274853808 7.5000000000000009 0.076018452663189517 0.020662912019818513 11898.500000000002 211.50000000000003 1.0000000180025095e-35
decision_type=2 2 2 2 2 2 2 2 2 2 2 2 2 2 2 2 2 2 2 2 2 2 2 2 2 2 2 2 2 2
left_child=2 4 3 17 9 16 -6 23 -5 13 -11 12 20 -2 28 -13 21 -1 26 -15 -12 -3 29 -4 25 -9 -19 -28 -10 -23
right_child=1 5 7 8 6 -7 -8 24 14 10 11 15 -14 19 -16 -17 -18 18 -20 -21 -22 22 -24 -25 -26 -27 27 -29 -30 -31
leaf_value=-0.040228866874036921 -0.016852755633866148 -0.012246295094012675 -0.005329547163089845 -0.022946862134134351 0.011247457768931404 0.072485405299747452 0.086826183298458023 0.015359727998754619 0.0047184449256380857 -0.02048975304703303 -0.0047832698662840763 0.030128498432502034 0.058743936570336469 -0.022615461939754975 -0.0060409545494073558 -0.0022941003211686935 0.059023952174754084 -0.023032811384561893 -0.028228458182112753 0.013674262500533605 0.027960631998802499 0.027094242500351418 0.079044999606156768 0.063078378782995964 0.072556233122403391 0.10109764142035078 0.093075760072988775 -0.004094652143493885 0.099677019165718542 0.059324447751975887
leaf_weight=2004.0820152238011 601.93048386834562 75.826299402862787 719.64089646562934 1810.262529104948 99.258939914405346 202.15844394266605 97.319533977657557 217.49294416978955 23.460228018462658 161.10212540253997 175.20165836438537 201.65577616356313 202.83092316612601 135.63842238299549 1057.3686159178615 797.86084484495223 199.06582196056843 39.268359510228038 706.05982414633036 620.9918305259198 613.83452941291034 2287.8564912341535 47.890950582921505 21.271733433008194 55.735000101849437 12.790803439915178 24.676300333812833 31.829417916014791 20.68947146832943 107.01828353479505
leaf_count=109651 19001 1062 24733 82363 1209 831 672 4279 511 4202 4531 3278 2992 4205 38217 20193 890 1496 33872 12905 14913 23098 388 144 749 86 821 1089 341 656
internal_value=-0.00025448 0.0201824 -0.0203364 -0.0252819 0.00938377 0.0338552 0.0498896 0.00718838 -0.0155573 0.00704819 0.013734 0.016547 0.0287399 -0.00355619 -0.00336441 0.00436467 0.0308538 -0.0353278 -0.0229048 0.00706297 0.0207057 0.0285147 0.0298024 -0.00295588 0.0330657 0.0221691 0.0157949 0.0424569 0.0548312 0.0286551
internal_weight=13372.1 6627.44 6744.63 5717.7 3707.63 2919.82 196.578 1026.93 2911.78 3511.05 2152.49 1991.38 991.867 1358.56 1101.52 999.517 2717.66 2805.92 801.834 756.63 789.036 2518.59 2442.77 740.913 286.019 230.284 95.7741 56.5057 44.1497 2394.87
internal_count=413378 115026 298352 268361 88101 26925 1881 29991 121432 86220 50109 45907 22436 36111 39069 23471 26094 146929 37278 17110 19444 25204 24142 24877 5114 4365 3406 1910 852 23754
is_linear=0
shrinkage=0.05


Tree=18
num_leaves=31
num_cat=0
split_feature=22 13 22 22 16 0 22 0 16 15 0 2 0 0 0 0 19 12 5 19 3 3 20 3 3 12 12 13 16 19
split_gain=1992.72 345.588 345.105 207.832 168.134 96.1292 87.0207 86.8987 80.7401 97.5973 75.5912 75.5031 73.2875 62.9584 72.6028 97.5947 57.6165 57.207 56.6967 53.803 60.9566 53.4521 49.5367 49.2805 47.7149 43.9323 45.8622 72.1358 43.1953 43.0186
threshold=0.027125888829676936 0.021829853463734897 0.062289409495717291 0.0066918052129905405 0.44590643274853808 125.07000000000001 0.21541588492808009 115.02000000000002 0.0081223772978949779 42.500000000000007 224.09500000000003 1.0000000180025095e-35 58.955000000000005 249.97500000000002 994.47500000000014 849.50000000000011 0.01516747496551712 46350.500000000007 38.500000000000007 0.11251180515177898 20.500000000000004 5.5000000000000009 106.50000000000001 6.5000000000000009 1.0000000180025095e-35 4249.0000000000009 24672.500000000004 0.037475624110421976 0.44590643274853808 0.13727511051711735
decision_type=2 2 2 2 2 2 2 2 2 2 2 2 2 2 2 2 2 2 2 2 2 2 2 2 2 2 2 2 2 2
left_child=1 3 8 10 6 28 13 -5 -2 24 -1 -8 -11 16 15 -15 -4 18 -13 20 22 -9 -14 -12 -10 -7 -27 -28 -3 -18
right_child=2 5 4 7 -6 25 11 21 9 12 23 17 19 14 -16 -17 29 -19 -20 -21 -22 -23 -24 -25 -26 26 27 -29 -30 -31
leaf_value=-0.037134223176979127 -0.029521360616314076 -0.0051834531237482002 -0.017884712226685858 -0.021497394062083178 0.069173183200268926 -0.0068441569304313297 0.027142865326691329 0.048455244734463825 0.016966281418710604 -0.0047834810212833987 0.054451497122774563 0.071972098850244332 0.043962086882780256 0.041744610029050576 -0.037662288271667843 0.16057910352744242 0.018673007509791398 0.082992358901420413 0.025974511891837006 0.075877839666283073 0.0064029200739178478 -0.0052651313819227497 0.0034473711449450823 -0.018848901075712732 0.086922125608174625 0.06597128378254706 -0.0027032687204768292 0.074330705312509099 0.059333591172588511 0.079296416018277693
leaf_weight=2498.9340638592839 145.73129932209849 713.25736774504185 104.07081277109683 1585.4690407533199 240.54662810266018 60.629487082362175 721.43624714761972 43.646706774830818 48.236059721559286 969.64250882156193 19.333350103348494 99.648462306708097 217.11089242435992 200.24991132318974 20.710759537294507 15.053735848516224 1986.045434165746 122.09539796039462 215.64550740085542 27.843606170266867 1379.2370232641697 962.37882734648883 115.631711890921 470.8161460570991 51.353922214359045 96.904705690219998 99.745605155825615 38.49858938716352 21.926232561469078 25.238029554486275
leaf_count=138533 4812 24646 2347 72233 1002 1915 5397 791 733 27569 472 515 3495 2186 334 141 25184 639 1529 270 36381 34072 1864 22260 380 1226 1585 476 143 248
internal_value=-0.000245409 -0.0197164 0.018953 -0.0246263 0.0290115 0.0068519 0.0261648 -0.0142219 0.00615761 0.00805777 -0.033608 0.0374012 0.0062161 0.0205595 0.0448934 0.0535093 0.0177451 0.0538233 0.0414086 0.0123426 0.0110913 -0.00270635 0.0301422 -0.015437 0.0554701 0.0306662 0.0402788 0.0205951 -0.00287148 0.0196285
internal_weight=13317.1 6611.54 6705.53 5580.58 3750.74 1030.96 3510.19 2591.49 2954.79 2809.06 2989.08 1158.83 2709.47 2351.37 236.014 215.304 2115.35 437.389 315.294 1739.82 1711.98 1006.03 332.743 490.149 99.59 295.778 235.149 138.244 735.184 2011.28
internal_count=413378 298352 115026 268361 39522 29991 38520 107096 75504 70692 161265 8080 69579 30440 2661 2327 27779 2683 2044 42010 41740 34863 5359 22732 1113 5202 3287 2061 24789 25432
is_linear=0
shrinkage=0.05


Tree=19
num_leaves=31
num_cat=0
split_feature=22 3 10 10 0 11 11 6 0 10 3 4 12 17 12 2 11 0 13 12 19 19 3 12 17 2 2 11 0 9
split_gain=1810.13 327.864 305.481 206.263 146.812 79.9402 78.0559 103.058 74.3396 73.0803 72.9188 75.3538 67.5823 79.7187 65.4647 65.4512 61.8465 60.0009 51.2029 49.9297 49.5539 48.8527 59.5203 58.5807 47.9037 45.1274 44.9094 44.6279 44.3709 40.1009
threshold=0.027125888829676936 20.500000000000004 0.072741971044315443 0.0069208942126782321 125.07000000000001 166.50000000000003 166.50000000000003 2726.5000000000005 68.50500000000001 0.21516465782439864 34.500000000000007 8.5000000000000018 27125.500000000004 188.50000000000003 24672.500000000004 2.5000000000000004 355.50000000000006 221.97000000000003 0.023063490519583948 20191.500000000004 0.018752206289302579 0.032173979656410508 1.0000000180025095e-35 5570.5000000000009 26.500000000000004 4.5000000000000009 1.0000000180025095e-35 945.50000000000011 224.09500000000003 1883.5000000000002
decision_type=2 2 2 2 2 2 2 2 2 2 2 2 2 2 2 2 2 2 2 2 2 2 2 2 2 2 2 2 2 2
left_child=1 4 5 18 16 -2 -6 14 21 10 11 -4 19 24 -8 -11 -1 20 28 -10 -5 23 -23 -7 -14 -24 -26 -16 -3 -13
right_child=2 3 9 17 6 8 7 -9 12 15 -12 29 13 -15 27 -17 -18 -19 -20 -21 -22 22 25 -25 26 -27 -28 -29 -30 -31
leaf_value=-0.026124445483824529 -0.022777089595744218 -0.038427279250330779 0.056531829799462564 -0.027835351277703431 -0.0099202744807666537 0.079187605808285946 0.087509130112109035 0.0073079517168199264 0.0068657094531137152 0.033678267231064186 0.013585005888156762 0.027946614434974277 -0.0088035327896300881 -0.0016854740768807953 -0.0081462537565109676 0.072347360978821565 0.0025823079607913894 0.0027790054152813876 -0.0078409194413520591 0.047940705213000839 -0.011491684158624886 -0.016827693618422578 0.026738600671096298 -0.010597298479351426 0.011290301110747265 -0.015459048376601307 0.040265080489918517 0.067435111155453184 -0.020638998029679834 -0.0085616645034533156
leaf_weight=301.49091290868819 210.58693667314947 2193.6636940091848 235.93570349738002 735.67453051358461 103.12620113044977 13.669095166027544 110.28900774009526 143.56292217597365 109.15632318146527 1119.8745870925486 1152.7007334567606 844.82255742326379 99.499309826642275 664.18658336997032 43.42848002538085 122.07348441705108 481.72245536930859 442.71583131700754 182.17400205135345 237.56195704080164 1277.502859082073 143.80471201427281 371.29446871206164 737.48892440833151 232.42940576002002 72.754485817626119 327.44699365645647 29.152599480003119 440.49922009184957 80.278906282037497
leaf_count=13946 6070 127879 2524 33263 3304 310 1818 2680 2408 7592 15215 8061 2541 16797 693 700 15886 15095 7398 3431 54446 3597 7710 23095 5151 1676 7339 386 21558 809
internal_value=-0.000231459 -0.0191065 0.0178349 -0.0244942 0.00431971 0.00666265 0.0276383 0.0394744 0.00875717 0.0279285 0.0225845 0.0314227 0.0157771 0.0105519 0.0638602 0.037754 -0.00856372 -0.0138612 -0.0337255 0.0352906 -0.0175183 -2.56536e-05 0.0107202 -0.00845064 0.0227984 0.0197296 0.0284428 0.024601 -0.0354974 0.0247495
internal_weight=13260.6 6485 6775.57 5272.23 1212.77 3219.88 429.559 326.433 3009.29 3555.69 2313.74 1161.04 1670.28 1323.56 182.87 1241.95 783.213 2455.89 2816.34 346.718 2013.18 1339.01 587.854 751.158 659.376 444.049 559.876 72.5811 2634.16 925.101
internal_count=413378 298352 115026 259639 38713 80125 8881 5577 74055 34901 26609 11394 37667 31828 2897 8292 29832 102804 156835 5839 87709 36388 12983 23405 15031 9386 12490 1079 149437 8870
is_linear=0
shrinkage=0.05


Tree=20
num_leaves=31
num_cat=0
split_feature=22 16 16 10 10 3 15 11 0 3 0 19 18 12 6 10 1 2 8 19 0 19 19 14 11 2 3 0 13 21
split_gain=1646.04 313.609 307.871 211.245 172.724 152.71 98.3149 90.4446 89.2472 71.8447 79.3729 72.8506 77.798 69.1462 67.5771 64.434 58.6654 53.8342 56.555 52.439 51.9675 49.9475 44.1193 45.8172 79.1862 55.3008 41.7547 41.5229 40.8924 40.1654
threshold=0.0240932978454052 0.032389305710249498 0.059567444225428423 0.10181640058780604 0.0045951862156479676 1.0000000180025095e-35 7441.5000000000009 134.50000000000003 115.02000000000002 52.500000000000007 280.17000000000002 0.030945521007762881 3526.5000000000005 26702.500000000004 3626.5000000000005 0.60303030303030314 1.0000000180025095e-35 1.0000000180025095e-35 145.50000000000003 0.018128399721951748 60.02450000000001 0.023471555863730165 0.13727511051711735 597.50000000000011 436.50000000000006 1.5000000000000002 78.500000000000014 149.96000000000001 0.020806678102749769 265.50000000000006
decision_type=2 2 2 2 2 2 2 2 2 2 2 2 2 2 2 2 2 2 2 2 2 2 2 2 2 2 2 2 2 2
left_child=1 4 3 6 13 -4 -2 -3 21 10 16 17 29 -1 20 22 -8 -11 19 -19 -9 -6 23 27 -25 26 -26 -5 -10 -13
right_child=2 7 5 15 8 -7 9 14 28 11 -12 12 -14 -15 -16 -17 -18 18 -20 -21 -22 -23 -24 24 25 -27 -28 -29 -30 -31
leaf_value=-0.020037390329469627 -0.017360899226419969 -0.021695856820302065 0.019076896272045205 0.0019196027113215913 -0.028223451423354806 0.062877346942200943 0.011675412924544862 0.01045099030288508 -0.004373372754729001 -0.010776056159537646 0.067583698365840425 0.011112804868901482 0.0064847960428971053 -0.037609924405510961 -0.0015911154938131604 0.050271634864364881 0.072893206432605967 -0.0033792139716940952 -0.011761147355709441 0.021375009714030446 0.050966017980661187 -0.0099351059240326695 0.064845329895719853 0.088376021372836788 0.029831459998890076 0.04173368936067387 0.011350383086113284 0.040276674883250291 0.04723765124952635 0.06160003139224747
leaf_weight=818.43992299959064 440.43133554793894 147.62551880627871 350.31275494582951 494.11867437884212 1017.7116188090295 474.75580629147589 679.34011954069138 132.50163750350475 927.38371396437287 811.87152937427163 76.717091254889965 60.632739320397377 392.83674504980445 1920.5099436976016 192.93524763546884 201.58958855271339 36.858378505334258 338.69912765361369 333.30377264507115 570.21529053896666 203.81582070700824 600.23806584253907 51.700516477227211 41.818761631846428 464.00308799743652 289.87603154405951 910.97622540965676 77.424286436289549 35.037382069975138 122.9271360244602
leaf_count=42923 12390 6362 3173 5662 51069 2918 13702 3286 34839 22997 852 1086 7650 111581 4184 871 667 10500 9941 15476 3349 27845 381 373 4110 2515 9504 739 761 1672
internal_value=-0.000229923 -0.0195842 0.0158453 0.0121157 -0.0236616 0.0445072 0.00474889 0.012397 -0.014336 0.00761456 0.0207589 0.00362054 0.019246 -0.0324051 0.0220207 0.0233281 0.0153094 -0.000800205 0.00573673 0.0121825 0.0353909 -0.0214902 0.0208942 0.019757 0.0238548 0.0219744 0.0176725 0.00741989 -0.00226002 0.0456602
internal_weight=13216.6 5996.2 7220.41 6395.34 5319.32 825.069 3863.83 676.878 2580.37 3423.4 792.916 2630.49 576.397 2738.95 529.253 2531.51 716.198 2054.09 1242.22 908.914 336.317 1617.95 2329.92 2278.22 1706.67 1664.86 1374.98 571.543 962.421 183.56
internal_count=413378 286199 127179 121088 269018 6091 96933 17181 114514 84543 15221 69322 10408 154504 10819 24155 14369 58914 35917 25976 6635 78914 23284 22903 16502 16129 13614 6401 35600 2758
is_linear=0
shrinkage=0.05


Tree=21
num_leaves=31
num_cat=0
split_feature=22 3 16 22 16 10 0 15 1 17 7 0 19 0 0 0 13 12 19 5 12 5 2 10 10 2 16 0 3 13
split_gain=1498.65 297.411 280.558 225.129 173.032 156.773 103.604 104.942 87.168 75.1634 74.7288 72.2648 69.1266 66.7719 73.0099 60.3321 50.3063 48.8858 47.0388 45.865 44.9544 44.7079 46.6392 44.2389 44.1356 43.7777 42.9532 42.9481 42.7505 38.1892
threshold=0.0240932978454052 20.500000000000004 0.44590643274853808 0.062289409495717291 0.019354249736434476 0.0045951862156479676 107.95500000000001 13500.500000000002 1.0000000180025095e-35 24.500000000000004 538.50000000000011 224.09500000000003 0.019867692685255556 994.47500000000014 849.50000000000011 221.97000000000003 0.023063490519583948 19771.500000000004 0.021821726850189852 123.50000000000001 20191.500000000004 3385.5000000000005 1.0000000180025095e-35 0.053353285460167384 0.21516465782439864 1.0000000180025095e-35 0.006754018764330052 224.09500000000003 191.50000000000003 0.020193550302276906
decision_type=2 2 2 2 2 2 2 2 2 2 2 2 2 2 2 2 2 2 2 2 2 2 2 2 2 2 2 2 2 2
left_child=1 4 3 9 -1 16 -6 17 11 -2 20 12 19 14 28 18 27 -8 -7 25 -11 22 -12 -22 -14 -5 -24 -3 -13 -26
right_child=2 5 -4 8 6 15 7 -9 -10 10 21 13 24 -15 -16 -17 -18 -19 -20 -21 23 -23 26 -25 29 -27 -28 -29 -30 -31
leaf_value=-0.024921196533894005 -0.01796739013241384 -0.038644431661675305 0.062730537319632629 -0.0027171288476858023 0.0020318743481150354 -0.02655104245271377 0.027908800654045596 0.013873160358164655 0.058211507333606596 -0.0076740746338831677 -0.0025484448598278582 0.048348931825750029 0.015471585807249623 -0.033560046231518835 0.12672569838805517 0.0019617382189917971 -0.0072307003601273043 0.094579148833591739 -0.010848211266058798 -0.028385033325982412 0.023164864361876321 -0.0088456843754599456 -0.026982022712179352 0.072775041781593192 0.053033245019226606 0.045279886770953383 0.016529321900612823 -0.019826128558465547 0.0058351726043613314 0.024344329274237467
leaf_weight=351.42492599412799 359.58858193084598 1846.1448352988809 289.99996479600668 194.68822780251503 467.44801617413759 989.43755131214857 47.937915714457631 183.84440921805799 150.67284324765205 99.500599659979343 790.97484450228512 258.7652030326426 1869.1579818539321 25.110953666269779 21.853390552103519 418.52783470600843 172.93475153110921 83.713203907012939 938.61784110032022 116.3459701128304 411.60842557437718 655.62070552445948 56.097726188600063 47.50740117020905 138.81523030251265 57.63026312366128 897.20606963336468 383.21030240692198 78.147871475666761 761.40197508782148
leaf_count=14938 10844 115569 1300 2624 15984 49141 1352 3537 1003 2825 21011 2295 22041 362 162 15157 7218 930 42575 2345 9723 17443 1963 790 813 710 22760 19798 837 5328
internal_value=-0.000222092 -0.0189808 0.0149387 0.0129127 0.00400673 -0.0244703 0.0170668 0.0389638 0.0214331 0.00346406 0.00609483 0.0197793 0.0172221 0.0401937 0.0457463 -0.0152276 -0.0334483 0.072212 -0.0189544 -0.00308056 0.0224798 0.00224216 0.00642311 0.029027 0.0199255 0.00891235 0.0138415 -0.0354613 0.0387173 0.0290367
internal_weight=13163.9 5883.24 7280.69 6990.69 1134.37 4748.87 782.944 315.496 3672.59 3318.1 2958.52 3521.92 3138.04 383.877 358.766 2346.58 2402.29 131.651 1928.06 368.664 558.616 2399.9 1744.28 459.116 2769.38 252.318 953.304 2229.36 336.913 900.217
internal_count=413378 286199 127179 125879 36741 249458 21803 5819 38520 87359 76515 37517 33861 3656 3294 106873 142585 2282 91716 5679 13338 63177 45734 10513 28182 3334 24723 135367 3132 6141
is_linear=0
shrinkage=0.05


Tree=22
num_leaves=31
num_cat=0
split_feature=22 3 16 10 16 10 3 0 6 0 13 12 12 18 13 0 2 13 0 13 4 14 6 19 6 0 0 12 19 6
split_gain=1365.65 277.674 264.454 189.634 155.138 138.839 102.63 90.6097 82.42 74.8393 65.7203 65.5324 119.277 66.329 64.558 61.478 56.2029 54.5767 54.4542 48.9769 47.8206 46.1118 53.0028 45.21 43.9333 54.6276 42.5911 41.6712 41.5595 37.8238
threshold=0.022732147732147736 20.500000000000004 0.11376262626262627 0.09334716459197788 0.019354249736434476 0.0045951862156479676 1.0000000180025095e-35 146.02100000000004 2478.5000000000005 58.955000000000005 0.020473383420696 18970.500000000004 23454.500000000004 10066.500000000002 0.023063490519583948 137.97300000000004 1.0000000180025095e-35 0.018056278119302816 115.02000000000002 0.023063490519583948 7.5000000000000009 531.50000000000011 3788.5000000000005 0.021821726850189852 3072.5000000000005 166.99500000000003 224.09500000000003 190718.00000000003 0.010323320721204106 33.500000000000007
decision_type=2 2 2 2 2 2 2 2 2 2 2 2 2 2 2 2 2 2 2 2 2 2 2 2 2 2 2 2 2 2
left_child=1 4 3 9 -1 19 -4 29 -9 10 -2 -11 14 16 24 17 -14 -5 23 26 -17 -12 -23 -7 25 -13 -3 -19 -18 -6
right_child=2 5 6 15 7 18 -8 8 -10 11 21 12 13 -15 -16 20 28 27 -20 -21 -22 22 -24 -25 -26 -27 -28 -29 -30 -31
leaf_value=-0.024746944206896729 -0.016200315122267481 -0.038150014978112601 0.020991317523367605 -0.028320005458179753 0.038170730031297569 -0.030130550509289311 0.061947793133776186 0.068313836345136839 0.013900209127096483 -0.011243769597258728 -0.013180053023154276 0.0086355240842350134 0.0040883618791025143 -0.0014653841475303145 0.11018255132777038 0.051078380316496919 -0.020566953685541112 0.020263498107114225 -0.0050072895217352989 -0.0069264433464405282 0.019495379423127346 0.045546439462166091 0.0054220193077933101 -0.0118201111926719 -0.0017576820078030254 0.098986173760050478 -0.019214761982575788 -0.0071795028088894449 0.029436744305185406 -0.0026579275798641906
leaf_weight=331.05282836407423 695.59675741195679 1778.3588680773973 276.21924296580255 59.662630673497915 60.349985552951694 704.95437758788466 359.8116221819073 122.17866074480116 160.99333834648132 339.50941736996174 242.09641932137311 31.240983761847019 504.39776836149395 869.13218564726412 35.047848224639893 265.2260600887239 41.055588591843843 2146.7598262429237 818.87039380148053 171.75513148494065 232.91060296073556 96.163242382928729 451.43820412456989 661.91314927302301 50.338106682524085 33.809677235782146 375.97913115285337 145.42798452451825 625.06663352437317 426.0839038323611
leaf_count=14520 23600 115569 2182 664 838 37979 1756 1976 2779 8870 6834 655 11686 21555 492 2114 1175 20185 32024 7218 2051 1957 9844 32147 941 371 19798 1758 14127 15713
internal_value=-0.000216783 -0.018861 0.0137369 0.0108598 0.00364289 -0.0243488 0.0444634 0.0159359 0.0381557 0.00384927 -0.00504879 0.00907357 0.0122416 0.00899984 0.0544909 0.0207118 0.0167436 0.017265 -0.0152458 -0.0328515 0.0366518 0.00481403 0.0128165 -0.021339 0.0337018 0.0593082 -0.0348975 0.0185105 0.0262246 0.00274435
internal_weight=13113.4 5612.49 7500.91 6864.88 1100.66 4511.83 636.031 769.606 283.172 4014.89 1485.29 2529.6 2190.09 2039.65 150.437 2849.99 1170.52 2351.85 2185.74 2326.09 498.137 789.698 547.601 1366.87 115.389 65.0507 2154.34 2292.19 666.122 486.434
internal_count=413378 280561 132817 128879 35826 244735 3938 21306 4755 102107 42235 59872 51002 48543 2459 26772 26988 22607 102150 142585 4165 18635 11801 70126 1967 1026 135367 21943 15302 16551
is_linear=0
shrinkage=0.05


Tree=23
num_leaves=31
num_cat=0
split_feature=22 13 16 22 10 11 1 0 0 0 0 0 19 0 0 3 17 17 2 20 12 16 12 5 3 5 8 17 7 19
split_gain=1244.35 259.876 244.443 191.81 143.316 86.5802 75.0773 68.5016 66.0854 65.124 62.6055 57.8075 57.9884 57.6882 60.5866 53.7375 51.0766 59.6182 48.4245 84.4812 46.5884 44.1812 43.5801 41.7958 40.6211 40.5004 46.1695 48.5264 39.6184 45.8349
threshold=0.022514799622434831 0.020806678102749769 0.44590643274853808 0.062289409495717291 0.0045951862156479676 166.50000000000003 1.0000000180025095e-35 115.02000000000002 134.96000000000001 47.955000000000005 58.955000000000005 224.09500000000003 0.019867692685255556 994.47500000000014 849.50000000000011 27.500000000000004 192.50000000000003 27.500000000000004 1.0000000180025095e-35 1.0000000180025095e-35 25893.500000000004 0.016422849182715141 15702.500000000002 123.50000000000001 5.5000000000000009 704.50000000000011 56.500000000000007 222.50000000000003 464.50000000000006 0.036040424252796396
decision_type=2 2 2 2 2 2 2 2 2 2 2 2 2 2 2 2 2 2 2 2 2 2 2 2 2 2 2 2 2 2
left_child=1 4 3 5 8 -2 11 -6 -1 -3 -7 12 23 14 -13 -10 17 -12 21 -20 22 -11 -18 -5 -9 26 27 28 29 -14
right_child=2 9 -4 6 7 10 -8 24 15 18 16 13 25 -15 -16 -17 20 -19 19 -21 -22 -23 -24 -25 -26 -27 -28 -29 -30 -31
leaf_value=-0.037643164945450447 -0.026690239854482822 -0.011981711799678989 0.057385096365311375 0.0078219038602023935 -0.021249100171608176 -0.00421520312818269 0.052529733155454686 0.046719017108727244 0.01522506451678615 -0.009954526970446612 -0.0064142512384626595 0.033899465647905441 -0.0038037843015187481 -0.033426617935305672 0.11108257206561307 -0.024507691643038003 -0.015204822656974502 0.023015862803182491 -0.043031943899914597 0.021724691928406356 -0.0032727779967767858 0.032269841516523727 0.040458440216850564 -0.027924641471255514 -0.0055536803916749373 0.0069388377464551527 0.036061190030512273 0.011508629790783395 0.048446032735578175 0.032549877706226103
leaf_weight=1613.8278857078403 229.08543944917619 342.80432914756238 292.00426584482193 255.31871949508786 1357.5474420646206 1218.1325912624598 155.42695586010814 33.909294750541449 95.791241187602282 73.079939546063542 210.58911914937198 350.98738804087043 132.94784947298467 24.901425644755363 23.94221543520689 591.45941400155425 45.572653761133552 892.16874185949564 80.88618129119277 116.95989684760571 813.23739229142666 339.41531886532903 121.9885139670223 114.32047459110618 834.06838609091938 689.2665023766458 407.84576319903135 1186.9354051779956 181.82388175092638 239.19641989469528
leaf_count=109186 7477 12607 1317 3334 71835 36302 1003 624 3572 2753 5673 3132 1634 362 162 33426 998 20296 2368 2817 21570 7722 1709 2345 32606 7549 3227 11727 2111 1934
internal_value=-0.00021296 -0.0183587 0.0128986 0.0110795 -0.0233507 0.00270199 0.0189261 -0.0142545 -0.0320983 0.00534718 0.00477862 0.0174076 0.0151282 0.035282 0.0402252 -0.0188996 0.0100343 0.0173921 0.0150984 -0.00515814 0.00171526 0.0247595 0.0253175 -0.00345878 -0.00325565 0.0175509 0.0209309 0.0172932 0.0294734 0.0196843
internal_weight=13065.4 5479.75 7585.69 7293.69 4526.6 3530.77 3762.91 2225.53 2301.08 953.146 3301.69 3607.49 3207.66 399.831 374.93 687.251 2083.56 1102.76 610.341 197.846 980.799 412.495 167.561 369.639 867.978 2838.02 2148.75 1740.9 553.968 372.144
internal_count=413378 279516 133862 132545 251249 94025 38520 105065 146184 28267 86548 37517 33861 3656 3294 36998 50246 25969 15660 5185 24277 10475 2707 5679 33230 28182 20633 17406 5679 3568
is_linear=0
shrinkage=0.05


Tree=24
num_leaves=31
num_cat=0
split_feature=22 13 16 10 10 15 5 0 0 1 5 0 10 19 18 12 0 20 20 16 12 0 0 5 2 5 12 2 13 0
split_gain=1133.73 243.194 224.835 139.001 137.508 79.8871 71.2526 67.9826 67.333 66.7205 64.2102 61.8435 56.3283 44.6958 90.3678 61.5105 50.1508 39.808 45.2702 37.4447 36.9066 60.1805 38.4866 36.6808 36.6464 49.5156 37.6595 35.6123 36.4015 34.9811
threshold=0.022514799622434831 0.021829853463734897 0.059567444225428423 0.10181640058780604 0.0045951862156479676 7441.5000000000009 1716.5000000000002 221.97000000000003 134.96000000000001 1.0000000180025095e-35 921.50000000000011 51.00650000000001 0.60303030303030314 0.022785494728512528 3526.5000000000005 4584.5000000000009 58.955000000000005 9.5000000000000018 145.50000000000003 0.44590643274853808 112845.50000000001 335.00500000000005 115.02000000000002 1.0000000180025095e-35 1.0000000180025095e-35 87.500000000000014 12485.000000000002 1.0000000180025095e-35 0.020062743286110834 299.98500000000007
decision_type=2 2 2 2 2 2 2 2 2 2 2 2 2 2 2 2 2 2 2 2 2 2 2 2 2 2 2 2 2 2
left_child=1 4 3 5 8 29 -4 -6 -1 13 -11 -3 24 16 17 -16 -7 -15 20 -8 22 -22 -19 -10 -5 -26 -27 28 -14 -2
right_child=2 11 6 12 7 9 19 -9 23 10 -12 -13 27 14 15 -17 -18 18 -20 -21 21 -23 -24 -25 25 26 -28 -29 -30 -31
leaf_value=-0.037028813456361144 -0.020280696901107741 -0.0088126653981545205 0.043671111260885791 0.010647183448688681 -0.017913016787535509 -0.016734589009501588 -0.0050393205004056014 0.0044542877144835456 0.02087412363267652 0.083049829815125584 0.014026760716785453 0.017098435923490359 0.048741404275972032 0.0080485881753317983 0.12449052705707707 0.0029858790381839299 0.0034535528348862555 -0.0090552189536291065 -0.0039016787581012667 0.045791475562405787 0.084638926899881756 0.00062953036625990261 0.05226166931646125 -0.021354515239301593 0.042123272207409482 -0.0047947189649270939 0.022261304823596714 0.073347850362375608 -0.0012099593949956378 0.031655251153710491
leaf_weight=1566.0927298590541 419.40106929838657 411.2675661817193 675.40453894436359 1447.0630509033799 1792.3572489703074 414.12377863191068 137.51973563432693 416.72979805618525 52.003949385136366 47.484267251566052 101.53836358711123 511.566765666008 80.57988353073597 138.94077722169459 5.4921442586928597 1531.5170148778707 1152.0356424022466 44.218499306589365 45.48405090905726 43.805312380194664 100.87738781608641 26.786224395036697 51.862302388995886 632.90160818677396 253.22602416574955 161.29922550544143 600.56755536794662 62.874648317694664 63.147676289081573 30.684525765478611
leaf_count=109651 12732 14957 4166 14398 90578 14615 1805 14884 2749 970 2500 12168 344 3083 110 35369 29141 1032 883 225 1629 353 612 34529 1847 1593 5446 254 273 482
internal_value=-0.000208979 -0.0177734 0.0121765 0.00911072 -0.0226033 0.00333394 0.0362419 -0.013693 -0.0312978 0.00578338 0.0380022 0.00556571 0.0179853 0.00436391 0.00941604 0.0038223 -0.00192086 0.0301788 0.0412445 0.00813989 0.0503068 0.0677002 0.0249903 -0.0180201 0.0158162 0.0230966 0.0165392 0.0428506 0.0274921 -0.0164311
internal_weight=13018.9 5382.92 7635.93 6779.2 4460.09 4110.45 856.73 2209.09 2251 3660.36 149.023 922.834 2668.76 3511.34 1945.18 1537.01 1566.16 408.169 269.228 181.325 223.744 127.664 96.0808 684.906 2462.16 1015.09 761.867 206.602 143.728 450.086
internal_count=413378 279516 133862 127666 252391 103511 6196 105462 146929 90297 3470 27125 24155 86827 43071 35479 43756 7592 4509 2030 3626 1982 1644 37278 23284 8886 7039 871 617 13214
is_linear=0
shrinkage=0.05


Tree=25
num_leaves=31
num_cat=0
split_feature=22 3 16 22 16 8 11 0 1 6 11 16 12 0 0 16 22 3 0 17 17 2 3 6 2 12 12 0 12 0
split_gain=1033.63 237.964 207.08 152.025 135.466 116.574 77.3593 71.0317 62.166 57.6534 53.1173 59.9112 52.7827 51.7958 51.2938 49.835 54.7375 43.9715 75.9277 45.1584 39.5693 48.2176 38.4096 68.9858 45.3835 42.4848 41.3291 47.8743 76.4607 59.6566
threshold=0.022514799622434831 20.500000000000004 0.44590643274853808 0.062289409495717291 0.019354249736434476 1.0000000180025095e-35 166.50000000000003 60.02450000000001 1.0000000180025095e-35 2478.5000000000005 211.50000000000003 0.032389305710249498 26702.500000000004 58.955000000000005 221.97000000000003 0.019354249736434476 0.60303030303030314 76.500000000000014 272.07000000000005 188.50000000000003 27.500000000000004 1.5000000000000002 38.500000000000007 6852.5000000000009 1.5000000000000002 43077.500000000007 27951.500000000004 60.02450000000001 20612.500000000004 20.004500000000004
decision_type=2 2 2 2 2 2 2 2 2 2 2 2 2 2 2 2 2 2 2 2 2 2 2 2 2 2 2 2 2 2
left_child=1 4 3 6 -1 12 -2 -6 15 10 -9 -12 -3 -8 -7 -5 22 18 -15 20 -19 -22 23 26 -24 -26 27 29 -29 -17
right_child=2 5 -4 8 7 14 13 9 -10 -11 11 -13 -14 17 -16 16 -18 19 -20 -21 21 -23 24 -25 25 -27 -28 28 -30 -31
leaf_value=-0.023734420131816425 -0.025855575172136241 -0.017848638955409467 0.052513623145254235 -0.0044873282198325147 -0.0047037126958186168 -0.018310406661318248 -0.0039215378869566133 0.012829247505037148 0.046851189003577404 0.011025879083648733 0.14449764385077968 0.047914031883117179 -0.03651750334477176 0.012023721280187029 0.0012234889517149787 0.046865874542195374 0.043225210459044018 -0.009980409413276865 0.058333558387531598 -0.0052507819944870478 0.0054308009328735453 0.032251817186151936 0.0074449474916194434 0.071128678775329732 0.015094480914623058 0.054218647301920109 0.010394877979994331 0.017124940181681789 0.076136024080210404 0.0037130298098750425
leaf_weight=315.49697682261467 221.97891839779913 536.25247472058982 291.39212296903133 289.00620701350272 288.38333071395755 1829.4839257430285 1210.6321697887033 80.500376400537789 160.38528703711927 273.23853834625334 16.56548286229372 113.56627271324396 1427.0150410830975 503.38493846356869 410.70502452552319 112.47094335779548 185.50333119556308 160.34458031505346 103.57399225793779 668.38520193658769 379.89399687759578 298.37538304366171 1593.5831100828946 63.846413629129529 221.18902915343642 100.40970532037318 638.14545544981956 113.5413522683084 108.55348123982549 254.76601041480899
leaf_count=14443 7477 32746 1317 4517 10243 97122 36302 2837 1003 6348 475 1317 98389 9694 15596 885 783 4576 1274 18627 9193 6882 18421 646 2178 1035 4970 1059 823 2200
internal_value=-0.000198429 -0.0171936 0.0115151 0.00986361 0.00363768 -0.0225821 0.00239304 0.014901 0.0167487 0.0265139 0.045884 0.0651005 -0.0314765 0.00431516 -0.0147344 0.0153754 0.0170718 0.00903032 0.0203383 0.00442374 0.0121199 0.0173792 0.0154938 0.022161 0.0109525 0.0279529 0.0193357 0.0288482 0.0470091 0.0173811
internal_weight=12970.6 5291.21 7679.36 7387.97 1087.75 4203.46 3546.57 772.254 3841.4 483.871 210.632 130.132 1963.27 3324.59 2240.19 3681.02 3392.01 2113.96 606.959 1507 838.614 678.269 3206.51 1291.32 1915.18 321.599 1227.48 589.332 222.095 367.237
internal_count=413378 279516 133862 132545 35663 243853 94025 21220 38520 10977 4629 1792 131135 86548 112718 37517 33000 50246 10968 39278 20651 16075 32217 10583 21634 3213 9937 4967 1882 3085
is_linear=0
shrinkage=0.05


Tree=26
num_leaves=31
num_cat=0
split_feature=22 10 3 16 16 0 0 1 13 0 10 0 19 3 0 0 0 0 19 0 0 16 6 6 12 13 5 13 16 3
split_gain=944.351 221.551 213.046 124.883 97.3246 78.2457 68.3829 65.7412 62.0681 56.1233 55.7108 54.818 92.1124 53.0542 61.9652 46.5179 81.6811 44.6694 44.3443 41.6921 41.2156 40.3719 39.7196 37.8778 37.2378 41.7091 37.081 34.9591 34.3527 49.8617
threshold=0.017243816598910049 0.052523167375508072 19.500000000000004 0.44590643274853808 0.019354249736434476 221.97000000000003 58.955000000000005 1.0000000180025095e-35 0.032314373705187451 60.02450000000001 0.0019166271769835762 137.97300000000004 0.019867692685255556 20.500000000000004 272.07000000000005 994.47500000000014 849.50000000000011 97.005500000000012 0.019433676980091689 57.008500000000005 108.95500000000001 0.017412080491015714 8429.5000000000018 2478.5000000000005 18970.500000000004 0.020780870266847468 93.500000000000014 0.033937805680449108 0.015714668292029749 1.0000000180025095e-35
decision_type=2 2 2 2 2 2 2 2 2 2 2 2 2 2 2 2 2 2 2 2 2 2 2 2 2 2 2 2 2 2
left_child=2 6 4 7 -1 8 18 11 10 -6 -4 12 26 14 21 16 -13 -15 -2 -20 -19 -8 -18 24 -11 -26 -3 -25 29 -14
right_child=1 3 5 -5 9 -7 13 -9 -10 23 -12 15 28 17 -16 -17 22 20 19 -21 -22 -23 -24 27 25 -27 -28 -29 -30 -31
leaf_value=-0.023055426289235001 -0.023239989502779914 0.0013441441381423333 -0.036484010618325145 0.051575504192906012 -0.0064314395452117314 -0.0083230299380070167 -0.013454706992355681 0.044258232180481402 0.0021196111500410698 0.011056363698011735 -0.021937863550336213 0.024265025863527783 0.012017842541781197 0.015717347364694805 0.055721209854121961 -0.031209362297177135 0.017957935360355656 -0.020568832768957393 0.0001232811033624044 -0.037599087720781285 0.0014614342123088527 0.020064166021092615 0.14379333669050617 -0.0022479115930760926 0.10453039334158019 0.035504136814508085 -0.030607264807206602 0.040175539818094179 0.015323846534596914 -0.036396324932159094
leaf_weight=262.86402132268995 352.56527129933238 204.52964529581368 1457.0728553822264 243.85676710307598 242.87834607437253 618.85244874097407 116.73021404631436 180.59571645967662 160.83013380691409 72.870967377908528 1263.3133672596887 744.85912120528519 148.15004196017981 448.93698766548187 92.068507224321365 30.807574041187763 10.948699608445169 248.20569384749979 952.35887185577303 74.348284976556897 1311.0898632258177 346.58739190548658 17.321192719042301 170.06440171785653 30.141017870977521 84.04173393920064 157.737289480865 62.70208903029561 2738.1553727462888 76.591911803930998
leaf_count=12714 14602 2804 107422 1058 8759 30772 3170 1327 7027 2440 74182 7763 2714 15274 853 472 82 8877 29165 2669 34082 5575 130 4315 704 901 3893 1126 27204 1302
internal_value=-0.000187587 0.00956663 -0.0189036 0.0170734 0.00242018 -0.024538 0.000886535 0.0150637 -0.0280003 0.0126222 -0.0297816 0.0137348 0.0108725 0.00571325 0.0193175 0.0254332 0.0278763 0.00191231 -0.00807299 -0.00277734 -0.00209984 0.0115658 0.105081 0.0235913 0.0400702 0.057346 -0.0127953 0.00978455 0.013783 -0.0049147
internal_weight=12922.1 8496.44 4425.63 4553.55 925.563 3500.07 3942.89 4309.7 2881.22 662.699 2720.39 4129.1 3325.16 2563.62 555.386 803.937 773.129 2008.23 1379.27 1026.71 1559.3 463.318 28.2699 419.82 187.054 114.183 362.267 232.766 2962.9 224.742
internal_count=413378 163016 250362 48749 30959 219403 114267 47691 188631 18245 181604 46364 37917 67831 9598 8447 7975 58233 46436 31834 42959 8745 212 9486 4045 1605 6697 5441 31220 4016
is_linear=0
shrinkage=0.05


Tree=27
num_leaves=31
num_cat=0
split_feature=22 3 10 0 10 0 11 0 2 19 0 11 19 3 4 3 19 5 0 12 2 0 19 0 19 10 21 11 18 7
split_gain=862.516 201.393 197.956 79.4138 64.1907 61.6238 57.156 55.5178 53.2406 52.2176 46.646 74.4934 61.3086 47.3223 45.0715 50.4405 44.6655 44.5682 42.6542 41.8235 35.9698 35.2986 35.1669 36.9078 35.1519 34.7514 43.1017 34.5687 35.0722 37.1795
threshold=0.017243816598910049 12.500000000000002 0.048616150620867611 111.33450000000001 0.21516465782439864 58.955000000000005 159.50000000000003 249.97500000000002 3.5000000000000004 0.029475227544534171 444.97500000000008 4094.5000000000005 0.022516613644093218 8.5000000000000018 6.5000000000000009 6.5000000000000009 0.13727511051711735 171.50000000000003 1331.0900000000004 27541.500000000004 1.0000000180025095e-35 7.8630000000000013 0.019433676980091689 57.008500000000005 0.012780245570421815 0.0045951862156479676 1.5000000000000002 5159.5000000000009 4065.5000000000005 383.50000000000006
decision_type=2 2 2 2 2 2 2 2 2 2 2 2 2 2 2 2 2 2 2 2 2 2 2 2 2 2 2 2 2 2
left_child=1 6 5 9 10 22 -1 -8 -6 -3 12 -12 13 -4 15 19 21 20 -13 -7 -15 -14 -2 -24 -17 26 -5 -23 29 -29
right_child=2 3 4 25 8 14 7 -9 -10 -11 11 18 16 17 -16 24 -18 -19 -20 -21 -22 27 23 -25 -26 -27 -28 28 -30 -31
leaf_value=-0.021035439540282364 -0.022401123662149157 -0.032074501452889502 0.027020588595605188 0.0083690578342457671 0.022249318848845661 0.052000015471492925 0.0062136926707226908 0.049551584146318953 0.062790891604147345 -0.010648462905279821 0.0074531647938017968 0.084569003274234625 -0.019295612552798207 -0.0067120392679921098 -0.0012763857597027266 -0.016342716314688463 0.061008787454406369 -0.02356010536724883 -0.022642738172062096 -0.013408641948656312 0.033472274232591713 0.016110839705132139 -0.00079689191743188316 -0.037709222614028232 0.011826979356799249 -0.0038960734939559247 -0.02494666692221495 -0.0090572794528267324 -0.01027616408074781 0.080030712702729268
leaf_weight=154.7331483149901 328.80813658796251 1923.389087677002 101.89419846236706 110.78044821880758 1259.3843644224107 117.92681061290205 497.71013049036264 82.222376499325037 83.688049912452698 341.08674358110875 100.21644267439842 68.665381394326687 77.423378836363554 181.39956711791456 1289.5355061423033 122.86167518980801 44.988802436739206 267.23593252524734 8.4995433986186963 28.278524249792099 74.595173344016075 2287.9143592137843 904.11745431739837 68.224293952807784 846.32138945162296 560.22643476258963 673.87796896882355 20.888341810554266 233.06513866782188 19.252284552901983
leaf_count=7264 13994 134434 1462 6146 7852 1810 14972 1173 440 20107 1238 782 876 3705 35743 3916 333 6274 154 426 1313 25751 28171 2577 22681 24793 41473 238 3061 219
internal_value=-0.000182776 -0.0183077 0.00904732 -0.0231594 0.0157126 0.000352789 0.00552363 0.0127291 0.024999 -0.0288778 0.0121042 0.0367819 0.0107276 -0.00335244 0.00509253 0.0124287 0.0140077 -0.00946707 0.0721006 0.0393239 0.00541432 0.0130924 -0.00839366 -0.00356651 0.0081904 -0.0134596 -0.0202198 0.0141072 -0.00265971 0.037803
internal_weight=12879.2 4344.03 8535.18 3609.36 4829.11 3706.07 734.666 579.933 1343.07 2264.48 3486.04 177.381 3308.66 625.125 2404.92 1115.39 2683.53 523.231 77.1649 146.205 255.995 2638.54 1301.15 972.342 969.183 1344.88 784.658 2561.12 273.206 40.1406
internal_count=413378 250362 163016 226953 53698 109318 23409 16145 8292 154541 45406 2174 43232 12754 64576 28833 30478 11292 936 2236 5018 30145 44742 30748 26597 72412 47619 29269 3518 457
is_linear=0
shrinkage=0.05


Tree=28
num_leaves=31
num_cat=0
split_feature=22 16 13 3 0 10 3 15 2 21 2 20 0 0 17 0 4 8 17 13 14 12 13 3 11 15 2 17 10 5
split_gain=787.755 197.132 191.79 134.138 117.658 117.392 64.3327 61.4976 80.4239 98.4418 61.2491 86.6102 55.8698 45.7253 45.108 41.6257 41.6231 41.5085 40.8776 59.719 40.1802 83.2645 38.1426 37.7213 46.486 35.2398 50.0186 34.2481 33.8095 33.7563
threshold=0.017243816598910049 0.059567444225428423 0.020806678102749769 1.0000000180025095e-35 111.33450000000001 0.047262345629532264 8.5000000000000018 9030.5000000000018 1.0000000180025095e-35 35.500000000000007 1.0000000180025095e-35 1.0000000180025095e-35 58.955000000000005 47.955000000000005 586.50000000000011 90.007500000000007 6.5000000000000009 1.0000000180025095e-35 31.500000000000004 0.035339996387195614 507.50000000000006 23858.500000000004 0.033937805680449108 76.500000000000014 1419.5000000000002 87.500000000000014 1.0000000180025095e-35 7.5000000000000009 0.0045951862156479676 1.0000000180025095e-35
decision_type=2 2 2 2 2 2 2 2 2 2 2 2 2 2 2 2 2 2 2 2 2 2 2 2 2 2 2 2 2 2
left_child=2 5 4 15 17 12 -6 -7 -9 14 13 -12 20 -4 -10 -3 18 -1 -14 -20 -2 23 -15 24 -22 26 -5 -11 29 -8
right_child=1 3 10 25 6 7 28 8 9 27 11 -13 16 22 -16 -17 -18 -19 19 -21 21 -23 -24 -25 -26 -27 -28 -29 -30 -31
leaf_value=-0.036825113713779528 -0.028159383329890521 0.002402185321144331 -0.0074694991725442993 0.086697592710012233 0.030466182883223204 -0.0021853340055659797 0.016196723819424785 0.007612013060936962 0.068425861714559166 -0.024834041789921966 -0.043135762990690635 0.017188587211857214 -0.0067183572457892044 0.0081405409266996822 0.0092765925603456 0.05098885826038374 -0.0026833023648453413 -0.022483278450105032 0.013219556391363546 0.080365842324647815 0.081303611568456668 -0.0115582232351467 0.039395809659650553 0.0046883199705260344 -0.0051895400451253525 0.02650359480963297 0.043080542110842057 0.019326139420864776 -0.0046410524240183939 -0.024275678137454088
leaf_weight=1129.9430380472913 232.25918872561306 343.45694309286773 188.93703761417419 100.4095013923943 82.015104614198208 681.61258651129901 52.449763622134924 2017.7863149773329 150.04545944370329 41.314113615080714 133.36229950003326 100.65133910439909 253.45541972015053 221.8813397185877 42.875225506722927 45.67370492964983 1220.1745382361114 977.73805097863078 800.34068692848086 29.844601593911648 45.675602730363607 780.63236154895276 174.1486188955605 78.293471649289131 21.576105285435915 151.46002865955234 244.47031202539802 1295.1830240208656 545.82187102362514 660.30013834964484
leaf_count=89775 9503 3046 7400 462 2103 9797 3131 24053 1018 666 4628 2760 7419 5107 291 312 34670 62831 20249 483 1242 28842 4775 2417 443 1297 1304 15502 24639 43213
internal_value=-0.000178724 0.00855499 -0.0177217 0.0308305 -0.0228812 0.00597206 -0.0112408 0.0115564 0.0141963 0.0228299 0.00400939 -0.0173729 -0.0008555 0.012638 0.0558468 0.00867949 0.00364804 -0.030241 0.0107567 0.0161001 -0.00978901 -0.00505577 0.0222044 0.0290458 0.0551155 0.0479372 0.0568368 0.0178736 -0.0140685 -0.0212053
internal_weight=12843.8 8576.54 4267.25 885.47 3448.27 7691.07 1340.59 4228.82 3547.2 1529.42 818.981 234.014 3462.25 584.967 192.921 389.131 2303.82 2107.68 1083.64 830.185 1158.44 926.178 396.03 145.545 67.2517 496.34 344.88 1336.5 1258.57 712.75
internal_count=413378 163016 250362 6421 225692 156595 73086 51327 41530 17477 24670 7388 105268 17282 1309 3358 62821 152606 28151 20732 42447 32944 9882 4102 1685 3063 1766 16168 70983 46344
is_linear=0
shrinkage=0.05


Tree=29
num_leaves=31
num_cat=0
split_feature=10 3 22 0 11 11 1 22 3 14 12 10 12 5 3 0 0 2 2 19 10 11 12 0 5 14 15 15 0 7
split_gain=720.241 177.886 159.585 70.7765 69.0843 68.3319 56.0114 49.7435 56.5739 53.0959 49.0622 47.0279 52.7067 45.8843 42.9312 93.0627 42.4916 38.2478 35.4898 35.7648 53.5695 43.1034 38.8185 36.0139 34.791 34.097 37.7331 32.6402 30.9909 44.4845
threshold=0.017192380872391083 21.500000000000004 0.062289409495717291 221.97000000000003 159.50000000000003 166.50000000000003 1.0000000180025095e-35 0.32003460207612461 38.500000000000007 2200.5000000000005 25893.500000000004 0.0045951862156479676 26702.500000000004 622.50000000000011 76.500000000000014 272.07000000000005 39.999000000000002 1.5000000000000002 1.0000000180025095e-35 0.018586494370872262 0.03704637332063599 3693.5000000000005 47152.500000000007 335.00500000000005 1647.5000000000002 1.0000000180025095e-35 14.500000000000002 2.5000000000000004 125.07000000000001 936.50000000000011
decision_type=2 2 2 2 2 2 2 2 2 2 2 2 2 2 2 2 2 2 2 2 2 2 2 2 2 2 2 2 2 2
left_child=1 4 5 11 27 -2 14 8 9 24 16 12 -3 -8 15 25 -6 -9 -16 -20 -21 22 -22 -24 28 -7 -27 -1 29 -4
right_child=2 3 7 -5 10 6 13 17 -10 -11 -12 -13 -14 -15 18 -17 -18 -19 19 20 21 -23 23 -25 -26 26 -28 -29 -30 -31
leaf_value=0.038904873081870094 -0.022421018884278582 -0.016671636719956261 0.00086337807695195917 -0.0070211315672462629 -0.011414924068283218 -0.023017369742538093 0.076402122780490855 0.021994239643129371 0.0063280599668493701 0.058897370576961816 -0.0067255704249549741 -0.018121532840387627 -0.037535033497561647 0.015982047298362521 -0.0094292839051011348 0.048740077197821099 0.027206733376258948 0.054902509348611732 -0.0097469818989817381 -0.00089422461994747605 0.0092760585042771862 0.003200022972608059 0.061149014536082617 -0.0040702886272672824 -0.0031996168728428208 0.047671581688432101 0.0050803530209578337 -0.027920848378787846 0.039854549049108803 0.022319044898439621
leaf_weight=15.680427268147467 275.85601182840765 429.97372959367931 323.59111859090626 588.73896880447865 85.760642176494002 96.926095986738801 36.454656114801764 607.44533716700971 1787.2179314754903 75.642465649172664 288.1402221834287 1084.5692693227902 1128.3225200688466 147.53934441320598 976.3554525654763 128.50435595214367 355.26955462433398 102.79842447862029 432.53933582641184 793.6453046835959 96.410349456593394 196.60321664996445 122.18313887156546 24.673167981207371 186.37870214879513 49.880686905235052 1041.4643270615488 204.52276036515832 165.87016947194934 953.06077480502427
leaf_count=736 9645 29735 3612 30505 3413 3686 799 3223 20715 737 9142 65532 91998 3685 30746 1583 9039 456 14629 25631 1828 4360 2482 491 1834 424 23631 10178 1313 7590
internal_value=-0.000171808 -0.0171897 0.0080866 -0.0227721 0.00183231 0.00144924 0.00306364 0.0150568 0.0125703 0.0190776 0.00925425 -0.026261 -0.03185 0.0296576 0.0017919 0.00914951 0.0196528 0.0271078 -0.00188492 0.00255127 0.00688566 0.020775 0.0346282 0.0504184 0.0170539 0.00468174 0.00723555 -0.0224041 0.0196727 0.0169053
internal_weight=12802 4180.98 8621.04 3231.6 949.374 4419.04 4143.18 4202 3491.76 1704.54 729.17 2642.87 1558.3 183.994 3959.19 1316.78 441.03 710.244 2642.41 1666.05 1233.52 439.87 243.267 146.856 1628.9 1188.27 1091.35 220.203 1442.52 1276.65
internal_count=413378 250278 163100 217770 32508 123620 113975 39480 35801 15086 21594 187265 121733 4484 109491 29324 12452 3679 80167 49421 34792 9161 4801 2973 14349 27741 24055 10914 12515 11202
is_linear=0
shrinkage=0.05


Tree=30
num_leaves=31
num_cat=0
split_feature=10 16 13 10 0 3 11 0 9 19 12 17 16 10 3 14 7 0 0 15 19 17 0 15 19 12 18 0 6 0
split_gain=660.882 195.297 160.16 125.16 93.5037 74.2493 64.1822 57.5828 56.9174 56.6413 51.29 50.2648 50.1597 52.246 47.4657 51.8919 62.5891 44.5564 42.1884 44.8658 41.8494 39.6334 37.982 36.6422 36.1374 59.5485 46.7733 44.63 69.8481 37.6473
threshold=0.013759807080363255 0.21466973886328727 0.023063490519583948 0.046516983921245168 111.33450000000001 1.0000000180025095e-35 166.50000000000003 58.955000000000005 2972.5000000000005 0.13727511051711735 27125.500000000004 244.50000000000003 0.019354249736434476 0.31929669030732866 31.500000000000004 2200.5000000000005 1544.5000000000002 36.95600000000001 213.01400000000004 15677.500000000002 0.13727511051711735 2973.5000000000005 57.008500000000005 73467.500000000015 0.032738431227085557 142291.50000000003 4447.5000000000009 444.97500000000008 8258.5000000000018 1331.0900000000004
decision_type=2 2 2 2 2 2 2 2 2 2 2 2 2 2 2 2 2 2 2 2 2 2 2 2 2 2 2 2 2 2
left_child=2 3 4 6 -1 -3 -2 22 20 12 18 -12 -5 14 15 16 -14 -11 -9 -20 -4 -17 -8 -15 27 -26 -27 -16 -29 -30
right_child=1 5 8 9 -6 -7 7 10 -10 17 11 -13 13 23 24 21 -18 -19 19 -21 -22 -23 -24 -25 25 26 -28 28 29 -31
leaf_value=-0.030336294590599441 -0.024428615394385195 0.015317313291051958 0.00022338779305507598 -0.0076387788046253348 -0.012033340538817933 0.054341109962990866 -0.0052719309387802005 0.01099778938805944 0.12238020711237881 -0.00059893189571041082 0.0079391758192559874 -0.0083967002338155433 0.024688941877001359 0.011877529186972076 -0.0049481752132215576 0.024627106859172864 0.0018069341510911817 0.074531909480434311 0.071454116377282662 0.0077855983393114343 0.098596475252402435 0.097447857923476572 -0.034035298875956403 0.037039890005607527 0.0074023187979185071 0.058099105359074157 -0.022951434555293065 -0.0088891669733569614 0.068554080292285782 -0.025517969575185425
leaf_weight=1798.7011579293758 273.67160700820386 224.05528787150979 677.93979306891561 366.94825767539442 1154.5909084584564 277.00813076645136 1132.2628420013934 375.43002934940159 4.9310130700469008 29.104951169341803 1150.9751629829407 789.64109349995852 649.38267196901143 280.03758301027119 1027.8843803927302 52.700169432908297 551.60807230323553 55.776623964309692 64.138803854584694 48.391866117715836 5.9868714381009331 28.85366540029645 123.15873613394797 310.27580767869949 1036.0885393954813 97.013331156224012 18.731122177094221 82.604374449700117 67.323665995150805 9.8083553761243802
leaf_count=141067 10737 1429 20784 6416 67158 1303 41926 8201 96 197 33925 24713 6262 1437 19360 621 4868 340 679 842 170 250 5416 1567 10308 883 236 1196 813 178
internal_value=-0.000165596 0.00702305 -0.0181567 0.00524787 -0.0232132 0.037215 -0.00129208 0.000457431 0.00353269 0.0107927 0.00494949 0.00128758 0.0100088 0.0115534 0.00928068 0.0169949 0.0142304 0.0501701 0.0193521 0.0455706 0.00179384 0.054532 -0.00821748 0.0253032 0.00502431 0.0113142 0.0445753 -0.00109793 0.0230761 0.0557664
internal_weight=12765 9122.88 3642.15 8621.81 2953.29 501.063 3957.67 3684 688.858 4664.14 2428.58 1940.62 4579.26 4212.31 3622 1282.54 1200.99 84.8816 487.961 112.531 683.927 81.5538 1255.42 590.313 2339.45 1151.83 115.744 1187.62 159.736 77.132
internal_count=413378 184103 229275 181371 208225 2732 126439 115702 21050 54932 68360 58638 54395 47979 44975 12001 11130 537 9722 1521 20954 871 47342 3004 32974 11427 1119 21547 2187 991
is_linear=0
shrinkage=0.05


Tree=31
num_leaves=31
num_cat=0
split_feature=10 16 3 10 16 11 1 0 1 2 20 0 19 0 3 13 3 0 6 3 8 0 0 12 12 12 6 17 0 16
split_gain=604.256 179.004 153.631 118.797 68.9312 64.9635 59.1295 57.3156 52.1641 50.3555 57.3985 48.4454 81.4487 48.1928 49.3892 45.9428 42.8612 42.6745 43.3412 54.6815 41.374 39.2571 35.7217 34.9182 48.9133 44.2867 34.6598 33.354 33.0559 32.6756
threshold=0.013759807080363255 0.44590643274853808 21.500000000000004 0.048616150620867611 0.015714668292029749 166.50000000000003 1.0000000180025095e-35 108.95500000000001 1.0000000180025095e-35 1.0000000180025095e-35 1.0000000180025095e-35 137.97300000000004 0.019867692685255556 58.955000000000005 78.500000000000014 0.041543873866037875 1.0000000180025095e-35 267.97500000000008 17.500000000000004 1.0000000180025095e-35 145.50000000000003 261.97500000000008 97.005500000000012 25472.500000000004 20191.500000000004 22619.500000000004 2726.5000000000005 266.50000000000006 57.008500000000005 0.024949045983195303
decision_type=2 2 2 2 2 2 2 2 2 2 2 2 2 2 2 2 2 2 2 2 2 2 2 2 2 2 2 2 2 2
left_child=2 3 4 5 -1 -2 13 15 11 17 -11 12 -5 28 21 -4 -3 18 19 -6 29 -15 -16 24 -20 27 -23 -26 -7 -8
right_child=1 16 7 8 9 6 20 -9 -10 10 -12 -13 -14 14 22 -17 -18 -19 23 -21 -22 26 -24 -25 25 -27 -28 -29 -30 -31
leaf_value=-0.023164570717218613 -0.023955275250217116 0.021614640242394002 -0.031202358198953579 -0.01414100922598404 0.0061119290899446449 -0.0057290043602778737 0.016356969456847153 -0.013917809446884845 0.035593818924537772 -0.04281765796067917 0.017880402950095402 0.019723658385006001 0.0096624229640757207 0.0091040336009004918 0.012031980912405834 0.0012972258693574584 0.061439745006181247 0.057544719204955491 -0.0066739110260679363 0.12145635722779134 -0.01153146925844549 0.070929990767589476 -0.0048119434144098111 -0.011604545883960369 0.098681392374270205 0.01625599130305631 0.016944156815208306 -0.0040434642409416192 -0.032995746621107151 0.067653048027819448
leaf_weight=214.70993326604366 277.79443978890777 125.20998986810446 1582.442501462996 400.45237672701478 23.031422216445208 1130.5215016910806 65.175533521920443 1029.29600398615 198.46654175035655 81.691980201750994 66.813795830123127 942.73962583579123 3190.7727656941861 555.5423565171659 406.67525462061167 116.32082503661513 165.46384198963642 52.762434059754014 106.92693759128451 14.410184619948266 44.447171555832028 48.464944314211607 1332.3333536181599 159.19160933233798 32.759262012317777 87.788464418612421 76.851668389514089 9.5090902112424356 118.80148885585368 62.658630697056651
leaf_count=11249 11049 589 130073 7970 263 41298 2021 63772 1527 2493 1881 10085 33335 11999 14760 5637 773 837 4923 96 1097 356 39033 5420 1046 1361 1354 224 5371 1486
internal_value=-0.0001534 0.00666408 -0.0175598 0.0053825 0.00100497 -0.000826646 0.000874857 -0.0233327 0.0107823 0.00929593 -0.0158163 0.00965821 0.00699217 -0.000487145 0.00362926 -0.0289797 0.0449404 0.0170463 0.0115187 0.0595834 0.0290779 0.014992 -0.000849711 0.00629021 0.0183023 0.0383234 0.039743 0.0775883 -0.00844306 0.0431001
internal_weight=12720 9142.37 3577.65 8851.7 849.595 4119.27 3841.47 2728.06 4732.43 634.885 148.506 4533.96 3591.23 3669.19 2419.87 1698.76 290.674 486.379 433.617 37.4416 172.281 680.859 1739.01 396.175 236.984 130.057 125.317 42.2684 1249.32 127.834
internal_count=413378 184103 229275 182741 29793 129824 118775 199482 52917 18544 4374 51390 41305 114171 67502 135710 1362 14170 13333 359 4604 13709 53793 12974 7554 2631 1710 1270 46669 3507
is_linear=0
shrinkage=0.05


Tree=32
num_leaves=31
num_cat=0
split_feature=10 16 3 3 19 1 10 16 0 4 20 2 0 4 2 20 16 15 19 14 10 0 11 3 6 8 12 2 19 8
split_gain=552.448 164.474 144.578 110.017 93.9995 83.0079 87.2788 63.4932 55.3206 54.9541 51.3842 48.4982 47.9006 46.8381 45.7208 53.9881 45.1443 38.1736 34.351 33.8516 31.672 32.6049 30.5696 40.4039 49.001 29.1983 27.8258 27.2805 35.4879 35.2641
threshold=0.013759807080363255 0.076018452663189517 21.500000000000004 1.0000000180025095e-35 0.010323320721204106 1.0000000180025095e-35 0.10181640058780604 0.015714668292029749 216.25000000000003 5.5000000000000009 9.5000000000000018 1.0000000180025095e-35 58.955000000000005 7.5000000000000009 1.0000000180025095e-35 1.0000000180025095e-35 0.011164296169892996 24285.500000000004 0.029475227544534171 48.500000000000007 0.60303030303030314 67.955000000000013 211.50000000000003 1.0000000180025095e-35 2293.5000000000005 1.0000000180025095e-35 25069.500000000004 1.0000000180025095e-35 0.078564796491448832 14.500000000000002
decision_type=2 2 2 2 2 2 2 2 2 2 2 2 2 2 2 2 2 2 2 2 2 2 2 2 2 2 2 2 2 2
left_child=2 4 7 13 -2 6 9 -1 18 12 -7 -5 -6 -3 17 -16 -11 22 25 -15 -8 -22 -9 -24 -25 26 -4 28 -18 -30
right_child=1 3 8 11 5 10 20 14 -10 16 -12 -13 -14 19 15 -17 27 -19 -20 -21 21 -23 23 24 -26 -27 -28 -29 29 -31
leaf_value=-0.022526552337217915 -0.021822748943467665 0.048397378864495709 -0.019580983519069624 0.072843892260150103 -0.005829748333746259 0.064342118731179787 0.0099065919707996535 0.0014703758553341571 -0.0076074070209431813 -0.026020669470021126 0.018208602257755072 0.033953118817316816 0.011982962891995821 -0.004461388981050269 -0.042320226411731263 0.016800125101136428 -0.013332425237706195 -0.0016552194894397508 -0.010787517498297188 0.054707460473496984 0.0038861069885181795 0.04653790266815501 0.0012930635895580425 0.089267008193020123 0.028736290228145386 -0.020913740378993621 -0.038639126136310709 0.0014960846934024892 0.036515762235822549 -0.0051170062982752399
leaf_weight=210.01434613484889 327.25770968571305 55.280408386141062 271.49646841734648 115.5172283872962 518.8021514127031 76.098417581990361 2536.2814833242446 85.839823370799422 500.11361863650382 207.60898876469582 264.6176949897781 306.25154391489923 1355.5394317805767 295.33144220151007 78.655579361133277 67.848575204610825 823.67210425902158 186.89130040444434 319.54790133796632 21.289227146655321 71.991819284856319 118.0926150623709 59.599227367900312 48.809648346155882 110.18188339006156 751.0357691468671 824.85487265326083 1853.9522504517809 72.246182188391685 145.97459349036217
leaf_count=11249 9902 403 21394 572 18832 1213 22434 3859 28085 7388 5085 1752 31835 2555 2493 1881 24937 6047 21548 113 303 487 945 1042 2277 53770 74685 52470 1376 2446
internal_value=-0.000145078 0.00631797 -0.0169839 0.0279999 0.00424707 0.00532046 0.00424192 0.000999969 -0.022692 0.000300742 0.029294 0.0453335 0.00705016 0.0080014 0.00886141 -0.0152897 -0.00378037 0.0161444 -0.0261479 0.000305706 0.011424 0.0308978 0.0269218 0.0366601 0.0494741 -0.0287685 -0.03403 -0.00214382 -0.00859691 0.00917551
internal_weight=12680.7 9165.81 3514.89 793.67 8372.14 8044.88 7704.16 847.84 2667.05 4977.8 340.716 421.769 1874.34 371.901 637.826 146.504 3103.45 491.322 2166.94 316.621 2726.37 190.084 304.431 218.591 158.992 1847.39 1096.35 2895.85 1041.89 218.221
internal_count=413378 184103 229275 5395 178708 168806 162508 29793 199482 139284 6298 2324 50667 3071 18544 4374 88617 14170 171397 2668 23224 790 8123 4264 3319 149849 96079 81229 28759 3822
is_linear=0
shrinkage=0.05


Tree=33
num_leaves=31
num_cat=0
split_feature=10 13 10 0 11 2 5 10 0 12 12 6 19 6 2 5 18 12 4 0 15 7 11 0 0 0 17 9 0 19
split_gain=505.572 138.38 122.861 85.7899 62.7521 56.468 79.0893 58.0291 46.3213 61.3644 51.5592 48.3278 46.0693 46.553 46.7596 71.6531 60.6301 55.5662 46.3356 42.9024 42.4921 41.3408 47.7152 40.6977 39.1506 37.2687 34.7268 36.8616 34.5742 34.379
threshold=0.013759807080363255 0.023063490519583948 0.052523167375508072 111.33450000000001 166.50000000000003 1.0000000180025095e-35 1556.5000000000002 0.010850664307903168 58.955000000000005 27125.500000000004 20612.500000000004 6319.5000000000009 0.13727511051711735 10.500000000000002 1.0000000180025095e-35 84.500000000000014 780.50000000000011 44687.500000000007 5.5000000000000009 97.005500000000012 24285.500000000004 929.50000000000011 3254.5000000000005 57.008500000000005 36.95600000000001 108.95500000000001 244.50000000000003 7490.0000000000009 47.955000000000005 0.019129561095127815
decision_type=2 2 2 2 2 2 2 2 2 2 2 2 2 2 2 2 2 2 2 2 2 2 2 2 2 2 2 2 2 2
left_child=1 3 4 -1 -2 28 -7 -8 23 10 11 -10 13 -4 -15 17 -17 -16 -18 -11 -12 -20 -23 29 -14 -21 27 -27 -3 -6
right_child=2 5 12 -5 8 6 7 -9 9 19 20 -13 24 14 15 16 18 -19 21 25 -22 22 -24 -25 -26 26 -28 -29 -30 -31
leaf_value=-0.028584152466695906 -0.022322495247923457 -0.0061199822485449844 0.027234987234988114 -0.010580890661637837 -0.018453383039244337 -0.033550024638914148 0.14641307910113718 -0.0029884507013912902 -0.0038880831198174616 0.014469552436246445 0.042208910323248562 0.1198696698572928 0.0012657906552083799 0.0047192206167690591 0.021891702770921014 -0.034672768999790597 0.03738188208623721 0.064655248852228092 -0.0061903312963383856 -0.020281979808797822 0.0042361588592173339 0.028833168982708619 0.0056731430334271988 -0.032581132532747741 0.071131799030187612 0.0057953675105069605 -0.0089219824412378034 0.09792667267940805 0.021191050075065752 0.0012848978253514644
leaf_weight=1659.1793238762766 289.31887483596802 171.84720506705344 393.77627395279706 1113.066978556104 278.49819459952414 151.88578622229397 6.2773391082882908 14.881640413776038 215.19766855798662 485.24902615323663 253.39865061081946 3.1816745083779088 30.733081325888634 2416.8128994219005 271.20837651379406 66.809956232085824 160.91481202840805 106.02779602445662 322.57835682667792 241.98679225705564 104.73848837614059 354.21795698441565 592.387061862275 124.10705840867013 53.70247308164835 862.99824017286301 559.22590506449342 6.0236203037202349 339.37605192698538 991.8857644982636
leaf_count=141067 11488 6923 3750 67158 12833 5419 123 344 5501 16810 3174 66 200 25964 2168 995 2046 752 3659 8774 1857 3451 5722 5698 311 21385 15556 117 8241 31826
internal_value=-0.000139135 -0.0164251 0.00599524 -0.0213878 -1.59796e-05 0.00369029 -0.0206228 0.0608485 0.00157311 0.00535489 0.0197693 0.000557741 0.0115553 0.0108633 0.00933093 0.0152496 0.0102743 0.0345996 0.0124875 0.00146271 0.0313149 0.00919698 0.0144455 -0.00582859 0.0471942 -0.00234804 0.000750646 0.00699053 0.0120401 -0.00309758
internal_weight=12641.5 3456.51 9184.98 2772.25 4415.81 684.268 173.045 21.159 4126.49 2732 576.516 218.379 4769.17 4684.73 4290.96 1874.14 1496.91 377.236 1430.1 2155.48 358.137 1269.18 946.605 1394.49 84.4356 1670.23 1428.25 869.022 511.223 1270.38
internal_count=413378 229275 184103 208225 135085 21050 5886 467 123597 73240 10598 5567 49018 48507 44757 18793 15873 2920 14878 62642 5031 12832 9173 50357 511 45832 37058 21502 15164 44659
is_linear=0
shrinkage=0.05


Tree=34
num_leaves=31
num_cat=0
split_feature=10 16 3 10 11 1 20 16 0 13 12 0 16 15 13 2 18 17 17 0 7 19 20 20 0 12 9 0 3 3
split_gain=462.03 150.714 131.524 95.394 79.0206 67.9234 63.049 57.3701 55.0279 50.24 48.5153 81.9326 48.6551 62.4344 48.2999 45.5174 68.9236 59.9876 45.2391 48.862 44.4814 60.8766 44.2649 59.9612 54.3572 44.2064 50.7059 41.5699 40.808 39.8269
threshold=0.013759807080363255 0.44590643274853808 30.500000000000004 0.18391408604683471 166.50000000000003 1.0000000180025095e-35 9.5000000000000018 0.019354249736434476 216.25000000000003 0.021829853463734897 27951.500000000004 237.23000000000005 0.026642046500569689 75021.500000000015 0.023063490519583948 1.0000000180025095e-35 7446.5000000000009 24.500000000000004 3508.5000000000005 444.97500000000008 660.50000000000011 0.022395621600541277 145.50000000000003 31.500000000000004 207.97500000000002 107872.50000000001 430.50000000000006 445.03000000000003 7.5000000000000009 1.0000000180025095e-35
decision_type=2 2 2 2 2 2 2 2 2 2 2 2 2 2 2 2 2 2 2 2 2 2 2 2 2 2 2 2 2 2
left_child=2 3 7 4 9 10 -7 -1 14 -2 11 12 13 -6 -4 18 17 -17 19 -12 -11 -22 23 25 -25 -19 -27 -21 -13 -3
right_child=1 29 8 -5 5 6 -8 -9 -10 20 15 28 -14 -15 -16 16 -18 22 -20 27 21 -23 -24 24 -26 26 -28 -29 -30 -31
leaf_value=-0.02108217277636612 -0.028845890784917491 0.019038776156042922 -0.027696613060742753 0.015218071312597149 -0.010817333609984416 0.076244755729196603 0.015620830176026893 0.0073054320938708396 -0.0065694183076893346 -0.0062622747142093947 -0.011442106006520139 0.064095685188137269 0.014585216802776482 0.018071809193391731 0.0025444489331248165 -0.013940141547921867 -0.0023906227510194617 -0.0065346868928315444 0.011975317266343575 0.080428783827452097 -0.0052484134381054898 0.14644777845805565 -0.0084019244072932008 0.0549357803149087 0.010860212751811871 0.054640103870310576 0.0022660941803702077 0.0066498806232978746 0.015828577569150664 0.05756535047066378
leaf_weight=233.14123224839568 314.89275990240276 125.55916897207499 1849.6010527750477 1687.7170356400311 635.26110800169408 48.129032555967569 245.6965602170676 699.4953992869705 477.43769890908152 94.569210417568684 1666.9024884821847 88.453887090086937 792.22557267919183 259.26327539607882 141.29189606942236 149.85920149832964 1534.0775769762695 182.15784913767129 304.63889469392598 16.578123636543751 13.267707064747812 7.5616893060505381 113.73873981460929 213.12194948922843 107.28144518472254 86.021999818272889 94.794068803079426 176.8654753677547 90.621937427669764 159.04083046317101
leaf_count=12987 11335 589 159294 10966 16514 837 4782 22867 27402 2263 46596 594 11401 3847 6725 4868 38349 5597 3740 319 422 163 2662 5505 1903 1914 3360 3471 1333 773
internal_value=-0.000130184 0.00568689 -0.0158654 0.00453215 0.00203099 0.00334969 0.0266607 0.000134496 -0.0218989 -0.0186251 0.00227821 0.00907677 0.00560219 -0.00239038 -0.0255494 -0.000458875 0.00416038 0.0147297 -0.00574989 -0.00867678 0.0093043 0.0675105 0.0201729 0.0249553 0.0405715 0.0108067 0.0279825 0.0148399 0.0407634 0.0411905
internal_weight=12609.3 9208.3 3400.97 8923.7 7235.98 6805.69 293.826 932.637 2468.33 430.291 6511.86 1865.83 1686.75 894.524 1990.89 4646.04 2481.05 946.975 2164.98 1860.35 115.399 20.8294 797.116 683.377 320.403 362.974 180.816 193.444 179.076 284.6
internal_count=413378 184103 229275 182741 171775 157592 5619 35854 193421 14183 151973 33689 31762 20361 166019 118284 64158 25809 54126 50386 2848 585 20941 18279 7408 10871 5274 3790 1927 1362
is_linear=0
shrinkage=0.05


Tree=35
num_leaves=31
num_cat=0
split_feature=10 12 16 19 12 12 3 1 3 9 16 11 14 8 18 5 13 3 8 16 16 21 19 13 7 9 2 18 12 22
split_gain=426.285 146.39 145.242 104.706 88.6906 72.8251 62.5096 61.5219 60.3509 52.2602 50.9236 54.7369 73.587 49.7997 47.2017 41.9854 39.7043 38.8223 38.1611 37.4632 62.7809 35.3053 34.5743 42.8234 36.1338 34.3225 60.2963 33.9651 33.11 47.9791
threshold=0.0098024874080703105 27125.500000000004 0.21466973886328727 0.019433676980091689 20191.500000000004 19382.500000000004 42.500000000000007 1.0000000180025095e-35 1.0000000180025095e-35 24.500000000000004 0.015714668292029749 3041.5000000000005 4194.5000000000009 132.50000000000003 82.500000000000014 1.0000000180025095e-35 0.037475624110421976 1.0000000180025095e-35 1.0000000180025095e-35 0.025251518820088786 0.034433744438670852 110.50000000000001 0.030945521007762881 0.020238451511608763 147.50000000000003 181.50000000000003 1.0000000180025095e-35 25953.500000000004 15702.500000000002 0.41707119741100329
decision_type=2 2 2 2 2 2 2 2 2 2 2 2 2 2 2 2 2 2 2 2 2 2 2 2 2 2 2 2 2 2
left_child=1 4 3 5 16 21 -7 10 -4 -8 17 12 14 -9 -12 -3 -1 -5 -17 -6 -21 -2 25 24 -24 26 -13 -14 -16 -30
right_child=2 15 8 7 19 6 9 13 -10 -11 11 22 27 -15 28 18 -18 -19 -20 20 -22 -23 23 -25 -26 -27 -28 -29 29 -31
leaf_value=-0.019378839811745957 -0.0070828644712213722 0.013810602073079631 0.011873735880052444 0.0019276002760124167 -0.0043276181146943427 0.016357096572669462 0.023892301595541898 0.041380514677574406 0.046986580303909217 -0.0090227583042878697 0.050172829556841027 0.00014595714618581828 0.085128687305135786 -0.0033618323869314781 0.0011150979474627623 -0.032313239337815762 0.008355171593965335 -0.028612891446632333 -0.01612766840566042 0.094147352729093581 0.018519872083991345 -0.035061303542289056 -0.033100652538082025 0.0047313903115736369 0.045115817179656216 -0.0073331809448442782 0.052849103477636508 0.0032886760613766428 0.010967481674765652 0.047535347515555333
leaf_weight=533.36156967189163 198.03753213770688 61.763570046983659 229.97048069536686 239.32491837348789 127.36049032676965 390.28672694787383 127.80607704073191 211.48237756546587 267.83199632167816 1326.575011190027 67.343820466659963 271.81586630269885 43.622638808563352 86.261219043284655 887.56672844383866 1180.7762913173065 166.5591731602326 178.31069438066334 550.48895745817572 27.407295083627105 210.0074262265116 266.67564904596657 13.358574735000728 1449.3767680926248 105.76266553066671 1198.1859686318785 62.81670784112066 17.708734015002847 1983.9244579803199 89.592315688729286
leaf_count=38541 4647 4135 1448 5822 7593 7310 1399 3586 1309 48559 692 5459 583 1285 13692 99115 6815 4529 40868 911 3186 11326 216 16972 1891 40244 923 243 39682 397
internal_value=-0.000121166 -0.0170789 0.00487397 0.00344426 -0.00237381 -0.00576356 -0.00128439 0.00652512 0.0310448 -0.00605835 0.00551078 0.00665273 0.0113575 0.0285765 0.010198 -0.0257799 -0.0127666 -0.011296 -0.027228 0.0174705 0.0290121 -0.0233406 0.00195472 0.00716283 0.0353644 -0.00338058 0.0106717 0.0635275 0.00920583 0.0126581
internal_weight=12571.4 2857.72 9713.64 9215.84 1064.7 2309.38 1844.67 6906.45 497.802 1454.38 6608.71 6191.08 3089.76 297.744 3028.43 1793.03 699.921 417.636 1731.27 364.775 237.415 464.713 3101.32 1568.5 119.121 1532.82 334.633 61.3314 2961.08 2073.52
internal_count=413378 201164 212214 209457 57046 73241 57268 136216 2757 49958 131345 120994 55289 4871 54463 144118 45356 10351 139983 11690 4097 15973 65705 19079 2107 46626 6382 826 53771 40079
is_linear=0
shrinkage=0.05


Tree=36
num_leaves=31
num_cat=0
split_feature=10 16 12 19 12 10 11 12 4 7 16 0 0 13 0 12 2 19 5 6 19 6 3 6 13 0 3 8 0 12
split_gain=390.474 134.157 132.706 92.6641 89.7453 80.1254 63.6868 62.1321 93.4986 70.5918 56.4261 53.1541 70.8866 50.7747 47.33 45.4444 44.5404 42.695 40.0812 39.6021 45.027 39.4829 81.9184 51.5918 38.6398 37.9093 36.9796 36.7044 33.8406 33.6886
threshold=0.011278801257090521 0.44590643274853808 27125.500000000004 0.0088280535969147388 20191.500000000004 0.18391408604683471 166.50000000000003 23858.500000000004 33.500000000000007 538.50000000000011 0.025230576409744635 444.97500000000008 445.03000000000003 0.021829853463734897 221.97000000000003 135749.50000000003 1.0000000180025095e-35 0.019506398840758686 1.0000000180025095e-35 1697.5000000000002 0.021940956154979468 7512.5000000000009 50.500000000000007 8761.5000000000018 0.037475624110421976 31.955000000000002 1.0000000180025095e-35 1.0000000180025095e-35 224.09500000000003 20612.500000000004
decision_type=2 2 2 2 2 2 2 2 2 2 2 2 2 2 2 2 2 2 2 2 2 2 2 2 2 2 2 2 2 2
left_child=2 3 4 -2 24 6 13 8 10 16 -8 15 -13 -5 27 21 -9 -18 -16 -15 -21 25 23 -23 -1 -11 -3 -4 -7 -12
right_child=1 26 14 5 -6 28 7 9 -10 11 29 12 -14 19 18 -17 17 -19 -20 20 -22 22 -24 -25 -26 -27 -28 -29 -30 -31
leaf_value=-0.01926627665897097 -0.024935272489592149 0.017524393995158913 -0.03374672918201254 -0.027963118809015055 0.016964907191978584 0.012233739903480048 0.0084028452347019288 0.0015950678242807133 -0.010144619971387967 -0.013075959963636828 0.019590732334204941 0.086952837992142873 0.0096063233051707914 -0.009611276924572738 0.059158099773600904 -0.0094930186840819688 0.0018888155404745866 0.030300486881900679 -0.011585558966109964 -0.011068513985610748 0.093755997903344768 0.13624181531943544 0.0077916985900844523 0.016990410984364636 0.0077924541801920946 0.0025153967053841049 0.054743716404463121 -0.017255270841326421 0.037304902505708809 0.045206008938900949
leaf_weight=536.40119144041091 268.02344325184822 126.54412995278835 966.42739151138812 285.92549381405115 391.75015921518207 1523.1244816575199 535.40803751163185 536.12693564407527 333.73849573452026 537.51331508439034 297.48683248087764 28.137334270402789 298.37733584083617 74.043095324188471 16.292543796822429 1722.3609721334651 194.02954514604062 414.87427988834679 347.52524080686271 15.882193399593232 19.686649166047573 16.454298835247755 390.89213040471077 18.548809638246894 171.3650405080989 1381.5420901952311 154.11961448192596 546.11431861482561 144.60621730983257 241.4100936781615
leaf_count=39328 8986 594 88123 11045 12193 9902 12408 13817 6325 9462 5331 630 6667 1881 839 58475 6598 8759 20484 525 336 213 5281 220 6948 30954 776 42767 754 2757
internal_value=-0.000114785 0.00481009 -0.0159156 0.00376885 -0.00210557 0.00463606 0.00238439 0.00349985 0.0128586 0.0011113 0.0200186 -0.00177333 0.0174826 -0.0170059 -0.0239809 -0.00333872 0.0121401 0.0213361 -0.00765846 0.0115492 0.0513544 0.00119218 0.0148708 0.0830705 -0.0127061 -0.00187426 0.0385629 -0.0278688 0.0145126 0.0313757
internal_weight=12534.7 9558.86 2975.88 9278.19 1099.52 9010.17 7342.44 6946.9 1408.04 5538.86 1074.3 4393.83 326.515 395.537 1876.36 4067.31 1145.03 608.904 363.818 109.612 35.5688 2344.95 425.895 35.0031 707.766 1919.06 280.664 1512.54 1667.73 538.897
internal_count=413378 202696 210682 201326 58469 192340 181684 167897 26821 141076 20496 111902 7297 13787 152213 104605 29174 15357 21323 2742 861 46130 5714 433 46276 40416 1370 130890 10656 8088
is_linear=0
shrinkage=0.05


Tree=37
num_leaves=31
num_cat=0
split_feature=10 12 16 19 0 5 2 12 1 12 0 19 16 10 0 18 12 17 12 5 0 0 6 11 21 16 18 5 13 8
split_gain=358.077 130.522 124.826 89.0512 100.859 73.9789 78.9454 62.807 56.4334 54.1299 50.9778 46.928 46.0804 46.4537 42.5361 41.5187 49.4018 53.9169 41.4954 40.6121 39.9192 39.2081 38.3719 53.5157 39.5339 40.1707 37.8037 37.2454 36.4853 35.6215
threshold=0.0098024874080703105 27125.500000000004 0.44590643274853808 0.019433676980091689 224.09500000000003 1751.5000000000002 1.0000000180025095e-35 20191.500000000004 1.0000000180025095e-35 20191.500000000004 48.955000000000005 0.052203318769583833 0.015714668292029749 0.25025879917184274 221.97000000000003 3526.5000000000005 5885.5000000000009 1012.5000000000001 23034.500000000004 957.50000000000011 49.000500000000009 49.956500000000013 2665.5000000000005 146.50000000000003 593.50000000000011 0.023477773483322192 21108.500000000004 1.0000000180025095e-35 0.021829853463734897 32.500000000000007
decision_type=2 2 2 2 2 2 2 2 2 2 2 2 2 2 2 2 2 2 2 2 2 2 2 2 2 2 2 2 2 2
left_child=1 5 3 4 9 6 7 11 12 -2 -11 -1 -5 15 -3 29 21 -18 28 -10 -20 -17 23 -6 -24 -26 -19 -16 -12 -14
right_child=2 14 -4 8 22 -7 -8 -9 19 10 18 -13 13 -15 27 16 17 26 20 -21 -22 -23 24 -25 25 -27 -28 -29 -30 -31
leaf_value=-0.013718260392542762 -0.027519044808974089 -0.028397987032747419 0.037121380080766285 -0.010888282225662422 -0.0099820714832037465 0.14043328204832506 -0.026516804159905046 0.022610019261634012 0.042822066130037528 -0.025560567698182775 0.012880895694705916 0.025412511478758879 0.0078982961995277528 0.018140780010840338 0.054449160949059286 0.080054609958039133 -0.0024495589508882159 0.022654560864793751 0.043378177714569977 0.0071224175546522467 -0.0064048238098913454 -0.0042671786305598881 0.018807067942717661 0.059960943345010967 0.070000297812217144 -0.015402523208257074 0.0049500324244458674 -0.012586129528186602 0.091477558927952993 0.028158620942703862
leaf_weight=399.02073604241014 391.41474278643727 1371.3744236249477 278.12622181326151 413.691346895881 38.66647756844759 4.0231514032930127 268.08654179610312 296.94569463748485 170.96005761995912 269.58260895684361 64.683984890580177 89.747512157075107 812.46041595283896 722.95516587048769 17.223837587982416 31.483296001330018 2709.9993945583701 376.79044051654637 37.130388338118792 149.90111084189266 925.00208614300936 21.381235239095986 263.80823638662696 78.989912115037441 9.8260596636682731 201.96512213163078 1456.2311554960907 319.24047188460827 15.032103544101117 294.37172495853156
leaf_count=27867 14924 123862 1372 10351 878 60 16546 8842 1878 12155 1269 3731 18985 3784 839 569 73649 4260 1511 3081 30892 443 5111 828 270 5246 16063 19417 213 4482
internal_value=-0.000107002 -0.015967 0.00440487 0.00342351 -0.00513691 -0.00214704 -0.00335198 0.00466959 0.00617029 -0.0113162 -0.00639408 -0.0063485 0.00519745 0.00624073 -0.0244957 0.00471754 0.00261688 0.00202987 -0.00133628 0.026509 -0.00426928 0.0485286 0.0125461 0.037505 0.00604565 -0.00991718 0.00864105 -0.00840751 0.0322262 0.0133891
internal_weight=12500.1 2765.66 9734.45 9456.33 2296.1 1057.82 1053.8 785.714 7160.23 1702.85 1311.43 488.768 6839.36 6425.67 1707.84 5702.72 4595.89 4543.02 1041.85 320.861 962.132 52.8645 593.256 117.656 475.599 211.791 1833.02 336.464 79.7161 1106.83
internal_count=413378 201164 212214 210842 73297 57046 56986 40440 137545 60964 46040 31598 132586 122235 144118 118451 94984 93972 33885 4959 32403 1012 12333 1706 10627 5516 20323 20256 1482 23467
is_linear=0
shrinkage=0.05


Tree=38
num_leaves=31
num_cat=0
split_feature=22 13 10 16 16 0 20 2 15 12 5 17 5 19 17 7 12 0 19 8 3 0 3 14 10 12 3 6 12 3
split_gain=328.197 117.209 101.255 86.2961 59.8505 57.1622 55.4908 71.4427 61.0154 58.0384 44.0347 42.5132 39.876 45.7146 39.4117 39.1482 59.3483 38.8839 38.4005 36.7198 32.6064 31.9526 30.8146 30.7168 30.0984 31.1814 30.0012 37.3123 32.3215 29.9799
threshold=0.026861558327406377 0.021829853463734897 0.0045951862156479676 0.44590643274853808 0.015714668292029749 134.96000000000001 130.50000000000003 1.0000000180025095e-35 42.500000000000007 20191.500000000004 81.500000000000014 20.500000000000004 132.50000000000003 0.022785494728512528 549.50000000000011 556.50000000000011 28997.500000000004 115.02000000000002 0.024540050350633957 86.500000000000014 27.500000000000004 149.96000000000001 1.0000000180025095e-35 23.500000000000004 0.25025879917184274 47152.500000000007 1.0000000180025095e-35 1697.5000000000002 22619.500000000004 1.0000000180025095e-35
decision_type=2 2 2 2 2 2 2 2 2 2 2 2 2 2 2 2 2 2 2 2 2 2 2 2 2 2 2 2 2 2
left_child=1 2 5 4 26 -1 7 8 29 12 14 -12 -9 -14 -11 -13 19 18 -4 -17 -7 -3 23 -5 -8 -26 -2 -28 -29 -6
right_child=3 21 17 22 6 20 24 9 -10 10 11 15 13 -15 -16 16 -18 -19 -20 -21 -22 -23 -24 -25 25 -27 27 28 -30 -31
leaf_value=-0.03032578824465948 0.00070214151492763686 -0.0009561496354339445 -0.018522072535541244 -0.0029186458628132706 0.018559588542430627 0.014815475502163639 -0.0043217592756969866 0.018376159855804007 0.0021876347318000671 0.05266284200262792 -0.017241137819806081 0.035509716970357381 -0.034791072150868255 0.002776710688374128 0.0066521026935618651 0.047955552638075945 0.0082562687329471949 0.00013673981697947613 -8.9435265963340883e-05 0.0092716622949694724 -0.016094474731328207 0.017967617997263426 0.049900057513580842 0.04934953732561996 -0.0064750826009884136 0.052937201669005611 -0.033540969445299322 0.088987317397197563 -0.007249033305872208 0.072441256827900258
leaf_weight=1061.956333973445 234.96216478478163 712.85227789264172 917.18389926850796 81.752135798335075 77.747264897450805 100.55500626005232 1267.1512165945023 263.58842082601041 2829.0053268726915 168.55879070982337 82.510802047327161 281.91999904066324 100.42255393322557 346.54800894949585 65.773080170154572 178.22481215186417 879.0281938361004 1010.6333965426311 407.44197761267424 96.495921147987247 455.82590790651739 319.34884181246161 142.18925239145756 37.433253079652786 38.905730284750462 43.275710985064507 188.81748032569885 6.9446403589099637 29.984978456050158 37.932889139279723
leaf_count=109651 5335 24963 58803 371 563 3753 23066 2912 41562 1387 2158 4271 3295 4724 428 1690 16332 38773 23006 1163 33525 4906 747 168 210 199 4575 136 528 178
internal_value=-9.65488e-05 -0.0100278 -0.0139413 0.00652612 0.00549053 -0.0235374 0.00668137 0.00894307 0.00367688 0.0152188 0.0200949 0.0168766 0.00313602 -0.00595529 0.0401572 0.0188905 0.0146938 -0.00725508 -0.012874 0.0347764 -0.0104259 0.004957 0.0344838 0.0148235 -0.00238246 0.0260524 -0.0118594 -0.0246656 0.0193017 0.0384974
internal_weight=12465 4985.8 3953.6 7479.17 7217.8 1618.34 6757.09 5407.76 2944.69 2463.07 1752.51 1518.18 710.559 446.971 234.332 1435.67 1153.75 2335.26 1324.63 274.721 556.381 1032.2 261.375 119.185 1349.33 82.1814 460.709 225.747 36.9296 115.68
internal_count=413378 297380 267511 115998 114712 146929 104138 80663 42303 38360 27429 25614 10931 8019 1815 23456 19185 120582 81809 2853 37278 29869 1286 539 23475 409 10574 5239 664 741
is_linear=0
shrinkage=0.05


Tree=39
num_leaves=31
num_cat=0
split_feature=10 12 16 3 19 5 2 1 22 0 12 2 19 19 0 16 8 0 14 22 3 0 0 0 16 13 0 0 14 18
split_gain=301.906 120.123 106.156 90.2645 76.932 66.6208 73.2326 61.2185 58.9312 57.361 53.3202 47.0645 41.2798 41.1409 40.8559 37.7683 38.7734 37.6822 36.0766 36.1008 39.8873 43.3611 34.4887 34.0234 33.4526 42.3038 37.5764 32.8404 31.2045 30.968
threshold=0.0098024874080703105 27125.500000000004 0.076018452663189517 1.5000000000000002 0.0088280535969147388 1751.5000000000002 1.0000000180025095e-35 1.0000000180025095e-35 0.031777040308271755 108.95500000000001 20191.500000000004 1.5000000000000002 0.044365446367174939 0.13727511051711735 108.95500000000001 0.006754018764330052 9.5000000000000018 115.02000000000002 209.50000000000003 0.32003460207612461 72.500000000000014 335.00500000000005 36.95600000000001 107.01000000000001 0.049148980498126001 0.10484100726036212 25.955000000000002 54.505000000000003 209.50000000000003 6321.5000000000009
decision_type=2 2 2 2 2 2 2 2 2 2 2 2 2 2 2 2 2 2 2 2 2 2 2 2 2 2 2 2 2 2
left_child=1 5 4 9 -2 6 10 8 17 -4 12 -5 -1 18 -3 -9 -17 23 -10 20 21 24 -15 28 25 -20 -27 -14 -6 -22
right_child=2 14 3 11 7 -7 -8 15 13 -11 -12 -13 27 22 -16 16 -18 -19 19 -21 29 -23 -24 -25 -26 26 -28 -29 -30 -31
leaf_value=-0.012904404394692022 -0.023798496942486608 -0.029811536109998045 0.0043835925874127022 0.072633608434402905 -0.026957034721649422 0.13028426961632775 -0.025635918632136701 -0.034848241045871503 -0.0056045807777665747 0.055027560098382326 0.021071519021514887 0.026747071945541007 -0.0025874836460426792 -0.0083997701082911391 -0.013534707762099796 0.055673374471946049 0.017085659404392328 0.0030823731608559746 0.012099595973350419 0.018665647124801212 0.0078101879817980141 0.049060949668649934 0.054138483628029102 -0.033106851329907844 0.00058398910610999181 0.0034068361323450827 0.074582859753618017 0.054485154923429847 -0.0038412239286193897 -0.0027159349231012393
leaf_weight=384.00867147743702 266.00285319704562 982.13592203054577 495.76050432212651 98.977568274363875 162.54765768256038 4.4815285028889766 258.98671835940331 22.472679640166461 754.20850311312824 58.19109720364213 302.28426179662347 142.28184047341347 55.527892095968127 29.440230242908001 655.69784589298069 83.956306669861078 274.38107073027641 1070.5146455783397 710.17386543750763 508.5377722196281 1123.2954341676086 67.822389900684357 70.414385376498103 131.02088318578899 611.7839081287384 28.942431475967169 49.200969070196152 40.512435427866876 1156.4113402189687 1830.8756653172895
leaf_count=27573 9656 97673 3776 512 8354 60 16546 636 13452 309 8842 885 2502 209 46445 1385 5185 32381 9816 2514 19585 612 423 6560 6634 296 496 1523 54734 33804
internal_value=-8.94906e-05 -0.0149237 0.00400028 0.0214493 0.00243916 -0.00166929 -0.00285705 0.0032559 0.00234995 0.0101483 0.00479868 0.0466647 -0.00555983 0.00512884 -0.0233562 0.0227276 0.0267683 -0.00402532 0.00455213 0.00610984 0.00464648 0.0113681 0.036179 -0.00926546 0.00937414 0.0161492 0.0500112 0.0229922 -0.00678105 0.00129296
internal_weight=12430.8 2683.64 9747.21 795.211 8952 1045.8 1041.32 8686 8305.19 553.952 782.333 241.259 480.049 5784.7 1637.83 380.81 358.337 2520.49 5684.84 4930.63 4422.09 1467.92 99.8546 1449.98 1400.1 788.317 78.1434 96.0403 1318.96 2954.17
internal_count=413378 201164 212214 5482 206732 57046 56986 197076 189870 4085 40440 1397 31598 87841 144118 7206 6570 102029 87209 73757 71243 17854 632 69648 17242 10608 792 4025 63088 53389
is_linear=0
shrinkage=0.05


Tree=40
num_leaves=31
num_cat=0
split_feature=10 12 16 19 0 2 3 12 0 13 0 20 1 10 5 12 2 12 4 3 0 10 6 14 0 3 17 19 17 12
split_gain=277.87 106.381 102.468 74.509 91.5208 59.0417 57.4301 49.226 47.3132 53.9536 45.9817 42.9116 60.353 52.0524 42.0095 41.4128 41.0668 71.1227 39.1389 35.3111 34.8704 31.5644 31.2209 34.4206 33.1964 29.8164 32.614 29.63 30.4725 29.2198
threshold=0.0075568693019981764 27125.500000000004 0.44590643274853808 0.019433676980091689 224.09500000000003 1.0000000180025095e-35 163.50000000000003 20191.500000000004 54.505000000000003 0.032314373705187451 48.955000000000005 130.50000000000003 1.0000000180025095e-35 0.031601069674464181 1.0000000180025095e-35 23034.500000000004 1.5000000000000002 45540.500000000007 6.5000000000000009 1.0000000180025095e-35 49.000500000000009 0.25025879917184274 22.500000000000004 61.500000000000007 42.95450000000001 99.500000000000014 391.50000000000006 0.016457011089662445 710.50000000000011 47152.500000000007
decision_type=2 2 2 2 2 2 2 2 2 2 2 2 2 2 2 2 2 2 2 2 2 2 2 2 2 2 2 2 2 2
left_child=1 5 3 4 7 8 -6 -2 -1 -10 -9 12 13 -5 -3 18 22 -18 -12 -4 -17 -13 24 -24 -15 26 -25 -11 -29 -23
right_child=2 14 19 11 6 -7 -8 10 9 27 15 21 -14 16 -16 20 17 -19 -20 -21 -22 29 23 25 -26 -27 -28 28 -30 -31
leaf_value=-0.012699610946178302 -0.026421234190651385 0.015969133939962275 0.013643976592213048 -0.0012085958487199734 0.025765706898050279 -0.024540053060622166 -0.0045652688495631246 -0.024103960047007971 0.0044815894255647564 -0.016712568387015122 0.057968041679239274 -0.0051970785951616534 0.031245600083863428 0.0092318460740117517 -0.0258523336436014 0.038408318016062766 0.0096067875482755746 0.04302849342064001 -0.0085049087589226992 0.050085923459658038 -0.0064406328158006527 -0.0050888338122014555 -0.014995204455017209 0.023603619977618367 0.04264980887377922 0.0021079551381547341 0.0059787084615564789 0.073601193394263728 0.0089196481512535085 0.050487978725841293
leaf_weight=269.38801531214267 385.75647526048124 59.614392823539674 128.5352493673563 1759.4954343717545 326.99042901396751 231.92972815223038 292.07776500284672 281.41367099154741 391.79535314813256 14.63744358345866 48.874513490125537 1200.2057675234973 241.55635708384216 213.88308752141893 1359.9502310315147 40.415193475782871 548.2389386612922 221.81302454136312 35.669634964317083 144.91733495891094 967.7971192933619 42.514193400740623 196.4523983746767 421.49600284174085 112.11955654621124 1630.9065185207874 695.28159362450242 60.628112219274044 27.306247813627124 46.041230522096157
leaf_count=16633 15664 4135 602 70827 6084 15358 7094 13910 20540 450 916 21274 4158 2605 126450 1690 6754 3252 659 780 34630 249 2202 4930 1121 21445 6665 1371 709 221
internal_value=-8.18377e-05 -0.0152818 0.00360158 0.00274243 -0.00493887 -0.00272847 0.0115336 -0.0107494 0.00401159 0.0131537 -0.00627022 0.00523711 0.00700312 0.00596738 -0.0240462 -0.00158869 0.00909013 0.0194494 0.0310138 0.0335091 -0.00446215 -0.0030364 0.00662477 0.00497814 0.0211957 0.00643083 0.0127063 0.044531 0.0550762 0.0249604
internal_weight=12397.7 2415.25 9982.45 9709 2378.99 995.685 619.068 1759.93 763.755 494.367 1374.17 7330 6041.24 5799.69 1419.56 1092.76 4040.19 770.052 84.5441 273.453 1008.21 1288.76 3270.14 2944.14 326.003 2747.68 1116.78 102.572 87.9344 88.5554
internal_count=413378 185646 227732 226350 80647 55061 13178 67469 39703 23070 51805 145703 123959 119801 130585 37895 48974 10006 1575 1382 36320 21744 38968 35242 3726 33040 11595 2530 2080 470
is_linear=0
shrinkage=0.05


Tree=41
num_leaves=31
num_cat=0
split_feature=10 12 16 11 1 12 10 2 5 0 13 5 0 0 3 0 0 0 10 13 3 15 12 5 0 6 14 0 12 17
split_gain=254.286 100.068 94.1035 67.7099 61.085 60.8501 57.8223 54.6408 43.0815 42.717 46.8146 39.3146 36.7574 44.8843 40.5383 37.2109 43.5016 36.5109 35.4564 45.2267 33.6244 30.3239 29.0011 28.2981 28.1316 27.2376 26.8558 25.2103 43.3181 43.1064
threshold=0.0075568693019981764 27125.500000000004 0.44590643274853808 166.50000000000003 1.0000000180025095e-35 6854.5000000000009 0.043301562507987938 1.0000000180025095e-35 756.50000000000011 54.505000000000003 0.032314373705187451 1.0000000180025095e-35 58.955000000000005 57.008500000000005 78.500000000000014 48.955000000000005 49.000500000000009 261.97500000000008 0.41707119741100329 0.020047220361610496 1.0000000180025095e-35 10301.500000000002 7968.5000000000009 1751.5000000000002 108.50500000000001 2726.5000000000005 23.500000000000004 137.97300000000004 26304.500000000004 1012.5000000000001
decision_type=2 2 2 2 2 2 2 2 2 2 2 2 2 2 2 2 2 2 2 2 2 2 2 2 2 2 2 2 2 2
left_child=1 7 3 5 6 21 12 9 -6 -1 -11 -3 13 15 17 22 -17 -14 27 -20 26 -2 -5 -9 -13 -19 -4 29 -29 -8
right_child=2 11 20 4 8 -7 18 23 -10 10 -12 24 14 -15 -16 16 -18 25 19 -21 -22 -23 -24 -25 -26 -27 -28 28 -30 -31
leaf_value=-0.012223097193339987 -0.0081655904098285846 0.015016059053459067 -0.0023698043791941532 0.022599820792191049 0.039981964149645582 -0.035263647908698813 -0.002664575902916765 -0.026680087969893903 0.0076019655059196131 0.0042429927448579072 0.0410750492758514 -0.031253435278931742 0.0061702920664622914 -0.035777973980302538 -0.0021832711514018499 0.039043402072558853 -0.0027726912611065217 0.061469158039798133 0.042831622639664037 0.0051565991407097932 0.048668150856653575 0.029403864198887866 -0.012431915700178028 0.070892024714924215 -0.016157847564365464 0.01548498593260398 0.045447309316725706 0.032385416177580673 0.0067376582890933609 0.0084482308513012198
leaf_weight=266.17409722879529 294.35884386301041 60.521527136676013 90.524002313613892 58.789575699716806 184.16286527831107 208.18440561462194 1620.4293085504323 223.62381909694523 231.30152838863432 393.37531389482319 106.03416446782649 787.32009436748922 606.54918154142797 130.01060156989843 1874.8408086737618 85.949114868417382 194.85137532930821 51.82591213658452 142.87274939008057 176.09620874375105 141.90496854484081 60.46416937187314 878.55917188245803 2.9944584546610704 538.90989678446203 85.481250435113907 38.139936432242393 207.85686936788261 745.11809022538364 1881.2720456086099
leaf_count=16633 8244 4135 430 1958 2135 8184 25143 15322 5415 20540 2530 84906 14533 7432 69001 4270 8468 370 637 821 780 1246 38075 36 41544 1678 172 1765 9544 17431
internal_value=-7.68614e-05 -0.0147502 0.00342314 0.00260479 0.0036422 -0.0141498 0.00274503 -0.0026038 0.0222598 0.00381068 0.0123928 -0.0234002 -0.00171529 -0.00840719 0.00173929 -0.00535165 0.0104858 0.0115744 0.00644943 0.0224326 0.0322381 -0.00144388 -0.0101265 -0.0238883 -0.0252031 0.0343914 0.0129745 0.00528112 0.0124716 0.00330926
internal_weight=12368.5 2378.95 9989.54 9718.97 9155.97 563.007 8740.5 992.202 415.464 765.584 499.409 1386.75 3966.86 1348.16 2618.7 1218.15 280.8 743.856 4773.65 318.969 270.569 354.823 937.349 226.618 1326.23 137.307 128.664 4454.68 952.975 3501.7
internal_count=413378 185646 227732 226350 208676 17674 201126 55061 7550 39703 23070 130585 145785 60203 85582 52771 12738 16581 55341 1458 1382 9490 40033 15358 126450 2048 602 53883 11309 42574
is_linear=0
shrinkage=0.05


Tree=42
num_leaves=31
num_cat=0
split_feature=10 12 16 3 2 19 5 2 11 0 6 12 6 9 0 5 19 17 0 6 16 19 5 12 0 11 6 12 3 0
split_gain=233.227 95.8129 88.155 83.4439 63.3315 61.0823 53.064 67.9584 57.8789 44.8794 103.247 46.6368 42.6575 62.4676 41.7816 38.8483 38.1056 36.7876 34.1361 37.6844 36.8082 33.0305 36.0488 32.9658 32.4921 32.051 42.0742 49.8156 47.0098 46.9712
threshold=0.0069208942126782321 31728.500000000004 0.059567444225428423 1.0000000180025095e-35 1.0000000180025095e-35 0.0099619490609670572 81.500000000000014 1.0000000180025095e-35 166.50000000000003 237.23000000000005 2726.5000000000005 187368.50000000003 8677.5000000000018 1076.5000000000002 444.97500000000008 1.0000000180025095e-35 0.13727511051711735 549.50000000000011 58.955000000000005 10.500000000000002 0.015714668292029749 0.019256628645406667 5177.5000000000009 4584.5000000000009 500.01500000000004 308.50000000000006 6289.5000000000009 21022.500000000004 38.500000000000007 28.534000000000002
decision_type=2 2 2 2 2 2 2 2 2 2 2 2 2 2 2 2 2 2 2 2 2 2 2 2 2 2 2 2 2 2
left_child=1 4 5 -4 16 -2 7 -7 23 11 -11 21 -12 14 -14 -3 18 -9 -1 -20 -21 22 -10 -8 -16 -23 -27 29 -29 -28
right_child=2 15 3 -5 -6 6 8 17 9 10 12 -13 13 -15 24 -17 -18 -19 19 20 -22 25 -24 -25 -26 26 27 28 -30 -31
leaf_value=-0.012066880500132712 -0.019321704048250551 0.017532613968098573 0.00156772247441041 0.0318425245600336 -0.026314154817604237 0.0042269389873388014 -0.00079146290037901369 0.035335724797896324 -0.007706704171648468 0.054061976028131446 -0.0012393725350743586 -0.0079824640891458243 0.013114390713181281 -0.00423888889147151 0.12150632736439176 -0.025953980061083279 0.08953294064897703 9.3593654723999337e-05 0.065224479572163138 -0.024272791918919359 0.011603899439122659 0.031668613025044569 0.084946112296993156 -0.034657544716291525 0.043649728082179907 -0.00093497753415680389 0.0037439465449128568 0.043544922327665214 0.0058431046783749508 0.09417979268674076
leaf_weight=293.02609231695533 327.28456636890769 50.396654020063579 420.59554274752736 492.40687909163535 233.54862217511982 1055.7702021747828 121.80431075114757 337.08255039248616 822.98483726102859 118.70075194723904 681.80887929908931 1400.4493742948398 67.82859837077558 123.36164651066065 17.574232582002878 1160.9481947552413 7.4957233527675262 94.539571523666382 23.285257713869214 80.477625921368599 436.91740291193128 100.13183102943003 5.6586068915203205 171.07947544008493 62.142686048522592 2105.0122028393671 25.950797293335199 83.167591593228281 1385.8433746350929 28.379806948825717
leaf_count=18743 12673 3690 3503 3247 16077 13641 4137 3537 32463 940 15510 53877 1406 3068 265 118392 285 755 697 4493 18961 2474 261 8173 1021 37441 373 1637 31271 367
internal_value=-7.08308e-05 -0.0144675 0.00320971 0.0179802 -0.00357175 0.00172469 0.00251713 0.0111103 0.000765098 0.00167879 0.0110747 -1.884e-05 0.00546451 0.0220533 0.0434544 -0.0240801 0.00286056 0.027706 0.00155219 0.00897609 0.00584459 0.00243452 -0.00656831 -0.020823 0.0669721 0.00444149 0.00364756 0.00996222 0.00811805 0.0549393
internal_weight=12335.7 2286.1 10049.6 913.002 1074.75 9136.56 8809.27 1487.39 7321.88 7029 1071.42 5957.58 952.716 270.907 147.546 1211.34 841.202 431.622 833.706 540.68 517.395 4557.13 828.643 292.884 79.7169 3728.49 3628.35 1523.34 1469.01 54.3306
internal_count=413378 181338 232040 6750 59256 225290 212617 17933 194684 182374 22210 160164 21270 5760 2692 122082 43179 4292 42894 24151 23454 106287 32724 12310 1286 73563 71089 33648 32908 740
is_linear=0
shrinkage=0.05


Tree=43
num_leaves=31
num_cat=0
split_feature=10 12 19 0 0 2 14 3 12 5 21 4 3 2 17 9 12 18 2 6 10 0 13 13 17 0 6 6 8 14
split_gain=213.671 93.7748 77.7556 99.0307 60.477 58.0545 57.581 46.5055 46.2763 43.567 42.7415 39.9666 51.0295 51.2932 44.8267 53.0592 48.1989 46.0931 41.012 44.3759 39.8818 36.7486 42.8798 36.4158 31.2899 30.0023 37.3663 28.7987 28.7836 30.5239
threshold=0.0045951862156479676 27951.500000000004 0.02374155458632957 115.02000000000002 5.0070000000000006 1.0000000180025095e-35 481.50000000000006 27.500000000000004 23034.500000000004 18.500000000000004 1.0000000180025095e-35 5.5000000000000009 18.500000000000004 1.0000000180025095e-35 1012.5000000000001 1883.5000000000002 5885.5000000000009 4447.5000000000009 6.5000000000000009 10.500000000000002 0.022390097573302254 54.505000000000003 0.032314373705187451 0.10619811914209047 695.50000000000011 272.07000000000005 2726.5000000000005 4202.5000000000009 64.500000000000014 1493.5000000000002
decision_type=2 2 2 2 2 2 2 2 2 2 2 2 2 2 2 2 2 2 2 2 2 2 2 2 2 2 2 2 2 2
left_child=1 5 3 4 -2 21 -6 25 -8 -9 -3 12 -4 -14 16 18 17 -13 19 -16 -10 -1 -23 -15 -18 -5 -27 -17 29 -11
right_child=2 10 11 7 6 -7 8 9 20 28 -12 14 13 23 15 27 24 -19 -20 -21 -22 22 -24 -25 -26 26 -28 -29 -30 -31
leaf_value=-0.012335447362764138 0.12230556008953795 0.01414375568547961 0.029604050400998717 0.0099917212044846309 -0.027570107646259241 -0.027390797490726839 0.023379458756883159 0.037640949730473619 -0.018929768787463431 -0.011250983264723241 -0.027144906891146844 0.010145173533572303 -0.0014567345355669054 0.022993809544660598 0.030775759610258465 -0.0175117462907626 -0.00026713092487689499 0.071273970476541965 0.060032306749468647 0.0081282438012482954 -0.0023780258858507549 0.002746791864642481 0.037093841375684576 -0.022705078393285259 -0.014925167025576181 0.054358532113715441 0.0048611736282389703 0.007537325881698597 -0.015869185082370577 0.0074742258457562759
leaf_weight=256.96382258972153 3.6048220349475733 63.724654213525355 362.94847451429814 369.12973422836512 403.2707472378388 193.62772061116993 115.13461776915938 70.859928205609322 594.93764799647033 295.18609860166907 1033.8594692843035 238.50508678331971 637.26717991568148 514.04865417350084 242.12266208603978 261.97265768237412 1390.9486501906067 30.889245952479541 38.630936706438661 1805.6327476194128 929.49243583809584 395.73276490857825 113.31792497262359 43.639791594818234 488.25103017594665 97.925311056897044 62.252675635740161 197.35139710828662 266.15091558080167 787.41468637809157
leaf_count=16470 91 4412 5046 5247 17566 14081 3277 453 41990 8555 107710 3186 14197 12476 2530 4682 37973 496 258 16445 26798 20539 2620 501 9994 858 589 3332 6602 24404
internal_value=-6.11701e-05 -0.0147463 0.00289266 -0.0025538 -0.010224 -0.00329906 -0.0107559 0.00550575 -0.00654899 0.000770591 -0.0246945 0.00637237 0.0133007 0.00824607 0.00406136 0.00854348 -0.00125668 0.0183253 0.011926 0.0108745 -0.00887842 0.00292881 0.0106791 0.0192478 -0.00410506 0.0180795 0.035851 -0.00678399 -0.00129835 0.00234029
internal_weight=12304.8 2057.23 10247.6 3995.36 2046.44 959.642 2042.84 1948.92 1639.56 1419.61 1097.58 6252.21 1557.9 1194.96 4694.3 2545.71 2148.59 269.394 2086.39 2047.76 1524.43 766.015 509.051 557.688 1879.2 529.308 160.178 459.324 1348.75 1082.6
internal_count=413378 165832 247546 136430 89722 53710 89631 46708 72065 40014 112122 111116 32220 27174 78896 27247 51649 3682 19233 18975 68788 39629 23159 12977 47967 6694 1447 8014 39561 32959
is_linear=0
shrinkage=0.05


Tree=44
num_leaves=31
num_cat=0
split_feature=10 12 16 16 3 19 2 21 0 3 5 6 0 10 13 19 6 19 12 4 6 16 0 6 3 1 0 3 0 5
split_gain=195.633 88.4324 82.7963 60.5749 71.549 65.521 57.906 54.4312 48.2716 43.1356 42.4345 38.2169 37.9459 37.8664 39.3663 34.7315 33.3738 49.3435 35.9101 32.8717 30.8574 36.2527 29.7025 39.5519 30.4166 29.6361 30.2903 29.6127 29.1584 27.533
threshold=0.0045951862156479676 31728.500000000004 0.44590643274853808 0.011164296169892996 30.500000000000004 0.020055326384596384 1.0000000180025095e-35 604.50000000000011 58.955000000000005 1.0000000180025095e-35 19.500000000000004 1697.5000000000002 224.09500000000003 0.41707119741100329 0.020051779422561106 0.13727511051711735 7947.5000000000009 0.037551149206921652 23858.500000000004 53.500000000000007 10.500000000000002 0.011164296169892996 418.87000000000006 8677.5000000000018 130.50000000000003 1.0000000180025095e-35 411.37500000000006 1.0000000180025095e-35 54.505000000000003 1.0000000180025095e-35
decision_type=2 2 2 2 2 2 2 2 2 2 2 2 2 2 2 2 2 2 2 2 2 2 2 2 2 2 2 2 2 2
left_child=1 6 3 9 7 8 15 19 -6 -2 -10 -11 -3 -7 -15 20 18 -18 -9 25 -1 -22 -12 24 -24 26 -5 -4 -23 -14
right_child=2 12 27 4 5 13 -8 16 10 11 22 -13 29 14 -16 -17 17 -19 -20 -21 21 28 23 -25 -26 -27 -28 -29 -30 -31
leaf_value=0.037074318597311889 -0.00030681989450132512 -0.029694494436946651 0.012218562979819263 0.013385511052698066 -0.01988229113127209 0.0023954412714918376 -0.027607813107514024 0.013005677283521417 0.030334079730178456 -0.033504466175781254 -0.0082057268154626245 0.042314641893680525 0.048912666112636012 0.049806709403771215 0.0050632528437364963 0.083217514436950746 0.0071658548856511116 0.096423804823820555 -0.0060731176698230827 -0.041152556665727293 -0.030358903115919145 -0.012799719444251954 0.039327797950874072 0.053534624115637412 -0.0082329005398264904 0.044061675360940189 0.052912729505856383 0.046034568876376414 0.0093891599412779178 -0.0113107372380348
leaf_weight=49.700062130577862 268.84516956843436 794.84980844380334 128.95421196520329 1431.2875213958323 557.07601970992982 4434.6275577489287 199.89471863117069 346.86301796790212 86.697004143148661 244.81068529188633 1123.4454983752221 13.618807110935448 16.015329040586948 82.477800060063601 115.15665633231401 7.9869528114795676 53.687538284808397 17.29607040528208 819.72174562327564 20.430022067390382 92.072396808303893 212.62129472009838 37.180227380245924 39.769050564616919 160.68946356885135 88.620866969227791 45.907590083777905 135.72082959115505 458.71646839613095 195.63022359926254
leaf_count=1878 7056 93037 605 17431 30109 110882 14815 5999 620 8426 44103 262 767 359 527 283 1727 215 11276 159 6134 13839 915 837 4099 760 399 780 20240 14839
internal_value=-5.66885e-05 -0.0142284 0.00275131 0.00201216 0.00293408 9.60757e-05 -0.00382711 0.0095926 -0.00744435 -0.0144022 -0.00260654 -0.0287816 -0.0247085 0.0033641 0.0245041 0.00209432 0.00172063 0.0338286 -0.000369086 0.0157095 0.000793747 -0.00179409 -0.0048081 0.0110924 0.00145291 0.01658 0.0147883 0.0300908 0.00231898 -0.00572991
internal_weight=12280.4 2027.49 10252.9 9988.21 9460.93 6637.12 1020.99 2823.81 2004.86 527.275 1447.78 258.429 1006.5 4632.26 197.634 821.097 1237.57 70.9836 1166.58 1586.25 813.11 763.41 1361.08 237.639 197.87 1565.82 1477.2 264.675 671.338 211.646
internal_count=413378 165832 247546 246161 230417 192451 57189 37966 80683 15744 50574 8688 108643 111768 886 42374 19217 1942 17275 18749 42091 40213 49954 5851 5014 18590 17830 1385 34079 15606
is_linear=0
shrinkage=0.05


Tree=45
num_leaves=31
num_cat=0
split_feature=10 12 16 3 2 19 0 2 16 3 22 0 2 19 5 3 6 6 2 9 14 17 22 19 1 11 17 17 0 6
split_gain=179.398 85.1396 77.7557 77.8214 56.7465 55.8382 51.3799 49.1995 45.226 52.0245 50.8393 49.4912 39.704 42.3002 39.533 34.8691 35.0343 34.5406 32.3559 32.1805 36.4053 40.5206 38.0303 32.1042 31.7088 30.2131 34.7739 33.5722 29.5158 29.8211
threshold=0.0019166271769835762 31728.500000000004 0.076018452663189517 1.5000000000000002 1.0000000180025095e-35 0.0095660972697812954 93.506500000000017 1.5000000000000002 0.011164296169892996 54.500000000000007 0.32003460207612461 261.97500000000008 1.0000000180025095e-35 0.034179925434222089 1.0000000180025095e-35 1.0000000180025095e-35 1697.5000000000002 2726.5000000000005 1.5000000000000002 3966.5000000000005 1631.5000000000002 164.50000000000003 0.013999621642073403 0.13727511051711735 1.0000000180025095e-35 1302.5000000000002 385.50000000000006 415.50000000000006 51.00650000000001 10.500000000000002
decision_type=2 2 2 2 2 2 2 2 2 2 2 2 2 2 2 2 2 2 2 2 2 2 2 2 2 2 2 2 2 2
left_child=1 4 5 6 23 -2 -4 -5 15 11 12 24 13 -11 -3 -7 -17 -13 -12 20 -14 22 -22 28 -10 27 -27 -23 -1 -30
right_child=2 14 3 7 -6 8 -8 -9 9 10 18 17 19 -15 -16 16 -18 -19 -20 -21 21 25 -24 -25 -26 26 -28 -29 29 -31
leaf_value=-0.013650441986058621 -0.019198027756783462 0.015921373950020922 0.0010868213759232257 0.068018353311889809 -0.02928728558280614 3.448963033951223e-05 0.044294371618087289 0.021004163893266984 0.00508083161068793 -0.0099980017494602936 0.01114247884941842 0.051092552927831984 -0.0048075424492973135 0.0046297297510235038 -0.027883357992899357 -0.031240529393122381 0.041109623571167563 0.01238359976557179 0.051137629776232124 -0.010006695640524962 -0.0064251448517156258 0.07806076139863026 0.022579276979763183 0.078361091740454941 0.029776151109449162 -0.0085350789709036819 0.0083255696551630138 0.0064249484965983638 0.054723029408657135 0.0039778268468444447
leaf_weight=252.81727264495566 316.67649237252772 51.698164260014892 484.70895687304437 96.604962762445211 176.76338218571618 263.30639458354563 75.23938219435513 138.21991490572691 2313.4988810848445 1730.6345733609051 375.23679196275771 104.59263256751001 748.93708253465593 687.54676331207156 847.82089661015198 223.08731331396848 13.810794509015976 130.70733783952892 54.480511076748371 431.18828278407454 136.07925828546286 22.2272260915488 610.74500786326826 8.4026109920814616 133.0902503952384 544.74840946681798 684.22420811466873 43.485879439860582 25.727921379730105 524.09736497933045
leaf_count=16681 13707 3690 3696 529 13119 6871 457 892 39789 65324 1854 802 22454 9116 95838 7797 256 1681 235 16458 10487 733 14970 278 1801 21440 16740 725 728 24230
internal_value=-4.91485e-05 -0.0142063 0.00253477 0.017512 -0.00403527 0.00128222 0.00723319 0.0413602 0.00199324 0.00283149 0.000267028 0.00862396 -0.00100205 -0.00583802 -0.0252917 -0.0125553 -0.0262601 0.0302951 0.016743 0.00263128 0.00459854 0.00805252 0.0172868 0.00161401 0.0064822 0.00267983 0.0008477 0.0344617 0.000330422 0.0068241
internal_weight=12250.4 1887.33 10363.1 794.773 987.809 9568.3 559.948 234.825 9251.63 8751.42 6069.53 2681.89 5639.82 2418.18 899.519 500.205 236.898 235.3 429.717 3221.64 2790.45 2041.51 746.824 811.045 2446.59 1294.69 1228.97 65.7131 802.643 549.825
internal_count=413378 154564 258814 5574 55036 253240 4153 1421 239533 224609 180536 44073 178447 74440 99528 14924 8053 2483 2089 104007 87549 65095 25457 41917 41590 39638 38180 1458 41639 24958
is_linear=0
shrinkage=0.05


Tree=46
num_leaves=31
num_cat=0
split_feature=10 12 16 11 12 3 0 2 5 2 19 5 0 12 12 11 16 13 12 13 0 5 16 12 0 10 12 12 0 6
split_gain=164.044 80.3956 72.7848 59.1273 56.334 53.7427 64.9211 53.0656 44.2105 47.2574 45.9483 41.5162 38.8113 39.4384 80.4637 39.6262 37.7094 37.3978 74.0304 60.1013 41.2705 37.1375 33.3916 32.8772 38.9577 32.5606 32.3094 36.2068 31.0112 30.659
threshold=0.0019166271769835762 31728.500000000004 0.44590643274853808 166.50000000000003 6854.5000000000009 78.500000000000014 36.95600000000001 1.0000000180025095e-35 60.500000000000007 1.5000000000000002 0.01798819643281133 4019.5000000000005 272.07000000000005 23858.500000000004 20612.500000000004 1039.5000000000002 0.024830370261942989 0.024233490247085068 22619.500000000004 0.018056278119302816 46.020000000000003 1.0000000180025095e-35 0.024966511698792698 5885.5000000000009 134.96000000000001 0.028836115061655745 4917.5000000000009 2600.5000000000005 72.000500000000017 2543.5000000000005
decision_type=2 2 2 2 2 2 2 2 2 2 2 2 2 2 2 2 2 2 2 2 2 2 2 2 2 2 2 2 2 2
left_child=1 7 3 4 29 6 16 -1 -7 -10 -11 25 13 14 23 -15 -5 18 19 -16 -19 -3 -18 26 -25 -12 27 -8 -28 -2
right_child=2 21 -4 5 -6 8 12 -9 9 10 11 -13 -14 15 17 -17 22 20 -20 -21 -22 -23 -24 24 -26 -27 28 -29 -30 -31
leaf_value=0.001566547211355968 -0.0073786406899460774 0.014980756517956929 0.028273770233844964 -0.017421599817465511 -0.034568140306197669 0.011394531522064516 0.057899548477036128 -0.028649097944801895 -0.0056686743779799063 -0.010977614678212838 0.0029992711197517675 -0.0068179591783245541 0.029107433389263849 -0.0092242642032539617 0.012668768096337902 0.0098868311117097495 0.069198940251430266 -0.0075389841732112287 -0.020062944091458174 0.08674452537781141 0.072003063581256091 -0.027244788747889999 0.0017076656567984552 -0.0091494161612247285 0.030683560988166426 0.020242845408396961 0.089672343544623667 -0.015502329143183969 -0.00065205585381101225 0.035692895892674541
leaf_weight=811.13205688074231 323.81413311697543 52.489952258765697 260.17292138934135 284.95054862089455 203.77183459512889 696.11912043765187 19.311547592282295 171.90208860347047 3207.1635877750814 382.31616603396833 474.02926768362522 340.97599217761308 294.65102367848158 370.31115884333849 62.133811125531793 976.94936278369278 13.654238386079667 18.159021613188088 60.831711957231164 47.019940294325352 102.88733736984432 825.01114240428433 1068.5026287250221 299.07467291224748 71.914391075260937 649.54642492718995 26.56344897300005 49.892560495994985 13.493371788412331 42.267102608457208
leaf_count=41917 9395 3690 1385 8081 8974 8167 182 13119 104027 18144 22203 12565 3278 5674 887 19895 323 223 739 855 1077 95838 13052 6928 1039 9513 339 629 170 1070
internal_value=-4.20723e-05 -0.0136914 0.0024145 0.00173473 -0.01384 0.00267276 0.00729923 -0.00383547 -0.000372505 -0.0020029 0.00436098 0.0083888 0.0122228 0.00981147 0.018793 0.00461923 -0.00140468 0.0393059 0.0231 0.04698 0.0602447 -0.0246484 0.00287358 0.00608527 -0.00112263 0.0130134 0.0295374 0.00750181 0.0625501 -0.00199175
internal_weight=12221 1860.54 10360.5 10100.3 569.853 9530.45 3780.3 983.034 5750.15 5054.03 1846.87 1464.55 2413.19 2118.54 771.282 1347.26 1367.11 291.032 169.985 109.154 121.046 877.501 1082.16 480.25 370.989 1123.58 109.261 69.2041 40.0568 366.081
internal_count=413378 154564 258814 257429 19439 237990 63371 55036 174619 166452 62425 44281 41915 38637 13068 25569 21456 3781 2481 1742 1300 99528 13375 9287 7967 31716 1320 811 509 10465
is_linear=0
shrinkage=0.05


Tree=47
num_leaves=31
num_cat=0
split_feature=22 3 16 8 16 20 2 12 15 5 12 16 19 22 17 18 0 19 5 6 21 16 0 17 7 12 4 0 18 3
split_gain=150.809 77.0514 66.9396 57.7258 46.9908 41.763 51.6935 65.1835 43.0083 42.1118 39.7631 36.913 36.0738 31.7994 29.0011 40.7561 28.7314 28.6987 28.2435 27.7371 26.3175 26.3029 29.7803 25.2079 45.8022 33.1577 26.8586 25.1443 24.4792 23.1608
threshold=0.026861558327406377 27.500000000000004 0.019354249736434476 1.0000000180025095e-35 0.44590643274853808 113.50000000000001 1.0000000180025095e-35 19382.500000000004 30.500000000000004 132.50000000000003 8768.5000000000018 0.018532065472348588 0.022516613644093218 0.23703644353669071 391.50000000000006 7665.5000000000009 224.09500000000003 0.021940956154979468 20.500000000000004 1.0000000180025095e-35 5799.5000000000009 0.44590643274853808 39.892000000000003 24.500000000000004 748.50000000000011 28997.500000000004 28.500000000000004 74.414000000000016 41045.500000000007 1.0000000180025095e-35
decision_type=2 2 2 2 2 2 2 2 2 2 2 2 2 2 2 2 2 2 2 2 2 2 2 2 2 2 2 2 2 2
left_child=1 2 19 10 5 6 8 9 -2 27 -3 -10 -11 -7 15 -14 -12 20 -9 -1 -5 22 -4 -20 -25 26 -26 -8 -15 -6
right_child=4 3 21 17 29 13 7 18 11 12 16 -13 14 28 -16 -17 -18 -19 23 -21 -22 -23 -24 24 25 -27 -28 -29 -30 -31
leaf_value=0.037225421957611332 0.025611577311857772 0.0030509646480568484 -0.011123439426085832 -0.012660948479293091 0.0095365367623363659 -0.0051134409437086298 0.00057738512029542729 0.04581980025813772 -0.027024832300904519 -0.034803670994923194 -0.028013719564872908 0.0011054831748124768 0.0051953061579633891 -0.0057109004667540422 -0.011918246390707756 0.086361224392891553 -0.0073228248164909611 -0.00064599639799617294 -0.0066420848321359239 -0.020744342926734972 0.089094540925167484 0.046878186783776046 0.012013724334320677 0.029847401037008094 0.016345779910999263 0.0050146162662635073 0.051889332295420788 0.029845508541267409 0.038458730578450284 0.040771910291936261
leaf_weight=17.671285456046462 167.7941920273006 160.32456749025732 165.52780913561583 1065.6249881270342 119.14908896386623 1599.9086149670184 162.54077504947782 74.265379551798105 116.64912685099989 108.29088756069541 798.9949163692072 2815.5152534600347 103.27946024760604 50.747893206775188 255.62180445622653 13.353627257980405 217.50810879189521 1114.9323634905741 122.2335762353614 289.61436406429857 1.4635477438569058 40.635009258985519 766.23908830294386 460.27053089719266 261.46715687774122 739.34601418673992 64.962576313875616 129.08187421411276 72.54275194555521 121.6647836342454
leaf_count=950 2159 12355 6881 67216 539 29361 1871 388 2259 4303 98455 40636 1783 302 3793 163 16692 57394 2811 16021 123 232 21061 7008 2826 12532 603 1546 368 747
internal_value=-3.76453e-05 -0.00713042 0.00330061 -0.0111035 0.00431681 0.00359185 0.00568702 0.011037 0.00137072 -0.00103328 -0.0200096 -5.77139e-05 -0.0100948 -0.00320726 -0.0025409 0.0176563 -0.0236439 -0.00626548 0.0164352 -0.016868 -0.0121065 0.00972771 0.00786599 0.0149766 0.0167243 0.010944 0.0240954 0.0138171 0.020764 0.0258257
internal_weight=12197.2 4638.54 1279.69 3358.85 7558.69 7317.87 5594.67 2494.71 3099.96 772.168 1176.83 2932.16 480.546 1723.2 372.255 116.633 1016.5 2182.02 1722.55 307.286 1067.09 972.402 931.767 1648.28 1526.05 1065.78 326.43 291.623 123.291 240.814
internal_count=413378 297380 45145 252235 115998 114712 84681 39627 45054 13459 127502 42895 10042 30031 5739 1946 115147 124733 26168 16971 67339 28174 27942 25780 22969 15961 3429 3417 670 1286
is_linear=0
shrinkage=0.05


Tree=48
num_leaves=31
num_cat=0
split_feature=10 12 16 11 12 1 2 12 14 0 10 0 7 20 8 12 6 2 18 14 0 0 6 19 2 0 12 6 19 10
split_gain=138.856 72.4213 60.578 52.5893 53.6552 50.8388 44.3337 39.6219 77.5107 65.0604 40.482 37.8681 37.1012 36.418 35.9291 34.6121 51.3833 35.5056 34.5485 61.6284 32.6101 78.739 43.5393 42.565 44.6821 32.8397 32.4539 32.2694 31.4334 31.1558
threshold=0.0019166271769835762 27125.500000000004 0.44590643274853808 166.50000000000003 9191.5000000000018 1.0000000180025095e-35 1.0000000180025095e-35 27951.500000000004 4194.5000000000009 59.960500000000003 0.41707119741100329 159.95500000000001 929.50000000000011 10.500000000000002 22.500000000000004 20191.500000000004 521.50000000000011 7.5000000000000009 14598.500000000002 531.50000000000011 444.97500000000008 445.03000000000003 8342.5000000000018 0.032738431227085557 1.0000000180025095e-35 28.534000000000002 20191.500000000004 8204.5000000000018 0.044365446367174939 0.022917923200643345
decision_type=2 2 2 2 2 2 2 2 2 2 2 2 2 2 2 2 2 2 2 2 2 2 2 2 2 2 2 2 2 2
left_child=1 6 3 4 -2 7 26 8 9 12 20 -3 13 -5 -7 -11 -17 -18 19 -14 23 27 -23 24 -9 -25 28 -22 -1 -26
right_child=2 11 -4 5 -6 14 -8 10 -10 15 -12 -13 18 -15 -16 16 17 -19 -20 -21 21 22 -24 25 29 -27 -28 -29 -30 -31
leaf_value=-0.012471488104400583 -0.0048509822320714109 -0.029047944617822993 0.025977791259434693 0.0042109252859398394 -0.041754617799672156 0.038132878530381512 -0.026554284045340344 -0.011188302645048089 0.064705816714264244 0.0037117403166577051 0.020654251272730496 -0.0068261218713280879 -0.012658537961798165 -0.018515439194456539 0.0082265484377859101 0.055597194921216259 0.013760746686706122 0.096424676889604655 0.0013141662475372963 0.0582470254077877 0.021767532879537234 -0.0086871688279206213 0.022023978951295389 -0.0050716109960256108 -0.0081780537398269716 0.0086459250453843114 0.015907333133409602 0.10666327766829108 0.018887518456448649 0.0048002747954768426
leaf_weight=357.06761185079813 438.12585904914886 651.19310739869252 256.24707445502281 286.91286754375324 122.69820765731856 153.35666856588796 153.02444746671245 1780.8206305904314 51.353379348292947 511.05853219982237 212.93255763500929 276.13582243025303 48.638279787264764 445.74535070266575 284.99273576680571 87.930448955856264 644.6253823377192 8.4378717113286239 613.6397171895951 71.408585459925234 24.220016466453671 271.69840716663748 193.24986238405108 676.45148097816855 749.63162948889658 1210.6596213029698 278.88158851210028 22.699784494936466 97.802842237055302 1189.2320920545608
leaf_count=26361 13556 81825 1385 7703 5883 3237 12281 69271 741 8836 963 22095 1620 7895 5666 842 8026 112 7669 1106 549 6493 3938 8362 47475 15788 8088 465 3914 31233
internal_value=-3.15147e-05 -0.0127724 0.00220529 0.00158963 -0.0132225 0.00246688 -0.00252783 0.00166053 0.00664264 0.00542898 -0.000522406 -0.0225029 -0.00172083 -0.00964746 0.0190013 0.0137761 0.0206459 0.0155533 0.0062064 0.0301614 -0.00127563 0.0107438 0.00417604 -0.00238153 -0.0054821 0.00372835 0.00262871 0.0691566 -0.00559686 -0.000225724
internal_weight=12170.9 1814.11 10356.8 10100.5 560.824 9539.7 886.776 9101.35 2769.75 2718.4 6331.6 927.329 1466.34 732.658 438.349 1252.05 740.994 653.063 733.687 120.047 6118.66 511.868 464.948 5606.8 3719.68 1887.11 733.752 46.9198 454.87 1938.86
internal_count=413378 154564 258814 257429 19439 237990 50644 229087 44550 43809 184537 103920 25993 15598 8903 17816 8980 8138 10395 2726 183574 11445 10431 172129 147979 24150 38363 1014 30275 78708
is_linear=0
shrinkage=0.05


Tree=49
num_leaves=31
num_cat=0
split_feature=10 12 16 3 19 2 2 0 4 0 0 16 3 13 2 9 11 5 15 0 0 14 11 6 12 11 6 0 0 15
split_gain=127.09 67.9888 55.9343 71.0667 47.8222 46.41 45.6928 44.1003 39.5875 46.0581 41.2182 37.9035 37.5921 37.301 36.2736 47.5676 35.9436 35.7549 34.1161 31.0836 37.3571 31.2206 40.0567 30.0535 28.716 40.5062 34.3308 33.2395 35.585 28.2455
threshold=0.0019166271769835762 31728.500000000004 0.076018452663189517 1.5000000000000002 0.0095660972697812954 1.0000000180025095e-35 1.5000000000000002 108.95500000000001 5.5000000000000009 58.955000000000005 57.008500000000005 0.011164296169892996 1.0000000180025095e-35 0.021829853463734897 1.0000000180025095e-35 107.50000000000001 422.50000000000006 1.0000000180025095e-35 6640.5000000000009 5.0070000000000006 36.95600000000001 5230.5000000000009 226.50000000000003 1697.5000000000002 27125.500000000004 906.50000000000011 5728.5000000000009 97.005500000000012 111.33450000000001 73467.500000000015
decision_type=2 2 2 2 2 2 2 2 2 2 2 2 2 2 2 2 2 2 2 2 2 2 2 2 2 2 2 2 2 2
left_child=1 5 4 7 -2 -1 -5 -4 9 10 19 12 -10 14 -13 -16 18 -3 -15 -6 -21 22 -22 -14 25 26 -11 -26 -29 -18
right_child=2 17 3 6 8 -7 -8 -9 11 24 -12 13 23 16 15 -17 29 -19 -20 20 21 -23 -24 -25 27 -27 -28 28 -30 -31
leaf_value=0.0016396896045648716 -0.018203227771066244 0.016286407553446486 2.7478642135380984e-05 0.063893528091747184 0.078681094696610054 -0.027293659073892557 0.01825521523392892 0.043394946607167785 -0.001809805736382941 0.013137876913783994 -0.032759745645196132 -0.010676047015381747 -0.038335934527997606 -0.002644197479700234 0.02407893810211062 -0.002047667334940979 -0.0011906954970003123 -0.025550307017227665 0.039276994703208258 -0.010549092586873803 -0.026966554828666268 -0.010319565957331363 0.026704370621315407 0.03994337679068527 0.020258330975661053 0.066448466757204089 0.08488642214303814 -0.016485935515352337 0.0067551728978956912 0.0094710317671555626
leaf_weight=808.14306804444641 307.31006563920528 51.376635765656829 499.53828451223671 94.306242307648063 7.582706205546855 162.16878737183288 135.74656588770449 61.415732702240348 217.73346526734531 422.69371080817655 98.361803078558296 1113.4180417619646 159.80996358534321 74.631017516367137 190.66554546076804 1584.5323112881742 1638.7857715683058 769.59652486769482 130.6671966155991 438.18019801285118 36.232948085758835 123.20824818965048 245.7719036960043 9.2623583264648897 373.86620511813089 40.096488123759627 12.6203132905066 187.05372611107305 1156.8724597999826 994.49736582767218
leaf_count=41917 13707 3690 3825 529 106 13119 892 328 5679 7324 4632 39733 5890 1110 3247 64323 18623 95838 1979 15122 1349 5051 8063 149 13049 403 157 6955 25688 10901
internal_value=-2.68099e-05 -0.0123045 0.00210201 0.014837 0.00104153 -0.00331109 0.037925 0.00511697 0.00168992 0.00624598 -0.00294392 -0.000655041 -0.0157005 0.000373917 -0.00362304 0.000818215 0.00444055 -0.0228494 0.0243371 0.000673633 -0.000487282 0.0103891 0.0194589 -0.0330234 0.0102215 0.0210472 0.0161583 0.00717304 0.00347125 0.00284618
internal_weight=12146.1 1791.29 10354.9 791.007 9563.85 970.312 230.053 560.954 9256.54 3142.54 949.338 6114 386.806 5727.2 2888.62 1775.2 2838.58 820.973 205.298 850.976 843.393 405.213 282.005 169.072 2193.2 475.411 435.314 1717.79 1343.93 2633.28
internal_count=413378 154564 258814 5574 253240 55036 1421 4153 239533 87899 34323 151634 11718 139916 107303 67570 32613 99528 3089 29691 29585 14463 9412 6039 53576 7884 7481 45692 32643 29524
is_linear=0
shrinkage=0.05


Tree=50
num_leaves=31
num_cat=0
split_feature=8 12 16 11 12 1 2 0 12 0 6 22 13 7 20 20 15 9 0 13 12 6 2 0 0 6 19 18 0 0
split_gain=116.178 64.4169 52.6392 47.2713 51.3711 45.6838 39.3895 36.7549 33.7246 66.2224 72.5274 33.9803 36.4102 32.7539 33.6489 32.5129 32.3016 32.0106 30.1856 31.0865 29.3242 41.0886 31.5295 29.1754 68.5126 38.4682 35.6901 39.4519 30.5702 98.6591
threshold=1.0000000180025095e-35 27125.500000000004 0.44590643274853808 166.50000000000003 9191.5000000000018 1.0000000180025095e-35 1.0000000180025095e-35 159.95500000000001 27951.500000000004 59.960500000000003 7581.5000000000009 0.41707119741100329 0.020047220361610496 929.50000000000011 10.500000000000002 18.500000000000004 12430.500000000002 1465.5000000000002 54.505000000000003 0.032314373705187451 19771.500000000004 521.50000000000011 7.5000000000000009 444.97500000000008 445.03000000000003 8342.5000000000018 0.031852655097864876 9954.5000000000018 48.955000000000005 49.000500000000009
decision_type=2 2 2 2 2 2 2 2 2 2 2 2 2 2 2 2 2 2 2 2 2 2 2 2 2 2 2 2 2 2
left_child=1 6 3 4 16 8 18 -3 9 13 20 23 -13 14 -5 -7 -2 -15 -1 -20 -11 -22 -23 26 -25 -26 27 28 -10 -30
right_child=2 7 -4 5 -6 15 -8 -9 11 10 -12 12 -14 17 -16 -17 -18 -19 19 -21 21 22 -24 24 25 -27 -28 -29 29 -31
leaf_value=-0.012019546342511081 -0.0097521222201952668 -0.028046597065747966 0.024294778587656177 0.0045330616322406354 -0.041226849934786383 0.037050636335456653 -0.025814527766378506 -0.0057427080711983771 -0.012841407649821732 0.0027940258659820559 0.088767161453814761 0.037584484788891377 -0.0029924094309367946 0.011362184532633287 -0.017218485134685102 0.0082285592457000487 0.030235443418594399 -0.013612650711705414 0.0025274411429181362 0.031929423592352082 0.048732849937547978 0.012278299570092131 0.088189483023614554 0.063231293197642632 -0.0083515280189347119 0.020426832644674819 0.0031637393503085171 -0.011384472513359686 0.05540164171977055 -0.00054828114476363269
leaf_weight=238.10437429882586 383.23608542280272 616.1232525287196 253.09685353934765 292.05141125619411 118.17950570397079 143.02472331468016 142.79476986965165 267.23437519744039 419.31207347707823 490.33192296000198 27.057746844366193 113.61804922670126 102.25979726016521 605.34787891292945 442.74193088430911 300.75339432712644 53.140733311884105 157.93052077945322 384.26951396930963 112.76227658614516 93.667006782256067 670.11765026673675 9.1359372800216061 49.348212688229978 269.86507880222052 196.32905637659132 1953.043550085742 1507.2589960983023 77.774577712640166 1635.5014942521229
leaf_count=15922 12288 81305 1385 7862 5948 3047 11997 21945 21653 8462 296 498 482 7544 7958 5899 1276 3239 19926 2477 890 8408 114 1015 6534 3936 25820 62550 3286 59416
internal_value=-2.29232e-05 -0.0118764 0.00199622 0.00142631 -0.0127003 0.00225228 -0.00225762 -0.0213695 0.00148445 0.00606003 0.0143394 -0.000536108 0.0187309 -0.00109504 -0.0086009 0.0178269 -0.0045952 0.00613966 0.00246162 0.00944948 0.0124015 0.0184392 0.0139363 -0.00123178 0.0100923 0.0038561 -0.0022837 -0.00520698 -0.000824468 0.0021454
internal_weight=12125.4 1761.29 10364.1 10111 554.556 9556.47 877.931 883.358 9112.69 2788.38 1290.31 6324.31 215.878 1498.07 734.793 443.778 436.377 763.278 735.136 497.032 1263.25 772.921 679.254 6108.43 515.542 466.194 5592.89 3639.85 2132.59 1713.28
internal_count=413378 153572 259806 258421 19512 238909 50322 103250 229963 44773 18170 185190 980 26603 15820 8946 13564 10783 38325 22403 17874 9412 8522 184210 11485 10470 172725 146905 84355 62702
is_linear=0
shrinkage=0.05


Tree=51
num_leaves=31
num_cat=0
split_feature=22 0 19 6 19 16 6 4 5 2 6 7 21 17 17 5 0 16 0 13 10 6 16 17 17 19 22 0 15 22
split_gain=107.628 66.4386 60.2339 47.2822 36.5863 36.5 33.9552 28.0222 27.5619 38.9521 48.9819 36.385 35.6144 31.1302 29.9805 28.5202 25.1403 24.7361 23.4433 22.5076 26.4204 22.2253 22.1555 27.6923 39.9645 29.7525 28.3026 22.6971 27.0543 26.4011
threshold=0.027846510898803762 115.02000000000002 0.023471555863730165 17.500000000000004 0.13727511051711735 0.018532065472348588 10.500000000000002 25.500000000000004 769.50000000000011 1.0000000180025095e-35 6525.5000000000009 922.50000000000011 20.500000000000004 270.50000000000006 688.50000000000011 179.50000000000003 36.95600000000001 0.076018452663189517 5.0070000000000006 0.020581631637190501 0.41707119741100329 1.0000000180025095e-35 0.024256715852123426 40.500000000000007 149.50000000000003 0.020645543674718946 0.041775948256293299 26.422000000000004 88010.000000000015 0.036184804634040432
decision_type=2 2 2 2 2 2 2 2 2 2 2 2 2 2 2 2 2 2 2 2 2 2 2 2 2 2 2 2 2 2
left_child=1 2 18 -3 5 21 7 -7 9 19 11 12 -11 -12 -13 -16 -6 -4 -1 20 -8 -2 23 -10 26 -26 -25 -27 -29 -30
right_child=4 3 17 -5 16 6 8 -9 22 10 13 14 -14 -15 15 -17 -18 -19 -20 -21 -22 -23 -24 24 25 27 -28 28 29 -31
leaf_value=0.073191022544194559 0.030503113237823367 0.051649994494580576 -0.0042923206652522366 -0.00017557532635958104 -0.0056035744620262125 0.03350967512706049 -0.0057580045882138992 0.0012570371066731123 -0.022494773980467602 0.027014960062566779 0.036902602153376311 0.045051490167673736 -0.0059975832207177747 0.012483505363143972 -0.013785363331861597 0.01951771289763532 0.04498733238219918 0.025796128038033186 -0.017912391718175338 0.0065241648880394942 0.015719863165237886 -0.01280748613926003 -0.0028887321687135585 0.057996373831892045 -0.025320748300860115 -0.016168443617056553 0.004050815332978787 -0.01210312823480089 0.0072403107445507655 0.059701171746443807
leaf_weight=2.2803871026262632 26.99281500838697 40.039769091643393 1082.4822382796556 1923.1801415602677 32.669216480106115 170.1153870858252 1049.0834331726655 110.08472672849894 52.137848063372076 90.087569827213883 253.79664465039968 75.713687411509454 575.58351939357817 279.14958172850311 83.987482909113169 233.24249888025224 82.842316493391991 67.922509918920696 1535.3411921206862 1349.8394365971908 160.80957459658384 449.30087335128337 2032.9945031935349 68.504264894872904 60.973656845279038 43.200876006856561 37.520508323796093 35.355785964056849 43.910648001357913 52.320801690220833
leaf_count=112 573 618 70881 92170 231 1016 21066 697 1517 641 3162 1041 9440 2811 504 1495 471 833 136604 11757 708 10383 37029 1586 1951 701 885 493 1170 832
internal_value=-1.86523e-05 -0.00598278 -0.0110823 0.00100993 0.00370633 0.003255 0.00418645 0.0210825 0.00345129 0.00592353 0.0120532 0.00577858 -0.00136179 0.0243471 0.0177399 0.0106235 0.0310403 -0.00241189 -0.0175405 0.00209624 -0.00285039 -0.0100616 -0.000780996 0.00999663 0.0152059 0.00348054 0.0399481 0.0139524 0.0240712 0.0373031
internal_weight=12101.5 4651.25 2688.03 1963.22 7450.22 7334.71 6858.41 280.2 6578.21 4151.29 1591.56 1058.61 665.671 532.946 392.944 317.23 115.512 1150.4 1537.62 2559.73 1209.89 476.294 2426.92 393.924 341.787 235.762 106.025 174.788 131.587 96.2314
internal_count=413378 301218 208430 92788 112160 111458 100502 1713 98789 52625 19094 13121 10081 5973 3040 1999 702 71714 136716 33531 21774 10956 46164 9135 7618 5147 2471 3196 2495 2002
is_linear=0
shrinkage=0.05


Tree=52
num_leaves=31
num_cat=0
split_feature=8 21 0 13 19 0 10 2 4 3 0 0 0 17 0 0 0 17 7 17 0 0 3 5 0 15 10 2 13 17
split_gain=101.421 61.2665 45.3367 51.02 45.1909 44.8984 36.2558 34.6835 33.2543 58.8583 47.2744 36.6369 39.2381 33.3551 31.5683 38.2887 50.6547 29.6769 34.2553 32.5573 31.7265 36.1416 31.3124 25.2305 24.8114 24.3469 23.953 23.3987 23.1727 32.8201
threshold=1.0000000180025095e-35 1.0000000180025095e-35 60.02450000000001 0.033937805680449108 0.014444289131177587 137.97300000000004 0.21516465782439864 3.5000000000000004 9.5000000000000018 17.500000000000004 58.955000000000005 97.005500000000012 115.02000000000002 164.50000000000003 57.008500000000005 48.955000000000005 49.000500000000009 1012.5000000000001 1257.5000000000002 688.50000000000011 14.383000000000001 15.950500000000002 13.500000000000002 26.500000000000004 90.007500000000007 25090.000000000004 0.025006130456105939 1.0000000180025095e-35 0.020458821402462014 549.50000000000011
decision_type=2 2 2 2 2 2 2 2 2 2 2 2 2 2 2 2 2 2 2 2 2 2 2 2 2 2 2 2 2 2
left_child=1 -1 -3 25 5 23 8 -8 9 -6 14 13 -13 24 15 -11 -17 19 20 28 -19 -22 26 -2 -12 -4 -20 -5 -10 -30
right_child=4 2 3 27 6 -7 7 -9 17 10 11 12 -14 -15 -16 16 -18 18 22 -21 21 -23 -24 -25 -26 -27 -28 -29 29 -31
leaf_value=0.013403442381146689 0.013282271921364061 -0.025755834986776652 -0.0018873309193718217 0.031805273549939277 0.016503596819395418 0.0043964662155597314 0.0083551949467399935 0.041351945287501898 -0.0054477305363950113 -0.011180869732497637 0.021671181333115734 -0.016385251823975391 0.0055986116855951552 0.00054568600330320871 -0.033603416064573143 0.042536934098306889 -0.0087676960916223002 -0.015678441621960932 0.050538807153410983 -0.017258035841514641 0.089482510848149732 0.018763151572434605 0.0077246190804725993 -0.022185351652635174 0.06301751983022584 -0.019463940594689755 -0.0076346243876256178 -0.022679214999457867 0.012818424542362546 -0.014659124133924985
leaf_weight=217.18170999456197 52.891161505132914 575.87758591771126 331.05547975469381 99.335073991678655 865.14487994788215 365.99053296819329 1252.5539943985641 80.597109869122505 1543.3251651395112 549.69297520024702 241.28708589961752 236.53510655090213 1268.1476064007729 167.29824789706618 102.63153850939125 83.520938351750374 102.35608612746 57.946042265743017 13.146402531303464 430.35309612611309 14.880153411999343 287.7692023999989 729.39924903213978 459.82424641773105 40.835382632445544 485.9184447331354 819.34796163626015 20.490927612408996 444.49974487628788 138.76536975242198
leaf_count=12743 564 65599 18998 2236 14411 9618 7346 432 62229 23240 8697 9581 31577 6634 5399 3408 4347 768 288 10443 168 3440 8658 26583 1296 53015 9538 981 8506 2635
internal_value=-1.27296e-05 -0.011201 -0.0147661 -0.0079095 0.00186197 -0.00895356 0.00286972 0.0104971 0.00161436 0.00514845 0.00160706 0.00586494 0.00209994 0.0183086 -0.00829528 -0.00456109 0.0147956 -0.00127375 0.00341469 -0.00479862 0.017192 0.0236379 0.000189206 -0.0184336 0.028649 -0.0123963 -0.00641973 0.0219529 -0.00224267 0.00621217
internal_weight=12078.6 1729.86 1512.68 936.8 10348.7 878.706 9470.03 1333.15 8136.88 3657.45 2792.3 1954.1 1504.68 449.421 838.202 735.57 185.877 4479.43 1922.49 2556.94 360.595 302.649 1561.89 512.715 282.122 816.974 832.494 119.826 2126.59 583.265
internal_count=413378 153572 140829 75230 259806 36765 223041 7778 215263 108590 94179 57785 41158 16627 36394 30995 7755 106673 22860 83813 4376 3608 18484 27147 9993 72013 9826 3217 73370 11141
is_linear=0
shrinkage=0.05


Tree=53
num_leaves=31
num_cat=0
split_feature=8 12 19 0 11 2 8 0 0 18 13 10 3 0 0 0 19 5 13 6 12 12 12 4 14 13 13 11 7 12
split_gain=92.6299 57.6966 42.2956 64.6973 46.1856 40.8945 34.6288 34.2992 29.8808 28.7886 40.3651 28.6759 28.6826 28.2944 38.5337 32.0271 27.3951 24.2237 22.8871 22.4161 23.7975 21.8168 28.2186 45.4993 37.8079 24.0641 20.9183 29.6422 53.3536 38.2943
threshold=1.0000000180025095e-35 31728.500000000004 0.022516613644093218 115.02000000000002 166.50000000000003 1.0000000180025095e-35 64.500000000000014 224.09500000000003 7.8630000000000013 82.500000000000014 0.10579491724637184 0.60303030303030314 170.50000000000003 47.955000000000005 107.01000000000001 5.0070000000000006 0.13727511051711735 81.500000000000014 0.027873496369671177 10.500000000000002 20191.500000000004 20191.500000000004 22619.500000000004 3.5000000000000004 438.50000000000006 0.01634465368157394 0.018056278119302816 391.50000000000006 660.50000000000011 15702.500000000002
decision_type=2 2 2 2 2 2 2 2 2 2 2 2 2 2 2 2 2 2 2 2 2 2 2 2 2 2 2 2 2 2
left_child=1 5 3 4 -2 16 11 -3 -4 10 -10 12 -5 15 17 -6 19 -15 -8 -1 -21 -19 23 24 -23 -26 -11 28 -28 -29
right_child=2 7 8 6 13 -7 18 -9 9 26 -12 -13 -14 14 -16 -17 -18 21 -20 20 -22 22 -24 -25 25 -27 27 29 -30 -31
leaf_value=0.030983112271281511 -0.032927145614137544 -0.026740465362891604 -0.017763924309505706 0.011487780265187595 0.094536073387379321 -0.026142575035398165 -0.015850907293361704 -0.0014901984966297788 0.055242028433332271 -0.016323832610993409 -0.010939840847975944 0.042624414732716387 -0.003289800075748037 0.019826003738152048 -0.023379475708679844 -0.018047796126123127 0.071483378375867268 -0.027963433003236955 0.019996746784122187 -0.0096310055585824561 0.0082634813672672995 0.0039037605654665426 -0.0016512566375372567 -0.0039322054059266909 -0.011291125865715762 0.17433590563235357 0.0060126975575344535 -0.0071562563201606096 0.048573848102121099 0.0051794251930663638
leaf_weight=52.009807040914893 181.65226841112599 586.02069864235818 148.19916400732473 878.22408360801637 1.5129612088203419 148.79797355923802 282.40996333304793 174.90430145245045 58.373992705717683 117.32726647332311 33.948582755401731 50.788534682244062 519.76687353197485 150.99377174675465 175.74704776145518 476.43598648486659 8.93966898601502 67.046352199278772 48.26942740380764 405.86168805975467 334.29273462109268 7.4337341058999282 685.73066840786487 26.028652541339397 1.3855516472831366 6.0608180481940508 253.44565290072933 708.07561129610986 99.812131649348885 5373.2045217035338
leaf_count=1862 9728 84470 1930 20843 28 12835 6388 14388 624 3563 328 220 16602 2605 8775 26612 278 3884 422 28583 11156 237 33877 820 44 157 4261 9794 1603 106461
internal_value=-1.2097e-05 -0.0107723 0.00177056 -0.00264197 -0.00936939 -0.00252503 0.004095 -0.0209841 0.00408314 0.00458343 0.0315941 0.00742744 0.0060014 -0.00659777 -0.00222631 -0.0167164 0.00199667 0.00181137 -0.0103983 0.000769063 -0.0015477 -0.00171846 0.000877688 0.0388319 0.0958112 0.149136 0.00417902 0.00456526 0.0185483 0.00373842
internal_weight=12062.7 1710.83 10351.9 3559.49 1780.03 949.902 1779.46 760.925 6792.39 6644.19 92.3226 1448.78 1397.99 1598.38 1120.43 477.949 801.104 944.68 330.679 792.164 740.154 793.686 726.639 40.9088 14.8801 7.44637 6551.87 6434.54 353.258 6081.28
internal_count=413378 153572 259806 131242 86767 54714 44475 98858 128564 126634 952 37665 37445 77039 50399 26640 41879 41624 6810 41601 39739 39019 35135 1258 438 201 125682 122119 5864 116255
is_linear=0
shrinkage=0.05


Tree=54
num_leaves=31
num_cat=0
split_feature=10 3 16 3 2 19 16 3 15 2 16 17 0 15 14 0 14 19 18 13 15 7 12 11 5 13 6 21 0 0
split_gain=84.5303 55.0875 43.8378 55.1989 37.6295 35.7008 34.9893 33.964 70.4796 56.6552 45.0596 39.509 42.3997 57.1099 46.1882 33.5972 32.2695 28.3568 33.5201 27.9134 27.4677 33.9189 30.192 26.8576 27.0935 26.663 25.2373 25.1962 25.0638 24.6062
threshold=0.0069208942126782321 50.500000000000007 0.018532065472348588 30.500000000000004 1.0000000180025095e-35 0.019867692685255556 0.015714668292029749 1.0000000180025095e-35 87.500000000000014 1.0000000180025095e-35 0.038353602615927525 3322.5000000000005 140.25100000000003 12430.500000000002 531.50000000000011 58.955000000000005 61.500000000000007 0.0068863618565941183 9838.5000000000018 0.020244432941681632 25912.500000000004 160.50000000000003 49544.500000000007 159.50000000000003 64.500000000000014 0.021829853463734897 1.0000000180025095e-35 5799.5000000000009 58.955000000000005 198.08900000000003
decision_type=2 2 2 2 2 2 2 2 2 2 2 2 2 2 2 2 2 2 2 2 2 2 2 2 2 2 2 2 2 2
left_child=1 4 -2 7 6 15 26 16 9 -9 11 12 14 -14 -10 -5 29 -17 23 -15 25 -22 -23 -19 -25 -12 -1 -20 -3 -4
right_child=2 28 3 5 -6 -7 -8 8 10 -11 20 -13 13 19 -16 17 -18 18 27 -21 21 22 -24 24 -26 -27 -28 -29 -30 -31
leaf_value=0.043138695691252907 -0.010906124249261732 -0.025913151799554668 -0.010293211989937996 -0.017201661998048789 -0.023792316944112258 0.0024218393970268401 0.011421333306854846 0.063497892700513633 -0.015517546270864485 0.018392007661209322 -0.020958478807427218 0.068715786058653194 0.057094094785088603 -0.0078148699002832684 0.017383882352778202 -0.031848251542085558 0.029164617591825384 -0.025301347098506018 -0.014911570094047494 0.037981337602175425 0.082240665586702455 -0.0071544620456722961 0.059004033401389211 0.026451277658569378 0.0032227356807533907 0.01305160452988734 -0.023145558217264425 0.079532451920275263 -0.010703698528299204 0.034370902679385702
leaf_weight=11.476723220199345 625.53700050292537 421.31947034737095 458.0399103295058 475.1332547836937 125.14230373734608 4617.2312564663589 530.51483439607546 95.489974030293524 163.71632633451372 249.42445698566735 59.537262451834977 31.026402039453387 109.86844615172595 88.869969212450087 286.03108607511967 68.952388174831867 63.916847533546388 62.85858878493309 342.77872020937502 46.973028242588043 6.1530837789177886 735.4438411667943 12.694032039493321 148.40643880236894 701.5267944065854 570.66178985405713 127.53540745005012 2.3079881453886619 781.47104104189202 28.191886119544506
leaf_count=584 18156 57648 4212 26287 8302 106726 21182 518 4729 1534 1013 237 1267 1276 6015 2823 619 2780 13036 580 44 7929 100 1968 24339 5603 8213 91 85409 158
internal_value=-8.38843e-06 -0.00938962 0.00185975 0.00271233 0.000829199 9.23205e-05 0.00557349 0.00829776 0.0108092 0.0316085 0.00734413 0.0173831 0.0146189 0.0311064 0.00536823 -0.00586687 -0.00290985 -0.00175858 1.03946e-05 0.00880714 0.00203275 -0.00439386 -0.00564765 0.00503146 0.00740964 0.00969886 -0.0163654 -0.013153 -0.0161166 -0.00738009
internal_weight=12048.2 1997.46 10050.8 9425.23 794.669 6419.2 669.527 3006.04 2455.89 344.914 2110.98 726.485 695.459 245.711 449.747 1801.96 550.149 1326.83 1257.88 135.843 1384.49 754.291 748.138 912.792 849.933 630.199 139.012 345.087 1202.79 486.232
internal_count=413378 181338 232040 213884 38281 178050 29979 35834 30845 2052 28793 14104 13867 3123 10744 71324 4989 45037 42214 1856 14689 8073 8029 29087 26307 6616 8797 13127 143057 4370
is_linear=0
shrinkage=0.05


Tree=55
num_leaves=31
num_cat=0
split_feature=8 21 12 16 11 12 1 0 3 19 10 0 15 12 12 11 9 11 8 9 2 0 2 3 0 13 11 14 10 11
split_gain=78.4377 54.7547 46.1483 42.369 39.3321 48.0329 40.0813 29.7978 46.3365 39.9831 34.5171 32.4851 28.4764 28.0365 53.0776 29.1405 42.0804 27.6632 27.4765 27.3691 27.1894 26.8979 27.631 26.5068 25.1219 25.0875 24.6966 24.3591 24.2653 23.1138
threshold=1.0000000180025095e-35 1.0000000180025095e-35 27951.500000000004 0.44590643274853808 166.50000000000003 9191.5000000000018 1.0000000180025095e-35 36.95600000000001 74.500000000000014 0.020822280719184284 0.31929669030732866 418.87000000000006 12430.500000000002 23858.500000000004 20612.500000000004 308.50000000000006 153.50000000000003 1039.5000000000002 22.500000000000004 61.500000000000007 1.5000000000000002 53.975000000000001 1.0000000180025095e-35 1.0000000180025095e-35 108.50500000000001 0.037475624110421976 5369.5000000000009 23.500000000000004 0.0093169683733208622 3894.5000000000005
decision_type=2 2 2 2 2 2 2 2 2 2 2 2 2 2 2 2 2 2 2 2 2 2 2 2 2 2 2 2 2 2
left_child=1 -1 21 4 5 12 7 9 11 -6 20 13 19 14 15 16 -9 -15 29 -2 -10 -3 25 27 -4 -23 -11 -5 -22 -8
right_child=3 2 24 23 6 -7 18 8 10 26 -12 -13 -14 17 -16 -17 -18 -19 -20 -21 28 22 -24 -25 -26 -27 -28 -29 -30 -31
leaf_value=0.013158863500884743 0.0052506905549407588 -0.018383537829627664 -0.030385434258711985 -0.0083404797365849142 -0.022343857553520655 -0.040454555012311551 0.022492735686275425 0.053176433744494482 -0.0041746738101476428 6.0035182988102065e-05 0.016390350667534661 0.034428380729073595 0.028154848600314104 -0.0080892797572460953 0.030567676915789002 -0.0040897655166762326 -0.0028537343742303166 0.0074405715877113171 0.0069201614837041299 -0.021521429989577255 -0.018725496416061745 0.0016425641826001017 -0.022641242557782673 0.038451104392152817 -0.011484500221634298 0.033209536012155746 -0.020793199195798823 0.037066187231847458 0.0062782826921524071 0.071860316714795688
leaf_weight=217.62080807844177 175.12495972309262 231.73819001717493 414.90250260708854 91.608409158885479 249.9632292566821 111.27386891003698 133.03937332239002 58.254030238837004 2751.8473730958067 2018.5565219870768 290.32107933796942 111.3669195715338 54.204767188522965 397.31864406587556 312.89633958786726 326.80566552933306 70.240731228608638 995.52251505944878 287.25406408403069 200.72762457514182 100.12026427919045 334.50790366204455 87.419958185404539 118.35336211323738 318.49215502105653 72.698015183210373 147.72095599165186 37.706610128283501 1282.6833783285692 26.788703286089003
leaf_count=12743 2767 17650 65143 433 15221 5948 2562 866 90269 33413 1400 1322 1276 5593 3699 5632 2267 19485 5666 9521 9127 16415 7415 780 32671 1535 3416 172 38253 718
internal_value=-2.97843e-06 -0.0100163 -0.0135044 0.00162394 0.00111755 -0.0119317 0.00186226 0.00114076 0.00285765 -0.00361424 -0.000124721 0.00865264 -0.00417157 0.00724791 0.0148853 0.00389289 0.0235882 0.00299747 0.0163945 -0.00914205 -0.00130275 -0.00452115 0.00209252 0.0218479 -0.0223107 0.00761265 -0.00140658 0.00578648 0.00440697 0.0326961
internal_weight=12027.1 1677.38 1459.76 10349.7 10102 541.331 9560.7 9113.62 6697.38 2416.24 4424.97 2272.4 430.057 2161.04 768.197 455.3 128.495 1392.84 447.082 375.853 4134.65 726.364 494.626 247.668 733.395 407.206 2166.28 129.315 1382.8 159.828
internal_count=413378 153572 140829 259806 258421 19512 238909 229963 177913 52050 139049 38864 13564 37542 12464 8765 3133 25078 8946 12288 137649 43015 25365 1385 97814 17950 36829 605 47380 3280
is_linear=0
shrinkage=0.05


Tree=56
num_leaves=31
num_cat=0
split_feature=19 10 18 16 3 8 14 12 3 11 18 17 8 12 14 21 6 12 16 3 6 11 16 19 3 14 2 4 2 20
split_gain=72.5301 53.1515 44.3375 34.3799 34.3502 31.8608 30.0615 48.4034 29.5803 27.8369 31.1124 25.8911 28.6731 25.885 25.856 25.673 24.9215 23.1068 21.2645 32.4547 32.3316 37.7594 20.7306 20.3121 19.2922 72.5835 62.9797 29.3018 20.9977 31.7037
threshold=0.023367907843878741 0.017192380872391083 57.500000000000007 0.44590643274853808 12.500000000000002 9.5000000000000018 204.50000000000003 23034.500000000004 1.0000000180025095e-35 159.50000000000003 8530.5000000000018 13.500000000000002 171.50000000000003 4584.5000000000009 23.500000000000004 5799.5000000000009 1.0000000180025095e-35 5570.5000000000009 0.015714668292029749 1.0000000180025095e-35 1697.5000000000002 749.50000000000011 0.11376262626262627 0.040838183619079059 1.0000000180025095e-35 16.500000000000004 1.0000000180025095e-35 2.5000000000000004 1.5000000000000002 1.5000000000000002
decision_type=2 2 2 2 2 2 2 2 2 2 2 2 2 2 2 2 2 2 2 2 2 2 2 2 2 2 2 2 2 2
left_child=1 4 5 18 6 23 16 -8 14 13 11 -11 17 -3 -5 -6 -1 -13 19 -4 -21 -22 -18 -2 27 26 -26 -20 -27 -30
right_child=2 9 3 8 15 -7 7 -9 -10 10 -12 12 -14 -15 -16 -17 22 -19 24 20 21 -23 -24 -25 25 28 -28 -29 29 -31
leaf_value=0.062544156670328296 -0.0090597935548576616 0.00026716610056238616 0.0022241262753396494 -0.010710735284673867 -0.014813491769012 -0.0030738720694096534 0.042730785534296524 -0.0044600456454412891 0.039213929448408506 -0.0097082753579284618 -0.0063608574406838272 0.075421518836961784 -0.022546547983508362 -0.031058559677340409 0.0358047402707019 0.084012493723259418 -0.023218419385998862 0.0083830460763135231 0.033877795023334149 -0.035728488688697421 0.068509622427045572 -0.035487060261747118 0.024594951002012293 0.071629363858766629 0.065032774221075326 0.00040379346680302928 0.01252780553828391 -0.01191743992607543 -0.027192827010974491 0.0085016695468269603
leaf_weight=5.6022168425843111 7.9876904273405662 127.49354967847466 261.17587284464389 88.716265521943569 1549.7816065405495 29.927769917063415 84.661263137124479 135.81672304822132 112.9710164219141 252.34246414527297 914.51902601961046 8.0618870705366117 71.027534021064639 131.41531370393932 38.943548880517483 1.7067993534728874 156.9838361334987 1429.2132049677894 33.705018519423902 134.45943036815152 13.725247258320453 12.039966558106242 22.174486842937768 45.575847066473216 78.226623400114477 4065.352175003849 192.69831924745813 368.37033349927515 59.977027914486825 1572.1239706464112
leaf_count=333 256 3595 7323 425 154615 224 2274 2946 749 7301 24200 130 1708 5414 181 136 8658 34511 380 4798 285 307 231 873 629 107255 1451 4039 4126 34025
internal_value=-2.72226e-06 -0.00468754 0.00321818 0.00277356 -0.0110589 0.0383957 0.00188598 0.0142065 0.0211526 -0.000426897 0.00109948 0.00498159 0.00746319 -0.0159201 0.00429382 -0.0144352 -0.0128032 0.00901924 0.00210732 -0.00870661 -0.0260525 0.0220431 -0.0167934 0.0598504 0.00282892 0.00354474 0.0285918 -0.00770957 0.00232967 0.00711091
internal_weight=12006.8 4890.8 7115.98 7032.48 1956.73 83.4913 405.239 220.478 240.631 2934.07 2675.16 1760.65 1508.3 258.909 127.66 1551.49 184.761 1437.28 6791.85 421.401 160.225 25.7652 179.158 53.5635 6370.45 5968.38 270.925 402.075 5697.45 1632.1
internal_count=413378 246052 167326 165973 169193 1353 14442 5220 1355 76859 67850 43650 36349 9009 606 154751 9222 34641 164618 12713 5390 592 8889 1129 151905 147486 2080 4419 145406 38151
is_linear=0
shrinkage=0.05


Tree=57
num_leaves=31
num_cat=0
split_feature=10 21 12 16 3 0 6 9 10 19 2 5 2 0 6 12 5 14 18 5 20 17 17 0 17 18 9 9 17 11
split_gain=67.3097 50.0281 42.7839 37.0218 53.943 35.523 35.8014 31.1784 30.0045 30.7122 30.3174 33.402 26.5478 25.9725 25.6793 48.024 24.0576 23.7995 35.1841 25.8931 29.263 25.9405 25.0013 50.2574 40.1051 36.6971 30.0428 34.9301 50.978 45.4606
threshold=1.0000000180025095e-35 1.0000000180025095e-35 31728.500000000004 0.018532065472348588 54.500000000000007 261.97500000000008 2726.5000000000005 582.50000000000011 0.60303030303030314 0.014444289131177587 1.5000000000000002 4019.5000000000005 1.0000000180025095e-35 54.007500000000007 7947.5000000000009 39799.500000000007 1047.5000000000002 1664.5000000000002 6416.5000000000009 756.50000000000011 33.500000000000007 273.50000000000006 149.50000000000003 97.005500000000012 391.50000000000006 947.50000000000011 2972.5000000000005 2034.5000000000002 58.500000000000007 1588.5000000000002
decision_type=2 2 2 2 2 2 2 2 2 2 2 2 2 2 2 2 2 2 2 2 2 2 2 2 2 2 2 2 2 2
left_child=1 -1 12 -2 5 7 -7 -5 9 -6 -11 17 13 -3 -9 16 -16 18 -12 21 -21 -19 23 25 -24 -22 27 -27 -29 -30
right_child=3 2 -4 4 8 6 -8 14 -10 10 11 -13 -14 -15 15 -17 -18 19 -20 20 22 -23 24 -25 -26 26 -28 28 29 -31
leaf_value=0.012678993209234941 -0.010218009175236393 -0.015406500966807844 -0.022047826159182812 0.010146822119481669 -0.012349102570079441 0.043960163396121903 0.0071635714349362932 -0.001795277142210235 0.021603074169577425 -0.0025938776159425436 0.0073496421381865993 -0.0080278760620010256 -0.024160667823463457 0.0064118766533285982 -0.015265533305455894 0.008123140403024762 0.11698656247164591 0.042326722225627333 -0.023634902135834034 -0.0081717972707475717 -0.02190949732944451 0.010293827282216022 -0.011176235790967555 0.0076071914482339232 0.020585336513561668 0.031702389483146867 0.015136961047106365 -0.0019944159651697222 0.0023077047388758935 0.20290487401093402
leaf_weight=219.04309024149552 627.94032883923501 191.84252278739586 661.3480249773711 1794.6565418802202 544.73940421082079 122.3672086596489 142.3268651496619 1316.7339280745946 144.39577518776059 3665.1838974030688 343.80461161630228 374.54921560594812 137.87759861722589 439.20470558153465 2.9922743737697592 107.69430855708197 11.875195935368536 125.37395860115066 119.26717072958127 199.54820145247504 8.8002760820090753 130.9504383187741 171.13787625730038 105.24304309859872 224.314288219437 16.907831881195307 16.722027667798102 5.2065069107338813 3.4931367263197926 12.849745956249533
leaf_count=12743 19236 13735 94812 23249 26372 840 1753 20258 615 105122 9895 14327 12826 19456 38 3696 136 3724 3382 11625 122 2052 5444 1823 4535 376 502 173 121 390
internal_value=2.6888e-06 -0.0093618 -0.0127697 0.00150034 0.00226294 0.0072239 0.0246741 0.00575974 -0.000534456 -0.00107859 4.31245e-05 0.00523754 -0.00469876 -0.000290024 0.000273294 0.0216961 0.093226 0.00860219 -0.000797855 0.0128505 0.0081395 0.0264719 0.0139248 0.0297359 0.00687212 0.0629465 0.0771758 0.0993063 0.136389 0.170614
internal_weight=11988.4 1649.32 1430.27 10339.1 9711.13 3498.65 264.694 3233.95 6212.49 6068.09 5523.35 1858.17 768.925 631.047 1439.3 122.562 14.8675 1483.62 463.072 1020.55 764.223 256.324 564.675 169.223 395.452 63.9795 55.1792 38.4572 21.5494 16.3429
internal_count=413378 153572 140829 259806 240570 49970 2593 47377 190600 189985 163613 58491 46017 33191 24128 3870 174 44164 13277 30887 25111 5776 13486 3507 9979 1684 1562 1060 684 511
is_linear=0
shrinkage=0.05


Tree=58
num_leaves=31
num_cat=0
split_feature=19 0 0 18 10 11 13 0 16 6 10 16 15 11 13 15 13 7 12 18 3 0 0 0 0 3 0 0 0 0
split_gain=63.1921 88.7045 46.9445 39.1925 38.1856 44.4311 33.9368 32.055 36.1423 27.9068 25.9908 25.7905 44.1926 38.4426 69.8249 35.4958 34.5827 26.8229 25.6979 24.5451 22.5934 21.3655 31.1082 22.2144 32.2141 21.0695 21.979 38.9775 20.5229 26.3526
threshold=0.023367907843878741 108.95500000000001 5.0070000000000006 82.500000000000014 0.017192380872391083 326.50000000000006 0.10579491724637184 7.8630000000000013 0.44590643274853808 7.5000000000000009 0.60303030303030314 0.011164296169892996 11898.500000000002 211.50000000000003 0.020220913079360522 1104.5000000000002 0.01634465368157394 1326.5000000000002 2272.5000000000005 14179.500000000002 1.0000000180025095e-35 48.955000000000005 107.01000000000001 49.000500000000009 76.995000000000019 170.50000000000003 444.97500000000008 445.03000000000003 224.09500000000003 207.97500000000002
decision_type=2 2 2 2 2 2 2 2 2 2 2 2 2 2 2 2 2 2 2 2 2 2 2 2 2 2 2 2 2 2
left_child=1 2 -1 6 -4 -6 18 -5 28 -3 11 -11 13 -13 15 -15 -14 -17 -2 21 -10 -7 23 -23 -25 26 -18 -28 29 -9
right_child=3 9 4 7 5 19 -8 8 20 10 -12 12 16 14 -16 17 25 -19 -20 -21 -22 22 -24 24 -26 -27 27 -29 -30 -31
leaf_value=0.097188403567534137 0.0072232361888377068 0.048455426756574327 -0.018779757816744146 -0.020056483002353968 -0.025266807051882924 -0.010001998890690221 -0.006554830815468521 0.0017211081771178567 0.006893830772117443 -0.0223859681155354 0.034577709588603622 0.0047591957707435427 -0.038238212735092758 -0.0065515683112635434 0.0033715582531019593 0.10241100263890016 0.0015895011514136274 -0.015051549105324871 0.068723131212885077 -0.017560191453250926 0.038456002848680455 0.040381122219721004 -0.019852982569704261 -0.0026469776255210659 0.022627128914015002 -0.0055488086180874229 0.081059333860957095 0.011677074332874493 0.0098564444369952445 -0.02601398483666777
leaf_weight=5.019202882423996 26.263085773680359 27.435187315568328 1038.9930669590831 148.90528841130435 243.19156139250845 279.45689478330314 38.696760389022529 5750.6189875369892 119.10297678411007 107.95071723405272 53.837514508515596 189.28062765160576 54.66380058741197 10.071260213851927 65.441570333205163 46.278360026888549 846.28274585772306 4.0601528584957114 50.797656043898314 200.94690316263586 108.08574932068586 52.191591696813703 92.438743932172656 315.57211564667523 203.95724145509303 819.4577160961926 18.262721825391054 178.55522681027651 793.89526189211756 81.950744628440589
leaf_count=148 602 410 115117 2270 10139 10650 417 140340 562 4158 235 7341 2346 99 680 457 27321 23 941 7257 738 1506 3038 9697 5233 35135 460 4602 19010 2446
internal_value=6.82653e-06 -0.00439001 -0.0111255 0.00300561 -0.0115489 -0.00608725 0.0312526 0.0025167 0.0030214 0.0023828 0.00175496 0.000927783 0.00210268 0.0192998 0.0401513 0.0766913 -0.000766837 0.0924329 0.0494805 -0.00191989 0.0224144 0.00148577 0.00635807 0.0107314 0.00739626 0.000432332 0.00513516 0.0199638 0.00234011 0.00130947
internal_weight=11971.7 4853.34 2431.77 7118.32 2426.75 1387.76 115.758 7002.56 6853.65 2421.58 2394.14 2340.3 2232.35 315.132 125.851 60.4098 1917.22 50.3385 77.0607 1144.56 227.189 943.617 664.16 571.721 519.529 1862.56 1043.1 196.818 6626.46 5832.57
internal_count=413378 246052 162785 167326 162637 47520 1960 165366 163096 83267 82857 82622 78464 8600 1259 579 69864 480 1543 37381 1300 30124 19474 16436 14930 67518 32383 5062 161796 142786
is_linear=0
shrinkage=0.05


Tree=59
num_leaves=31
num_cat=0
split_feature=8 13 0 2 12 19 1 16 0 13 3 0 0 0 12 0 19 19 11 10 3 19 12 12 6 0 0 0 3 13
split_gain=58.8618 48.0663 45.5493 39.8933 36.0754 33.8457 29.2668 29.2091 28.3508 46.5297 45.2706 43.4519 34.4584 78.2507 28.6671 31.5869 43.8844 34.0111 28.1008 26.8142 25.181 24.34 23.6923 49.7563 46.55 32.5284 70.7668 31.582 28.3688 27.8668
threshold=1.0000000180025095e-35 0.032314373705187451 224.09500000000003 1.0000000180025095e-35 26702.500000000004 0.0088280535969147388 1.0000000180025095e-35 0.44590643274853808 224.09500000000003 0.013676985844315459 5.5000000000000009 207.97500000000002 994.47500000000014 944.08500000000015 189054.00000000003 36.95600000000001 0.020732105281870503 0.13727511051711735 1663.5000000000002 0.15080360979802324 1.0000000180025095e-35 0.11102955998086088 19771.500000000004 23858.500000000004 7556.5000000000009 49.956500000000013 48.955000000000005 46.958500000000008 192.50000000000003 0.024233490247085068
decision_type=2 2 2 2 2 2 2 2 2 2 2 2 2 2 2 2 2 2 2 2 2 2 2 2 2 2 2 2 2 2
left_child=1 2 4 21 -1 -2 7 8 9 -7 -10 14 13 19 15 16 -11 22 -15 -12 -9 -3 24 28 -17 26 27 -25 29 -24
right_child=5 3 -4 -5 -6 6 -8 20 10 11 12 -13 -14 18 -16 17 -18 -19 -20 -21 -22 -23 23 25 -26 -27 -28 -29 -30 -31
leaf_value=-0.00822535208112396 -0.01638701478662449 0.010765365322502472 0.0034728468174011606 -0.030874445727246864 -0.027704956717699243 -0.035224880004824037 0.01369015809159399 0.0037367437188079913 0.033015932795666059 -0.025403735043776687 0.0018420527369754432 -0.025852381333782221 -0.019965183085675325 -0.01901153044753948 -0.0060202039760716168 -0.0048704751270794017 -0.00056693094425453534 0.038164218074683433 0.099252858821584883 0.023500837553266367 0.037210119779082639 0.074224001080807012 0.01176830531701128 0.011526450053349653 0.076936126099849303 0.0010145750019235386 0.049727843443961972 -0.024443793640698597 -0.024973178102263113 0.041222314810775179
leaf_weight=450.24910425860435 255.63465350400656 295.79594996385276 303.08291626069695 53.341060450300574 512.79989342624322 89.905648548621684 492.34638296347111 126.12133601307869 145.31096495687962 189.53669892717153 1125.1162656228989 154.16314322501421 129.626769291237 4.3143823510035899 1356.5318293706514 848.77989929448813 2076.674834894482 69.641427461057901 24.711901996284723 158.88171299174428 98.175675787031651 11.184282148256896 157.20705621829256 333.43599121179432 12.758928056806324 2104.0181118901819 109.41329924436286 69.593466049060225 24.044772158842534 171.86850639432669
leaf_count=34935 12212 9939 20373 3478 84515 4384 9920 593 1040 11340 27065 4348 3106 80 57269 19709 31246 539 332 882 691 332 2728 7230 126 56508 3657 2602 498 1701
internal_value=1.05355e-05 -0.00881551 -0.0133899 0.00722157 -0.0186873 0.00140408 0.00186353 0.00124889 0.000816322 -0.000429535 0.0068927 5.78436e-07 0.00415649 0.00660458 0.000547146 0.00199545 -0.00269553 0.00472072 0.0814638 0.00460287 0.0188801 0.0142299 0.00406384 0.00617949 -0.00322203 0.00377915 0.0150106 0.00509183 0.0236638 0.0275382
internal_weight=11954.3 1626.45 1266.13 360.321 963.049 10327.8 10072.2 9579.83 9355.54 7767.57 1587.96 7677.67 1442.65 1313.02 7523.5 6166.97 2266.21 3900.76 29.0263 1284 224.297 306.98 3831.12 2969.58 861.539 2616.46 512.443 403.029 353.12 329.076
internal_count=413378 153572 139823 13749 119450 259806 247594 237674 236390 203885 32505 199501 31465 28359 195153 137884 42586 95298 412 27947 1284 10271 94759 74924 19835 69997 13489 9832 4927 4429
is_linear=0
shrinkage=0.05


Tree=60
num_leaves=31
num_cat=0
split_feature=10 0 0 13 17 13 21 19 13 16 5 2 2 13 20 17 5 14 4 15 16 17 12 12 16 11 16 11 11 3
split_gain=54.5057 58.114 54.3456 39.1501 27.5378 26.0788 32.4602 25.9121 25.2432 24.3764 24.7067 41.4813 23.895 50.8058 30.8584 26.2711 34.3995 23.5187 22.8031 21.7167 21.4572 21.1017 21.0701 27.5225 24.388 20.9085 20.663 20.3801 19.9999 19.6413
threshold=0.041435363518302487 58.955000000000005 57.008500000000005 0.032314373705187451 549.50000000000011 0.020473383420696 504.50000000000006 0.016457011089662445 0.012649078527543491 0.44590643274853808 769.50000000000011 7.5000000000000009 1.0000000180025095e-35 0.079973778455017311 51.500000000000007 32.500000000000007 32.500000000000007 23.500000000000004 6.5000000000000009 30.500000000000004 0.018532065472348588 490.50000000000006 27125.500000000004 23454.500000000004 0.034433744438670852 340.50000000000006 0.025921333331581028 522.50000000000011 4858.5000000000009 1.0000000180025095e-35
decision_type=2 2 2 2 2 2 2 2 2 2 2 2 2 2 2 2 2 2 2 2 2 2 2 2 2 2 2 2 2 2
left_child=1 2 5 18 7 6 -1 -5 -2 10 11 12 19 15 -15 16 -14 29 -3 -10 -21 -17 23 24 27 -8 -27 -9 -12 -11
right_child=8 3 -4 4 -6 -7 25 22 9 17 28 -13 13 14 -16 21 -18 -19 -20 20 -22 -23 -24 -25 -26 26 -28 -29 -30 -31
leaf_value=-0.0207516722192072 -0.033099543048323847 0.0022547595838208314 -0.036454949172768321 -0.011162471561896556 0.00042328254737783059 -0.0010892400236171137 -0.035835990308311007 0.062312950234567246 0.02001001881314534 -0.0095458797679330264 0.00070654683401530707 0.055440362499213636 0.034002216553995046 -0.0056319719019966965 0.014946025337197619 0.02972905880769762 -0.010209997205374599 0.045804533975953604 -0.0056238837444186505 -0.024094058351181606 0.0014582921104661641 -0.0036066021547583242 0.0030454937414020702 0.059832655189057782 -0.0085302866754984521 -0.0010130533246731968 0.079889109544509784 -0.0099887724181846813 -0.013437317754309775 0.028630707403328348
leaf_weight=574.89320177910849 41.716351035051048 1887.1764271710999 173.81898243632168 40.364314676262438 216.87506872508675 854.67888486292213 38.679811944253743 29.988192734308541 147.31236907932907 68.412549152970314 1246.8256566426717 35.883802648633718 59.922960963100195 536.54823964647949 269.58659641444683 427.14513049088418 131.89312980137765 60.279589146375656 1780.3128635645844 80.329510667361319 2207.0453277882189 52.189728097990155 51.92092708684504 81.249131264165044 42.315079930238426 416.78145370120183 3.0431604003533712 11.79063199739903 307.46423483639956 58.069610327482224
leaf_count=63871 840 98340 16749 1012 4660 32564 3071 927 1545 294 18600 265 514 4526 1668 4742 2635 366 96422 1338 23967 487 914 852 742 25990 107 329 4589 452
internal_value=1.18039e-05 -0.00323451 -0.0100823 0.000182374 0.0136189 -0.0075645 -0.0128889 0.0245076 0.00352597 0.00382337 0.00320945 0.00530986 0.00477984 0.00978546 0.00129941 0.0198933 0.00411474 0.0213548 -0.00157223 0.00172877 0.000510333 0.0260997 0.0312365 0.0397398 0.0180583 -0.00291267 0.000506736 0.0430216 -0.00212546 0.00840373
internal_weight=11934.5 6203.89 2061.9 4141.99 474.503 1888.08 1033.4 257.628 5730.62 5688.91 5502.15 3947.86 3911.97 1477.29 806.135 671.151 191.816 186.762 3667.49 2434.69 2287.37 479.335 217.264 165.343 84.0939 458.504 419.825 41.7788 1554.29 126.482
internal_count=413378 346550 142352 204198 9436 125603 93039 4776 66828 65988 64876 41687 41422 14572 6194 8378 3149 1112 194762 26850 25305 5229 3764 2850 1998 29168 26097 1256 23189 746
is_linear=0
shrinkage=0.05


Tree=61
num_leaves=31
num_cat=0
split_feature=19 0 0 10 14 18 0 20 22 2 18 2 0 20 16 6 11 6 12 11 13 4 20 21 7 21 19 9 6 19
split_gain=51.5496 72.4274 50.7251 41.5366 53.0904 35.5943 34.4815 32.9564 34.1301 31.8953 36.5571 37.0677 30.7783 26.8953 26.2039 25.4941 39.9916 25.549 44.9677 24.3304 22.5972 21.116 21.0878 20.3947 57.6962 34.7414 31.8175 46.0228 32.7327 29.7269
threshold=0.025331557933465008 115.02000000000002 5.0070000000000006 0.017192380872391083 481.50000000000006 57.500000000000007 7.8630000000000013 48.500000000000007 0.027846510898803762 1.0000000180025095e-35 2185.5000000000005 2.5000000000000004 107.01000000000001 9.5000000000000018 0.44590643274853808 2726.5000000000005 166.50000000000003 5204.5000000000009 27951.500000000004 3667.5000000000005 0.037475624110421976 39.500000000000007 25.500000000000004 1797.5000000000002 876.50000000000011 131.50000000000003 0.01372237733345019 3132.5000000000005 7383.5000000000009 0.022516613644093218
decision_type=2 2 2 2 2 2 2 2 2 2 2 2 2 2 2 2 2 2 2 2 2 2 2 2 2 2 2 2 2 2
left_child=1 2 20 -4 -5 13 -7 8 15 -10 -11 -12 19 -2 -8 16 -3 -17 -19 23 -1 -16 -13 25 26 -6 -25 28 29 -28
right_child=5 7 3 4 12 6 14 -9 9 10 11 22 -14 -15 21 17 -18 18 -20 -21 -22 -23 -24 24 -26 -27 27 -29 -30 -31
leaf_value=-0.0077948566484790822 0.053575972309598222 -0.0076375764551963382 -0.016783675033872125 -0.02318243314391058 0.016309079693430401 -0.020869921919165403 0.0026088495835192536 -0.0088585256955077026 0.0044570638830007695 -0.00063461807697437998 0.023526518063855431 0.036125073221071106 -0.020946530145449942 -0.0037421764033353853 0.02575202578962521 -0.017096891720833587 0.0249688402586443 0.09227027874229092 -0.00095871154192245884 -0.0083149653290760291 0.14281002203007737 -0.019040373443919383 0.10938725916476036 -0.013337792023668802 -0.0073029961961916011 -0.0064908985861181316 0.12905713691197462 0.017264733765679191 -0.015458740036137604 0.011612272386388563
leaf_weight=2.909887825138866 55.25901103252545 162.10566317709163 1146.7359009734355 304.7814115146175 277.82139419391751 146.8679336020723 5832.739544081036 532.15306300856173 518.46426259353757 109.15917288698256 210.15340287517756 30.673471695743501 154.83107163663954 30.054207089357078 193.04991628229618 273.93363934801891 213.00397387333214 8.174077501986174 706.26086344895884 369.20245012547821 2.9636200545355678 26.648755803704262 18.438292343169451 16.152420790866017 90.367797922343016 403.72271582297981 28.396472722291946 39.064195742830634 4.7963062105700365 7.6837353389710179
leaf_count=100 1092 9204 129342 12102 5315 2253 129146 10777 7655 2031 2707 437 5297 221 1137 12055 3965 257 43962 13421 65 157 327 669 3005 14428 800 1117 133 201
internal_value=1.30555e-05 -0.00345923 -0.00905539 -0.00945166 -0.00446183 0.00312501 0.00266877 0.00227746 0.00492463 0.0125296 0.0236779 0.0337327 -0.000294728 0.0342946 0.00325672 -4.98308e-05 0.0109627 -0.00426349 0.000741807 0.00236366 0.0989219 0.0200161 0.0711963 0.00692738 0.0213519 0.00285427 0.047328 0.0596494 0.0938585 0.108503
internal_weight=11916.6 5631.95 2849.43 2843.56 1696.82 6284.62 6199.31 2782.52 2250.37 886.889 368.424 259.265 1392.04 85.3132 6052.44 1363.48 375.11 988.369 714.435 1237.21 5.87351 219.699 49.1118 868.005 186.461 681.544 96.0931 79.9407 40.8765 36.0802
internal_count=413378 279372 185995 185830 56488 134006 132693 93377 82600 13157 5502 3471 44386 1313 130440 69443 13169 56274 44219 39089 165 1294 764 25668 5925 19743 2920 2251 1134 1001
is_linear=0
shrinkage=0.05


Tree=62
num_leaves=31
num_cat=0
split_feature=8 2 13 0 12 16 3 21 3 14 6 0 0 6 15 21 2 2 19 5 1 0 4 17 18 6 12 15 22 4
split_gain=48.8524 47.2414 50.574 49.6308 32.8382 32.1603 37.3959 32.3816 30.7517 30.4183 26.5589 26.2341 86.6502 28.0823 26.0938 25.2646 27.7646 26.1876 26.0854 24.7993 22.84 23.7104 22.5834 25.7063 24.5748 22.3095 40.4675 21.5748 21.5077 21.1855
threshold=1.0000000180025095e-35 1.0000000180025095e-35 0.032314373705187451 159.95500000000001 25069.500000000004 0.011164296169892996 54.500000000000007 582.50000000000011 1.0000000180025095e-35 622.50000000000011 1697.5000000000002 994.47500000000014 849.50000000000011 8258.5000000000018 24285.500000000004 35.500000000000007 1.0000000180025095e-35 1.5000000000000002 0.01851059250235847 4019.5000000000005 1.0000000180025095e-35 418.87000000000006 24.500000000000004 2367.0000000000005 45948.500000000007 7947.5000000000009 39799.500000000007 21.500000000000004 0.15830625197379819 10.500000000000002
decision_type=2 2 2 2 2 2 2 2 2 2 2 2 2 2 2 2 2 2 2 2 2 2 2 2 2 2 2 2 2 2
left_child=1 2 3 4 9 8 7 20 27 -1 -10 12 15 -14 -11 16 -8 22 -19 -20 21 -7 -17 -24 -25 -9 28 -2 -27 -23
right_child=5 -3 -4 -5 -6 6 11 25 10 14 -12 -13 13 -15 -16 17 -18 18 19 -21 -22 29 23 24 -26 26 -28 -29 -30 -31
leaf_value=-0.011263504079241229 0.010165587163853178 -0.028627163551125587 0.013067724456368945 0.0051610728774880866 -0.027016185813858753 0.0077039488495958654 0.0020644302038004942 -0.001331214045257795 -0.029430149763396016 0.074392865493292257 0.031183826677677502 -0.02257427688508961 0.015523036338252721 0.083900591078645573 -0.0024282710239858928 -0.0060694834056311863 0.0241596315305285 -0.0079492019124157293 0.0093029873453884231 -0.0061222517640151276 0.031718509472923713 0.051911916135258855 -0.0038618316746302714 0.025955211565178313 -0.030415287213749295 0.10565614056733907 0.0080380065803127322 -0.019748892022249269 -0.013781661229226614 -0.013818745685892878
leaf_weight=258.33625685516745 180.0722264633514 233.79488793248311 311.41207259800285 363.94793705223128 391.00899479072541 1854.425803296268 506.63560580369085 1434.5133811421692 208.26295260759071 15.785518882796167 15.710503123700617 126.11834721080959 28.758304256014526 34.280988710001111 22.95958293043077 2913.1194594530389 193.23782758135349 431.16699538985267 1182.7271966035478 330.00114605436102 111.21808932395652 49.515050870366395 277.51973414234817 167.5335836764425 17.551249315962195 12.782791513949634 127.63656406803057 84.385093612596393 3.4433559253811827 13.484438861720262
leaf_count=22283 4925 28175 10271 24434 66882 24586 6087 21968 8619 345 264 3179 591 468 1182 104184 1989 22960 32228 12249 1025 481 5767 1611 168 153 3966 2204 22 112
internal_value=1.9036e-05 -0.00810326 -0.00449223 -0.00972734 -0.0175826 0.0012814 0.00190664 0.00595181 -0.0111757 -0.00492479 -0.0245903 -0.000446371 3.06052e-05 0.0561401 0.0337958 -0.000603108 0.0082931 -0.00178022 0.00283816 0.00592889 0.0101226 0.0087907 -0.00443996 0.00577667 0.0199503 0.000576193 0.0190016 0.000430908 0.0830343 0.0378613
internal_weight=11901.3 1597.25 1363.45 1052.04 688.09 10304.1 9815.67 3607.02 488.431 297.081 223.973 6208.65 6082.53 63.0393 38.7451 6019.49 699.873 5319.62 1943.9 1512.73 2028.64 1917.43 3375.72 462.605 185.085 1578.38 143.863 264.457 16.2261 62.9995
internal_count=413378 153572 125397 115126 90692 259806 243794 52313 16012 23810 8883 191481 188302 1059 1527 187243 8076 179167 67437 44477 26204 25179 111730 7546 1779 26109 4141 7129 175 593
is_linear=0
shrinkage=0.05


Tree=63
num_leaves=31
num_cat=0
split_feature=8 2 13 0 12 13 19 4 3 0 0 0 0 7 12 11 21 17 20 0 0 3 0 0 18 18 0 22 19 1
split_gain=44.5032 44.5105 45.7655 46.3255 30.3136 29.6213 24.9456 25.3557 38.9587 38.3808 25.4005 26.8285 43.2328 25.1586 43.0349 29.0694 24.7038 47.1994 42.4534 24.3967 21.9044 21.0439 21.6304 26.598 26.7844 28.2117 26.5634 21.7541 20.9287 20.8154
threshold=1.0000000180025095e-35 1.0000000180025095e-35 0.032314373705187451 224.09500000000003 26304.500000000004 0.012649078527543491 0.0088280535969147388 5.5000000000000009 19.500000000000004 58.955000000000005 57.008500000000005 47.955000000000005 49.000500000000009 759.50000000000011 25069.500000000004 3535.5000000000005 1698.5000000000002 188.50000000000003 167.50000000000003 249.97500000000002 57.955000000000005 249.50000000000003 97.005500000000012 86.995000000000019 4709.5000000000009 3129.5000000000005 108.95500000000001 0.072526466549529739 0.11102955998086088 1.5000000000000002
decision_type=2 2 2 2 2 2 2 2 2 2 2 2 2 2 2 2 2 2 2 2 2 2 2 2 2 2 2 2 2 2
left_child=1 2 3 4 -1 19 -7 8 13 10 11 -10 -13 -8 -15 -16 18 -18 29 -2 -20 22 23 24 25 -11 -24 -28 -4 -9
right_child=5 -3 28 -5 -6 6 7 16 9 21 -12 12 -14 14 15 -17 17 -19 20 -21 -22 -23 26 -25 -26 -27 27 -29 -30 -31
leaf_value=-0.0048308739074893409 -0.035946175989847035 -0.0279953583687816 0.0090860686286307717 0.0091029754415704409 -0.024502846823478246 -0.014292726375886626 0.0073549948951003186 0.00069763201350760693 -0.010194072638118314 0.0088887482563735267 -0.032346920773334127 0.037382324327704573 -0.011604787095431049 0.047955703156547798 -0.0051428822507343132 0.031747577080842325 0.01776988539440327 -0.0092646603746321023 0.012462897025476309 0.0063332483241410678 0.049684054418274816 -0.025929695963826906 -0.013668318222036452 0.040951867137609357 -0.0090219991415100512 0.050992926091131097 0.0029764099057044521 0.018981683287617887 0.06633729374803353 0.055363961820721591
leaf_weight=372.16535768471658 90.951093421783298 227.39484765334055 302.78748276177794 254.0539238397032 415.53551846696064 237.82915438013151 450.36021739803255 5102.3058913401328 446.72027177596465 140.54421085026115 84.215085894800723 84.153264607302845 87.389637181069702 126.55320523818955 119.30316535104066 89.985639780759811 181.25178762199357 1220.1116022272035 123.13091088458896 50.90003999043256 56.970992904156446 44.108386745676398 175.08502756711096 88.551511008292437 111.91045634774491 52.139485419727862 845.13067156961188 279.67309721559286 12.088510346598921 12.474345194641499
leaf_count=26899 4670 28175 9939 16237 71990 11670 7640 112400 18236 4031 4456 2909 3386 1701 2025 1622 6339 33855 915 999 405 1219 6996 2678 4387 1801 23122 2115 332 229
internal_value=2.04318e-05 -0.00776827 -0.00428751 -0.00933188 -0.0152975 0.00122123 0.00154276 0.00192934 0.00556729 0.00243503 -0.00739261 -0.00376129 0.0128048 0.01521 0.0254811 0.0110892 0.00017396 -0.00571728 0.00173708 -0.0210761 0.025261 0.00641902 0.00733566 0.0175407 0.0101832 0.0212836 0.00419381 0.00702238 0.0122866 0.000884895
internal_weight=11885.8 1584.03 1356.63 1041.75 787.701 10301.7 10159.9 9922.07 3225.82 2439.62 702.478 618.263 171.543 786.202 335.842 209.289 6696.25 1401.36 5294.88 141.851 180.102 1737.14 1693.03 393.146 304.594 192.684 1299.89 1124.8 314.876 5114.78
internal_count=413378 153572 125397 115126 98889 259806 254137 242467 88324 75336 28987 24531 6295 12988 5348 3647 154143 40194 113949 5669 1320 46349 45130 12897 10219 5832 32233 25237 10271 112629
is_linear=0
shrinkage=0.05


Tree=64
num_leaves=31
num_cat=0
split_feature=19 0 0 14 12 22 11 18 0 15 6 3 8 10 13 11 5 18 6 0 7 0 0 11 3 14 11 0 13 11
split_gain=41.9056 63.6996 45.4003 32.8383 46.0435 47.9976 44.8821 30.0241 29.1696 28.2903 27.8208 25.5087 25.3837 24.9127 24.1444 27.0983 21.5069 21.2653 20.6974 27.3388 22.6352 22.1619 20.45 20.2271 19.0936 18.3175 23.8563 26.0823 20.8271 17.3671
threshold=0.02374155458632957 108.95500000000001 5.0070000000000006 481.50000000000006 23034.500000000004 0.018354330405084968 522.50000000000011 57.500000000000007 7.8630000000000013 21034.500000000004 7.5000000000000009 256.50000000000006 64.500000000000014 0.60303030303030314 0.10579491724637184 226.50000000000003 6283.5000000000009 14376.500000000002 8702.5000000000018 994.47500000000014 679.50000000000011 418.87000000000006 279.97500000000008 159.50000000000003 163.50000000000003 6889.5000000000009 4636.5000000000009 107.01000000000001 0.018872015888413862 239.50000000000003
decision_type=2 2 2 2 2 2 2 2 2 2 2 2 2 2 2 2 2 2 2 2 2 2 2 2 2 2 2 2 2 2
left_child=1 2 23 -4 6 -6 9 14 -9 29 -3 -11 13 16 15 -2 18 25 19 22 -20 -22 -12 -1 -24 26 27 28 -7 -5
right_child=7 10 3 4 5 17 -8 8 -10 11 12 -13 -14 -15 -16 -17 -18 -19 20 -21 21 -23 24 -25 -26 -27 -28 -29 -30 -31
leaf_value=-0.011696695680774236 0.016649481059966869 0.04742126041443584 -0.020701153206711734 -0.0084340287706933716 -0.019188662906675272 0.015116374242157508 0.092972395631089375 -0.019676719354315923 0.0025950096715515319 -0.0078561250941369676 -0.0022298062136303729 0.085416316519650273 -0.010607981022298658 0.036387060761879211 -0.0047319816738013252 0.086378816269302439 0.087915668568510769 -0.018391219800907504 0.036226405701079732 -0.028541554218378274 -0.0075018890028499974 0.032231168452764705 0.016948463596135728 0.12976603520745511 -0.00096841389365141307 -0.018458805725416527 0.037605991348108388 -0.02643398141691506 -0.0030681646830465533 0.068583294422906102
leaf_weight=2.5111383637413374 34.697854034136981 28.419272308703512 530.61739665735513 8.7070746156387049 689.60676849866286 270.19104576483369 13.056492790579794 145.31866198079661 6779.0065493853763 117.52909417683259 1101.7294922997244 2.8002421241253606 363.84904425963759 51.489985831081867 30.775773753412068 22.34760679025203 2.3819028586149207 162.47799169179052 83.49490631185472 72.530135125853121 112.962150643114 45.082391766831279 338.7372384024784 3.4983176495879889 261.15720728598535 100.15799649432302 43.86612229142338 70.042444625869393 364.87982237664983 21.647243388928473
leaf_count=92 790 413 37332 400 88488 8659 214 2272 158967 4800 45057 51 7697 230 304 259 72 6250 3238 2636 5559 1305 8677 63 9962 3599 1551 2329 11124 988
internal_value=2.10802e-05 -0.00354329 -0.00932829 -0.00977443 -0.00661853 -0.00906726 0.0183381 0.00249399 0.00211374 0.00909289 0.0021076 -0.00236446 0.00148224 0.00362826 0.0307463 0.0487256 0.00270457 -0.00210718 0.00238659 0.000498802 0.0159615 0.00447286 0.00181661 0.0921878 0.00920502 0.00109811 0.00381844 0.00146648 0.0047261 0.0484227
internal_weight=11875.6 4863.42 2401.59 2395.58 1864.96 1701.22 163.74 7012.15 6924.33 150.684 2461.83 120.329 2433.41 2069.57 87.8212 57.0455 2018.08 1011.62 2015.69 1774.15 241.539 158.045 1701.62 6.00946 599.894 849.137 748.979 705.113 635.071 30.3543
internal_count=413378 250786 165940 165785 128453 122000 6453 162592 161239 6239 84846 4851 84433 76736 1353 1049 76506 33512 76434 66332 10102 6864 63696 155 18639 27262 23663 22112 19783 1388
is_linear=0
shrinkage=0.05


Tree=65
num_leaves=31
num_cat=0
split_feature=16 8 21 0 11 12 1 15 3 2 0 0 16 0 3 0 16 8 3 17 19 0 16 5 0 15 20 19 14 11
split_gain=41.5125 42.643 40.2883 33.2406 27.6659 40.6636 29.2778 25.3232 24.8922 23.9063 23.6945 47.4243 42.6689 36.7577 28.8108 29.3328 33.0051 35.2556 25.8225 24.7926 24.2389 22.9601 22.8966 22.5128 22.3182 29.3794 22.2954 21.1256 20.4785 20.3209
threshold=0.44590643274853808 1.0000000180025095e-35 1.0000000180025095e-35 60.02450000000001 166.50000000000003 9191.5000000000018 1.0000000180025095e-35 12430.500000000002 1.0000000180025095e-35 1.0000000180025095e-35 28.534000000000002 19.836000000000002 0.023647637186074117 28.995000000000001 1.0000000180025095e-35 15.950500000000002 0.026642046500569689 63.500000000000007 88.500000000000014 751.50000000000011 0.11102955998086088 93.506500000000017 0.024147864910322833 102.50000000000001 272.07000000000005 15677.500000000002 18.500000000000004 0.034179925434222089 23.500000000000004 3894.5000000000005
decision_type=2 2 2 2 2 2 2 2 2 2 2 2 2 2 2 2 2 2 2 2 2 2 2 2 2 2 2 2 2 2
left_child=1 2 -1 -4 5 7 10 23 21 27 11 12 -6 19 -14 20 -17 -18 24 -12 -16 28 -13 -3 -15 -26 29 -5 -2 -8
right_child=8 4 3 9 6 -7 26 -9 -10 -11 13 22 14 18 15 16 17 -19 -20 -21 -22 -23 -24 -25 25 -27 -28 -29 -30 -31
leaf_value=0.011850254578263043 -0.017214962239262537 0.003664265957752804 -0.021959506172867595 -0.0049004189624759862 -0.022808457160218669 -0.038622445328790896 0.018896072928643828 0.026768670793748381 0.03650748390350788 -0.024358954373706165 -0.022197838994337391 0.00144128847830309 -0.015854972642433324 0.003916459498658327 0.0091381097792772297 0.0083529640876678305 0.083275927156931842 0.014264405594740188 -0.0005428338379011127 0.083784213070954419 -0.0311990940478191 0.046354313159910794 -0.018874790965740181 -0.020952367834105302 0.037709162528597961 0.0060916769397007233 0.0057577002741166991 0.021206576774153451 0.026197360024912648 0.064973798565186341
leaf_weight=212.91909152129665 84.128043562173843 188.58885655924678 472.33656991552562 639.00811845902354 126.41420400561765 97.818453310988843 121.80242324713618 54.768231282941997 115.00234172865748 135.03424528846517 4.9912205436266985 182.64615736156702 101.84261634200811 2483.9512126906775 406.33165157400072 87.196054687257856 39.506192052736878 35.919566243886948 4697.9330686670728 17.055363405495882 36.063110576942563 22.644232049584389 562.48454715544358 175.6297401455231 113.78876661229879 198.97157280240208 304.60848624631763 83.116278894245625 34.164227388799191 27.508107011672109
leaf_count=12713 416 3295 65550 55735 3142 5948 2300 1276 830 15247 186 5469 1131 46451 5783 1213 376 355 151046 195 360 108 10682 8993 649 2925 5899 4194 164 747
internal_value=2.94226e-05 -0.00041374 -0.00814134 -0.0113754 0.000773837 -0.0104377 0.00138577 -0.00347969 0.019752 -0.00544952 0.00076359 -0.00479617 0.00339557 0.00193348 0.00820917 0.0123566 0.0301876 0.053341 0.00172234 0.0601225 0.00553798 0.00529746 -0.0139185 -0.0083291 0.00552156 0.0180071 0.013708 -0.00177035 -0.00412302 0.0292154
internal_weight=11864.2 11608.2 1542.41 1329.5 10065.8 516.805 9549.01 418.987 255.939 857.159 9095.1 1578.4 833.273 7516.69 706.859 605.017 162.622 75.4258 7494.64 22.0466 442.395 140.937 745.131 364.219 2796.71 312.76 453.919 722.124 118.292 149.311
internal_count=413378 411860 153439 140726 258421 19512 238909 13564 1518 75176 229963 28511 12360 201452 9218 8087 1944 731 201071 381 6143 688 16151 12288 50025 3574 8946 59929 580 3047
is_linear=0
shrinkage=0.05


Tree=66
num_leaves=31
num_cat=0
split_feature=16 3 0 19 0 0 6 6 12 4 6 19 3 0 22 2 6 12 14 11 17 2 22 12 0 0 0 2 17 20
split_gain=38.7835 66.806 39.2871 52.689 44.494 74.9338 40.7584 33.8575 95.9485 33.0307 33.4787 31.3892 30.4808 29.4797 28.2932 27.4329 51.578 25.3204 23.8948 33.5004 30.9717 24.0318 24.0067 23.6822 23.1166 22.1878 20.602 20.4545 35.2215 36.0598
threshold=0.059567444225428423 1.5000000000000002 224.09500000000003 0.018951541485265049 994.47500000000014 944.08500000000015 2726.5000000000005 5204.5000000000009 39799.500000000007 22.500000000000004 13.500000000000002 0.13727511051711735 223.50000000000003 207.97500000000002 0.0062505426289286344 1.5000000000000002 4281.5000000000009 14105.500000000002 209.50000000000003 405.50000000000006 228.50000000000003 1.0000000180025095e-35 0.10008488964346351 27951.500000000004 48.955000000000005 49.000500000000009 46.958500000000008 1.0000000180025095e-35 164.50000000000003 145.50000000000003
decision_type=2 2 2 2 2 2 2 2 2 2 2 2 2 2 2 2 2 2 2 2 2 2 2 2 2 2 2 2 2 2
left_child=2 9 3 24 5 6 17 -8 -9 10 -2 13 -10 14 23 16 -3 -4 -16 20 -20 22 -22 -5 -1 -26 -13 -21 29 -29
right_child=1 15 4 11 -6 -7 7 8 12 -11 -12 26 -14 -15 18 -17 -18 -19 19 27 21 -23 -24 -25 25 -27 -28 28 -30 -31
leaf_value=-0.019915531003534506 0.025940403247421681 0.061243510656083501 0.0057964813085024727 -0.00048757485569019432 -0.019334925327390076 0.074926531822451209 -0.01225595365022375 0.1143786243288987 0.0073456897218558458 -0.01199742750233255 -0.004302892103228686 -0.0016667970644262634 -0.017532825233140131 -0.024649012619771826 -0.0075435953877606059 0.01279981090520943 1.9718628845336945e-05 0.0332939525613258 0.0095670921002045436 -0.0022394887478364689 -0.015528177403798034 0.077261611487629084 0.064243813572487249 -0.017972797703282705 0.02403373188775047 -0.0077152018150892501 0.039977053080867068 0.019137562655586606 0.00090657545901643821 -0.015674060935235153
leaf_weight=408.23070573201403 173.87180422246456 109.08723231125623 149.43013297952712 391.6636789245531 162.04962163232267 35.489229359664023 303.54992241039872 15.20404113922268 1046.8480854304507 290.36226666625589 184.86329426662996 46.722704403102398 134.64197118487209 120.32913109986112 708.95264835935086 154.54448721464723 49.255605312995613 192.9226566683501 230.20221330411732 2265.410609616898 22.031955284997824 30.205070750787854 9.8289686292409879 378.59194415435195 52.267023766413331 1560.4084900831804 74.701770588289946 546.74454819271341 1919.1158574074507 82.135408066213131
leaf_count=37977 1149 805 5157 22435 5184 626 7638 196 30813 2366 1813 548 4586 4200 16497 1250 504 1980 4843 46855 322 356 59 55159 3769 97019 831 15518 41043 1880
internal_value=3.11034e-05 0.00962763 -0.000820831 -0.00226344 0.00542564 0.00760776 0.00611191 0.00252954 0.00631537 0.000427242 0.0105105 -0.000161954 0.00444861 -0.000626872 -0.000169533 0.0284073 0.0427822 0.0215481 0.00102591 0.00222205 0.0185123 0.0485032 0.0144574 -0.00914231 -0.00934437 -0.00661511 0.0245208 0.00121473 0.00428424 0.0145032
internal_weight=11849.7 961.985 10887.7 8847.54 2040.14 1878.09 1842.6 1500.24 1196.69 649.097 358.735 6826.64 1181.49 6705.21 6584.88 312.887 158.343 342.353 5814.63 5105.67 292.268 62.066 31.8609 770.256 2020.91 1612.68 121.424 4813.41 2548 628.88
internal_count=413378 7887 405491 349311 56180 50996 50370 43233 35595 5328 2962 210546 35399 209167 204967 2559 1309 7137 127373 110876 5580 737 381 77594 138765 100788 1379 105296 58441 17398
is_linear=0
shrinkage=0.05


Tree=67
num_leaves=31
num_cat=0
split_feature=16 3 3 10 12 12 12 11 0 7 18 16 13 15 6 12 6 3 2 3 0 13 22 19 2 6 19 6 22 11
split_gain=36.9076 50.3928 48.9565 48.9009 33.6547 68.7243 37.4125 64.5971 49.0337 36.4835 36.2683 30.3893 27.2886 45.1316 24.9689 34.73 25.4334 47.8817 43.7054 30.5498 38.8503 24.3226 24.3178 25.2675 24.8837 24.118 23.652 23.639 23.6279 23.0098
threshold=0.011164296169892996 30.500000000000004 1.0000000180025095e-35 0.0045951862156479676 23858.500000000004 20612.500000000004 22619.500000000004 597.50000000000011 49.956500000000013 1208.5000000000002 369.50000000000006 0.023221942972250022 0.018056278119302816 21034.500000000004 7832.5000000000009 47152.500000000007 33.500000000000007 1.0000000180025095e-35 1.0000000180025095e-35 16.500000000000004 267.97500000000008 0.012649078527543491 0.60303030303030314 0.014444289131177587 1.0000000180025095e-35 1697.5000000000002 0.034179925434222089 1.0000000180025095e-35 0.18426185233888767 976.50000000000011
decision_type=2 2 2 2 2 2 2 2 2 2 2 2 2 2 2 2 2 2 2 2 2 2 2 2 2 2 2 2 2 2
left_child=2 4 27 11 5 -2 9 -8 -9 12 29 -3 13 -7 16 -16 17 -12 -19 20 -18 -5 23 -23 26 -4 -25 -1 -20 -6
right_child=1 3 25 21 10 6 7 8 -10 -11 14 -13 -14 -15 15 -17 19 18 28 -21 -22 22 -24 24 -26 -27 -28 -29 -30 -31
leaf_value=0.032327017684942665 0.0033853649710893492 0.01538357277542806 -0.029745687983091636 -0.037020281953424099 -0.0041287776824086809 0.053783872871136312 -0.021999273655874826 -0.0077372906829501825 0.053097569065949882 0.015608276534857149 -0.0058141734951299177 -0.014726720024727198 0.068874916933824956 -0.02626983764155193 0.060851352711530485 0.0068329192877281328 -0.0099995368803540985 0.057053640464038241 0.00017739912413676745 0.011659770383008099 0.01952125769093006 -0.010602737102124504 0.019254979798231611 -0.0065853066293499038 0.0035382040035589341 0.022994500224213548 0.0035049079890028508 -0.0040055732009902055 0.04149536924241537 0.089930730934109984
leaf_weight=48.663346447516233 955.43628697330132 88.285861080978066 283.34710446558893 39.261494727805257 9.29883677698672 42.837751657702029 88.651148774195462 49.787091505713761 87.608492333441973 116.97428751038387 264.82895488198847 901.84944307804108 100.85867493320256 24.03538297303021 33.705504399724305 135.74710984900594 1141.213516226504 68.619164597243071 135.09728259500116 255.60619022417814 118.81182367261499 540.9547323375009 157.74348350428045 1653.4919568086043 3259.1540464218706 19.840879656840116 889.83309964463115 265.67421326832846 41.533980786800385 13.783643131610004
leaf_count=1547 21564 9631 16073 2429 161 480 927 644 769 1218 2411 126085 1406 398 296 4522 16191 397 972 4946 828 25908 684 59181 93847 419 10413 8623 224 184
internal_value=3.4891e-05 0.000692364 -0.0118153 -0.0016521 0.00547994 0.0113442 0.0260553 0.0105309 0.0315556 0.0379866 0.00158703 -0.0119781 0.0526895 0.0251853 0.00086274 0.0190137 -0.000698685 0.00890582 0.0245995 -0.0039497 -0.00714977 -8.09254e-05 0.000170435 -0.000318936 0.000648108 -0.0259773 -0.00305509 0.00203725 0.010768 0.0580501
internal_weight=11832.5 11215 617.526 7530.57 3684.44 1466.19 510.753 226.047 137.396 284.706 2218.25 990.135 167.732 66.8731 2195.16 169.453 2025.71 510.079 245.25 1515.63 1260.03 6540.44 6501.18 6343.43 5802.48 303.188 2543.33 314.338 176.631 23.0825
internal_count=413378 386716 26662 328178 58538 27406 5842 2340 1413 3502 31132 135716 2284 878 30787 4818 25969 4004 1593 21965 17019 192462 190033 189349 163441 16492 69594 10170 1196 345
is_linear=0
shrinkage=0.05


Tree=68
num_leaves=31
num_cat=0
split_feature=16 8 2 13 0 12 14 13 19 0 0 3 16 0 12 0 9 11 11 14 9 7 2 19 17 22 4 3 17 0
split_gain=34.8168 33.6141 37.2716 32.7571 37.6241 26.6993 27.8229 24.7128 22.2905 24.1947 51.3963 37.1813 33.7233 74.7 51.8825 32.5751 25.7422 31.8846 29.9271 28.1221 26.9242 27.9314 25.4538 24.8839 23.3892 23.8898 22.9462 21.8061 21.1486 20.6271
threshold=0.44590643274853808 1.0000000180025095e-35 1.0000000180025095e-35 0.032314373705187451 159.95500000000001 25069.500000000004 622.50000000000011 0.011799293292765649 0.0059900173022795966 28.534000000000002 19.836000000000002 1.5000000000000002 0.026642046500569689 14.996500000000003 21836.500000000004 28.995000000000001 67.500000000000014 150.50000000000003 308.50000000000006 1439.5000000000002 169.50000000000003 362.50000000000006 1.0000000180025095e-35 0.022959858894760158 559.50000000000011 0.055924404095817531 15.500000000000002 1.0000000180025095e-35 751.50000000000011 444.97500000000008
decision_type=2 2 2 2 2 2 2 2 2 2 2 2 2 2 2 2 2 2 2 2 2 2 2 2 2 2 2 2 2 2
left_child=1 2 3 4 5 6 -1 -3 -9 10 11 -10 -13 26 23 28 22 -18 19 20 21 -19 -17 -15 25 -24 -14 -2 -11 -20
right_child=27 7 -4 -5 -6 -7 -8 8 9 15 -12 12 13 14 -16 16 17 18 29 -21 -22 -23 24 -25 -26 -27 -28 -29 -30 -31
leaf_value=-0.010551854197218812 0.0048544339948460961 -0.022126043250993668 -0.026556424968292514 0.010309736258720732 0.0044325160935305809 -0.024735834087546583 0.032426339382875639 -0.020467354382666177 -0.01366358398355591 -0.017422566990474671 -0.013265124529259022 0.00051578964174092896 -0.027664967369294746 -0.0097561634747609927 0.022271137322468028 0.0038776854990611067 -0.019248999664780827 0.011151720288033696 3.4182462815247104e-05 0.085093232237822836 -0.0019645747662413444 0.080536172477985418 -0.0028270360746925679 0.10262764719035032 -0.0048282676470687413 0.030783747920715105 0.012639587897303121 0.03437027526620684 0.075995181304098866 0.010368973749709322
leaf_weight=246.05368534987792 140.62722394987941 112.39320500520989 210.8172282516025 299.09968867804855 361.5077512152493 354.58645806508139 39.366164974868298 115.033141549211 218.63993373140693 5.9546995148994055 811.7256136466749 400.79601995786652 44.251025159377605 4.5858967262320212 66.093235420063138 995.10839133849367 186.58502724580467 37.752847583498806 5805.8892171727493 11.344905662816016 93.409774655941874 20.712294849101454 64.426075275521725 41.757016686722636 84.014750932343304 270.69709003530443 119.85003242362291 110.63389093801379 18.928100253455341 521.60390397999436
leaf_count=22258 688 4853 28162 10188 24423 66881 1527 5713 3600 190 18022 6726 523 185 657 12972 9191 972 172992 149 3660 489 1704 392 602 1954 1232 830 204 11439
internal_value=3.86394e-05 -0.000365199 -0.00730446 -0.00409415 -0.00842568 -0.0156667 -0.00416793 0.000681357 0.000950261 0.00121133 -0.00419017 0.00405947 0.00983859 0.0231014 0.0535471 0.00234969 0.00215589 0.000855424 0.00144773 0.0222628 0.0150069 0.0401407 0.00827132 0.0916395 0.0185339 0.0243756 0.00127453 0.0182677 0.0544648 0.000893641
internal_weight=11814.2 11563 1511.43 1300.61 1001.51 640.006 285.42 10051.6 9939.16 9824.13 1707.7 895.973 677.333 276.537 112.436 8116.43 8091.54 6677.3 6490.71 163.22 151.875 58.4651 1414.25 46.3429 419.138 335.123 164.101 251.261 24.8828 6327.49
internal_count=413378 411860 153439 125277 115089 90666 23785 258421 253568 247855 31337 13315 9715 2989 1234 216518 216124 198892 189701 5270 5121 1461 17232 577 4260 3658 1755 1518 394 184431
is_linear=0
shrinkage=0.05


Tree=69
num_leaves=31
num_cat=0
split_feature=16 3 3 10 3 15 2 16 16 4 4 6 12 12 0 19 13 15 13 0 0 6 2 4 21 14 11 9 3 13
split_gain=32.4602 45.8639 44.7358 40.7677 30.9016 62.6901 74.3264 38.1423 27.9604 23.3691 23.0397 22.56 22.1623 60.0296 39.9634 35.4995 26.3688 22.5893 22.0746 22.0055 65.9233 25.1329 22.5686 31.2829 30.8331 21.9705 37.4157 34.7274 33.2969 26.4481
threshold=0.011164296169892996 1.0000000180025095e-35 30.500000000000004 0.0045951862156479676 1.0000000180025095e-35 87.500000000000014 1.0000000180025095e-35 0.038353602615927525 0.023221942972250022 6.5000000000000009 39.500000000000007 1697.5000000000002 20612.500000000004 24271.500000000004 149.96000000000001 0.037551149206921652 0.016724963559603612 851.50000000000011 0.012649078527543491 994.47500000000014 849.50000000000011 8258.5000000000018 1.0000000180025095e-35 18.500000000000004 35.500000000000007 1043.5000000000002 522.50000000000011 3226.5000000000005 80.500000000000014 0.018433851279186127
decision_type=2 2 2 2 2 2 2 2 2 2 2 2 2 2 2 2 2 2 2 2 2 2 2 2 2 2 2 2 2 2
left_child=1 -1 4 8 9 6 -6 12 -4 -2 -8 -3 14 -14 -7 -15 -16 -18 -5 20 22 -22 23 -20 -24 -26 29 28 -28 -27
right_child=2 11 3 18 5 7 10 -9 -10 -11 -12 -13 13 15 16 -17 17 -19 19 -21 21 -23 24 -25 25 26 27 -29 -30 -31
leaf_value=0.0021695338893571842 0.012145827851161582 -0.028943529899365095 0.015020392695767659 -0.036156130625883652 0.060790909275534377 -0.0057450472665503656 0.017309346324143833 -5.7956527253229533e-05 -0.013816340724513263 -0.010107166145448669 -0.025479659588650706 0.021822532752693538 0.041072685202504677 -0.00062614367037940478 0.0017264546096570619 0.03730186117456704 -0.011407613222204101 0.056927850410262895 -0.0062319158228763506 -0.020384368558287319 0.010607393811550066 0.07220469850919202 0.020893394554200171 0.006385824435885654 -0.0080652676491877844 -0.01637404001350581 0.028219217594682794 -0.0081180249151239278 0.003823671282716325 0.089960441115566586
leaf_weight=313.54825843311846 150.48270922806114 274.2743328679353 88.790413768962026 37.269003780558705 106.83456952311099 322.46251495787874 212.86917976988479 1661.6835430632345 879.48221781197935 488.12663883110508 32.235414369963109 20.173664401751012 192.4306765915826 307.75837367866188 63.302174301818013 72.112399326637387 12.948897715657948 61.69414203055203 2169.5943335471675 123.59104874264449 30.07385967951268 38.218952788040042 211.8360220962204 630.17617736663669 510.1377984136343 6.2820942839607605 145.4862155476585 589.64519121823832 2030.0895054317079 15.517349693924189
leaf_count=10170 1875 16073 9631 2429 690 10983 1511 20767 126085 4976 214 419 2664 10881 1531 886 385 1175 67816 3148 583 467 2084 10606 15737 306 3913 22939 62126 308
internal_value=4.04561e-05 -0.0111628 0.000653822 -0.00156123 0.00516186 0.0072567 0.026954 0.00463869 -0.0111084 -0.00480982 0.011285 -0.0251591 0.0121597 0.0186897 0.0039291 0.00696495 0.0259534 0.0451012 -0.000139867 9.42482e-05 0.000506795 0.0476534 -4.09044e-05 -0.00338558 0.00262878 0.00142545 0.00317397 0.00259935 0.00551603 0.0619795
internal_weight=11799.1 607.996 11191.1 7506.19 3684.94 3046.33 351.939 2694.39 968.273 638.609 245.105 294.448 1032.71 572.301 460.408 379.871 137.945 74.643 6537.92 6500.65 6377.06 68.2928 6308.76 2799.77 3508.99 3297.16 2787.02 2765.22 2175.58 21.7994
internal_count=413378 26662 386716 328178 58538 51687 2415 49272 135716 6851 1725 16492 28505 14431 14074 11767 3091 1560 192462 190033 186885 1050 185835 78422 107413 105329 89592 88978 66039 614
is_linear=0
shrinkage=0.05


Tree=70
num_leaves=31
num_cat=0
split_feature=16 0 19 0 0 6 15 12 0 3 19 0 12 9 0 0 3 14 0 22 20 17 9 8 2 4 6 7 18 9
split_gain=30.6258 29.7611 48.8819 40.5898 59.6376 36.9077 32.5302 76.7603 28.7997 28.034 23.8704 22.9107 22.623 20.5029 19.9107 19.3232 22.9277 19.1903 19.0845 18.5247 21.7639 20.7621 23.9427 31.7114 20.6902 31.5873 26.3069 24.0801 32.7724 32.3353
threshold=0.44590643274853808 224.09500000000003 0.018951541485265049 994.47500000000014 944.08500000000015 2726.5000000000005 63759.500000000007 39799.500000000007 207.97500000000002 223.50000000000003 0.13727511051711735 48.955000000000005 18970.500000000004 2176.5000000000005 49.000500000000009 93.506500000000017 1.0000000180025095e-35 23.500000000000004 36.95600000000001 0.0062505426289286344 127.50000000000001 4327.5000000000009 572.50000000000011 187.50000000000003 1.0000000180025095e-35 14.500000000000002 22.500000000000004 1183.5000000000002 19186.500000000004 2225.5000000000005
decision_type=2 2 2 2 2 2 2 2 2 2 2 2 2 2 2 2 2 2 2 2 2 2 2 2 2 2 2 2 2 2
left_child=1 2 11 4 5 12 -7 -8 10 -9 19 -1 -3 -14 -13 16 17 -2 -12 -4 24 -22 -23 -24 26 -26 -21 -27 29 -29
right_child=15 3 8 -5 -6 6 7 9 -10 -11 18 14 13 -15 -16 -17 -18 -19 -20 20 21 22 23 -25 25 27 -28 28 -30 -31
leaf_value=-0.019113802029899478 -0.01666026593591791 0.0063781961180454805 -0.0068541545453252098 -0.018794493728206112 0.06550337156348375 -0.012106463729546386 0.10038996599158329 0.0070354191592440678 -0.023479788227060459 -0.01707283067479028 -0.0068131072845485467 0.023138167263781498 0.038157621256915429 -0.0051582898395470082 -0.0067953677412021414 0.047479473709490329 0.028813160377057868 0.025419499778031956 0.034574690760367871 0.014791860488337277 -0.008586831829482373 0.050032735220455683 -0.016328986214065824 0.017441825068652737 0.011906376951022981 -0.0058656989066400286 -0.0019960901971858634 0.053829026774663662 0.0032280792121456314 -0.015918648475219118
leaf_weight=397.89557707635686 83.973609402775764 172.95935468003154 785.91931985272095 159.22682420862839 37.815102411434054 307.61589645966887 16.170799879357219 1048.8865998070687 119.73992630699649 131.36651346180588 38.094141103327274 52.796910753473639 164.41832596994936 31.25362055003643 1558.8460405576043 39.167901076376438 90.638127855956554 34.046243317425251 85.786347173620015 252.88567114481702 899.11309516988695 23.733152080327272 123.50422922894359 146.5094180200249 1167.3698264672421 686.62051004776731 2448.3208946851082 59.641724922694266 598.15586005710065 19.77989833522588
leaf_count=38081 416 5843 78276 5196 626 7821 186 30717 4226 4539 452 3769 1241 196 97461 228 710 164 924 3155 16690 122 1242 1824 33138 15066 50362 1381 8711 615
internal_value=4.20312e-05 -0.000335154 -0.00152329 0.00508873 0.00712311 0.00577294 0.002271 0.00600263 0.000343868 0.00429138 0.000748482 -0.00843392 0.0198395 0.0312829 -0.00574623 0.0172566 0.010605 -0.00398137 0.0220771 0.000367056 0.00125492 -0.00482662 0.0066339 0.00197902 0.00264455 0.00588749 -0.000399985 0.000712341 0.00737231 0.0365444
internal_weight=11782.3 11534.4 9464.71 2069.71 1910.49 1872.67 1504.04 1196.42 7455.17 1180.25 7335.43 2009.54 368.631 195.672 1611.64 247.826 208.658 118.02 123.88 7211.55 6425.63 1192.86 293.747 270.014 5232.77 2531.57 2701.21 1364.2 677.577 79.4216
internal_count=413378 411860 355495 56365 51169 50543 43263 35442 216184 35256 211958 139311 7280 1437 101230 1518 1290 580 1376 210582 132306 19878 3188 3066 112428 58911 53517 25773 10707 1996
is_linear=0
shrinkage=0.05


Tree=71
num_leaves=31
num_cat=0
split_feature=16 3 3 10 0 3 15 2 6 2 22 5 18 7 5 10 0 0 0 21 16 6 13 22 19 14 14 11 7 7
split_gain=30.1501 42.3427 39.0873 36.744 28.3581 27.4045 64.9266 64.7942 26.1993 23.2922 26.5755 23.1309 23.5441 31.8519 23.5653 28.0493 22.5414 55.7354 38.594 29.4205 31.4588 25.429 67.656 24.2127 24.0958 23.4131 28.1816 24.9768 24.8792 21.6899
threshold=0.011164296169892996 1.0000000180025095e-35 52.500000000000007 0.0098024874080703105 261.97500000000008 1.0000000180025095e-35 87.500000000000014 1.0000000180025095e-35 2726.5000000000005 1.5000000000000002 0.32003460207612461 62.500000000000007 650.50000000000011 201.50000000000003 339.50000000000006 0.03704637332063599 19.836000000000002 14.996500000000003 26.422000000000004 1177.5000000000002 0.025709005672111197 4320.5000000000009 0.020689631456908643 0.037039836934000835 0.13727511051711735 1589.5000000000002 1522.5000000000002 806.50000000000011 175.50000000000003 154.50000000000003
decision_type=2 2 2 2 2 2 2 2 2 2 2 2 2 2 2 2 2 2 2 2 2 2 2 2 2 2 2 2 2 2
left_child=1 -1 4 -4 5 -2 7 -7 -6 11 -11 -5 -13 14 -14 -16 17 -8 -18 20 -19 24 -23 -24 25 26 -20 -28 -27 -17
right_child=2 -3 3 9 8 6 16 -9 -10 10 -12 12 13 -15 15 29 18 19 21 -21 -22 22 23 -25 -26 28 27 -29 -30 -31
leaf_value=0.0018900185116651931 -0.006490444144451585 -0.02450316809521734 -0.0095467495704209607 0.0055134432953684543 0.031008216788383461 0.057808194115533555 -0.0023664677150100201 0.010699706580792778 0.0040622612310415576 0.0034548085674074563 0.037813876523693821 -0.023540736696296943 -0.0067860695401737508 -0.0038776491134987108 0.0017784633687723172 -0.011341336565421276 -0.017434849100868104 -0.026517849208863173 0.0015436383365762313 -0.002896762295410615 0.060421489062075409 0.0012189495195030799 0.086625564062807373 0.030777215274315053 0.038808887649224487 0.072282101117774153 0.10215851559001404 0.00086826227530274736 -0.013634998073723942 0.11422066364302846
leaf_weight=314.91033101454377 608.66307662799954 287.4888296383433 1210.1645698817447 769.87400793796405 180.11516552325338 102.49920040834695 193.52634121989831 237.08237144770101 179.33063526358455 1876.9673684956506 53.103596210479736 144.07116529066116 20.767334357369691 2909.1927282684483 13.669205891434105 3.1722131296992329 251.56747915688902 8.8372683953493816 1433.8356476919726 31.248816126491874 91.73914543678984 300.72168209962547 24.115658434573561 94.908965380862355 35.124311114661396 3.7258177436888209 8.2504524402320403 11.416442462243138 352.96529817581177 13.888427630998192
leaf_count=10170 6691 16492 158459 9370 1829 674 2723 1685 2612 54487 246 3416 499 82976 511 31 6341 268 30932 484 1199 14494 773 764 292 45 78 145 4524 168
internal_value=4.48583e-05 -0.0108039 0.000634792 -0.00164049 0.00447842 0.00319282 0.0050526 0.0255514 0.0178048 1.46014e-05 0.00449542 -0.00222035 -0.00414384 -0.00316186 0.034039 0.0587175 0.00256267 0.0148429 0.000948795 0.0392704 0.0518884 0.00302446 0.0140548 0.0451288 0.000484234 -0.000364255 0.0024607 0.0554549 -0.0117507 0.093595
internal_weight=11766.9 602.399 11164.5 7014.87 4149.67 3790.23 3181.56 339.582 359.446 5804.71 1930.07 3874.64 3104.76 2960.69 51.4972 30.7298 2841.98 325.352 2516.63 131.825 100.576 2265.06 419.746 119.025 1845.32 1810.19 1453.5 19.6669 356.691 17.0606
internal_count=413378 26662 386716 310163 76553 72112 65421 2359 4441 151704 54733 96971 87601 84185 1209 710 63062 4674 58388 1951 1467 52047 16031 1537 36016 35724 31155 223 4569 199
is_linear=0
shrinkage=0.05


Tree=72
num_leaves=31
num_cat=0
split_feature=16 3 3 19 0 16 12 12 7 15 11 7 11 0 0 12 0 16 6 10 20 12 5 7 7 17 12 0 0 6
split_gain=27.5841 39.4654 35.9041 33.5601 36.1223 28.0282 27.2213 55.2802 30.3495 41.5046 31.8346 28.1361 24.7055 27.9691 25.9444 52.0916 32.8413 43.2129 28.4133 26.8048 26.3541 25.6266 22.6055 22.4925 38.7461 32.9042 32.2004 28.0535 38.2447 21.6291
threshold=0.011164296169892996 1.0000000180025095e-35 30.500000000000004 0.020266055955760195 58.955000000000005 0.025842852719999226 23858.500000000004 20612.500000000004 1257.5000000000002 24285.500000000004 695.50000000000011 30.500000000000004 926.50000000000011 170.99500000000003 76.995000000000019 27951.500000000004 87.967000000000013 0.050602021986860167 8303.5000000000018 0.19165465898174835 7.5000000000000009 47152.500000000007 570.50000000000011 936.50000000000011 1094.5000000000002 695.50000000000011 16525.500000000004 99.960000000000022 14.383000000000001 13.500000000000002
decision_type=2 2 2 2 2 2 2 2 2 2 2 2 2 2 2 2 2 2 2 2 2 2 2 2 2 2 2 2 2 2
left_child=1 29 6 4 -4 -6 7 23 9 22 -11 -8 13 -13 18 16 -16 -18 19 -14 -21 -20 -9 25 26 -2 27 28 -25 -1
right_child=2 -3 3 -5 5 -7 11 8 -10 10 -12 12 14 -15 15 -17 17 -19 21 20 -22 -23 -24 24 -26 -27 -28 -29 -30 -31
leaf_value=0.0094829682406431474 0.0022095613263554848 -0.023820985818166527 -0.016483097949537572 0.00090432600380319138 -0.00085753587765486109 -0.026414582691699735 0.06664431557982535 0.047827822232470105 0.0049493183379054071 -0.042396945595380216 0.034386425121193366 -0.021909209172877708 -0.0065734144330970527 0.0041846388224553643 0.097525657377002598 0.003492912589629769 -0.02115853252755032 0.045790568993469949 0.06616114350280887 -0.033103928550184979 0.016101152573978716 0.0013673881906060656 0.018823581838141978 -0.020962402000913968 -0.0082969063097391091 -0.028760131695156756 0.0081812091260946122 -0.009637407725860218 0.076817167717314491 -0.019772343783218977
leaf_weight=234.595422108192 554.61373992916197 281.2402229285799 631.59169786376879 5100.9151499010623 1624.8128332621418 109.89468849310651 11.266089475248007 195.13798930170015 165.13246202934533 28.302081144880503 18.022067664191127 226.63709706254303 918.60657224990427 182.01728087104857 16.533124722540379 408.18361385911703 30.305587855633348 79.394828267395496 24.355024733580649 25.747823001816869 251.75533366575837 32.232752114068717 115.97620159946382 9.6440766882151348 118.81369691388682 96.337295290082693 101.842902331613 14.94189631519839 59.072357078548521 80.838250603061169
leaf_count=7430 16095 16492 61284 169734 90206 6954 137 2266 1686 367 241 4078 13880 1531 129 7140 352 690 190 150 1364 1491 1282 135 1845 1197 1159 286 847 2740
internal_value=5.11586e-05 -0.0103772 0.000613509 -0.00137953 -0.00629424 -0.00254785 0.00464869 0.00988828 0.0228806 0.0309821 -0.0120851 0.00112583 0.000639023 -0.0103767 0.00317989 0.012348 0.0397574 0.0271793 -0.000764884 -0.00246028 0.0110306 0.0323615 0.0374845 0.00269879 0.0138032 -0.00255808 0.0278045 0.0498847 0.0626032 0.00179398
internal_weight=11748.8 596.674 11152.1 7467.21 2366.3 1734.71 3684.87 1477.84 522.571 357.438 46.3241 2207.04 2195.77 408.654 1787.11 534.417 126.234 109.7 1252.7 1196.11 277.503 56.5878 311.114 955.266 304.315 650.951 185.501 83.6583 68.7164 315.434
internal_count=413378 26662 386716 328178 158444 97160 58538 27406 5842 4156 608 31132 30995 5609 25386 8311 1171 1042 17075 15394 1514 1681 3548 21564 4272 17292 2427 1268 982 10170
is_linear=0
shrinkage=0.05


Tree=73
num_leaves=31
num_cat=0
split_feature=16 0 0 19 13 0 15 6 12 0 0 19 13 12 6 12 18 14 12 0 0 10 6 22 6 11 0 0 16 0
split_gain=26.9323 27.4909 85.679 38.377 31.4939 26.8048 69.416 39.7659 48.9126 26.1849 60.9188 25.7991 22.0102 31.6643 62.7134 33.8626 32.7407 28.9185 28.5229 26.8866 45.1373 27.8621 27.6565 24.1275 24.3768 21.3607 20.7889 46.5032 35.2526 30.9533
threshold=0.44590643274853808 58.955000000000005 57.008500000000005 0.020266055955760195 0.10697180193769618 48.955000000000005 14588.500000000002 3838.5000000000005 19771.500000000004 994.47500000000014 944.08500000000015 0.11251180515177898 0.012649078527543491 27951.500000000004 7581.5000000000009 12882.500000000002 10066.500000000002 1311.5000000000002 57403.000000000007 444.97500000000008 480.06000000000006 0.60303030303030314 8204.5000000000018 0.16981819682050719 521.50000000000011 211.50000000000003 28.534000000000002 19.836000000000002 0.024040876629154936 28.995000000000001
decision_type=2 2 2 2 2 2 2 2 2 2 2 2 2 2 2 2 2 2 2 2 2 2 2 2 2 2 2 2 2 2
left_child=1 2 3 5 -4 -1 -7 8 -8 10 11 12 25 14 15 17 18 -14 -15 21 22 -18 -21 24 -17 -3 27 28 -5 -28
right_child=-2 9 4 26 -6 6 7 -9 -10 -11 -12 -13 13 16 -16 23 19 -19 -20 20 -22 -23 -24 -25 -26 -27 29 -29 -30 -31
leaf_value=-0.019010408875725152 0.016316899975550078 -0.023416932096403369 -0.03576380806134604 -0.014573960475619841 0.028776613621401353 -0.033455837682810345 -0.018928445831138185 0.0056570463990598049 0.093694043629504009 -0.018158398576501707 0.060791776592443204 0.024194164482462442 -1.4558042585302755e-07 -0.0086158071472954151 0.068477836387867641 0.027210042254379257 -0.0088710839701673788 -0.035951867197121623 0.0055465709477256764 0.0014030792934719869 -0.0016061171681706024 0.041170550590786073 0.086445978961698935 0.027542341092464541 0.004991966405452488 0.020189314510937705 0.053634266352187203 -0.012654107143750416 0.009029335381466207 0.0030726112310193099
leaf_weight=474.67220370611176 244.07277159020305 148.36969005037099 239.42706509400159 197.15349084325135 16.827135808765888 89.656410196330398 11.730786100029944 129.11759626306593 26.810492747463286 156.38862140337005 39.114192847162485 121.53034893330187 665.40475350013003 425.97089062072337 35.609714007005095 136.18314120359719 1526.5755576011725 56.067368335556239 2033.3592830379494 14.75194490328431 133.91604040656239 23.461889028549194 23.067905659787357 173.79597783461213 1017.5517472214997 30.325750337913632 25.757063497789204 771.82999676838517 725.372866791673 2025.5443709059618
leaf_count=45056 1518 9027 18403 5041 183 7004 984 9610 968 5196 626 1383 25586 19026 436 1817 58872 921 87448 425 3709 107 553 1047 20725 512 421 17116 10014 59644
internal_value=5.05429e-05 -0.000301773 -0.00322214 -0.00159635 -0.0310561 -0.0120261 0.000974651 0.0198222 0.0611779 0.00174374 0.00222834 0.00183348 0.00139337 0.00189207 0.00691797 0.00568403 -0.000619011 -0.00302225 0.00308106 -0.0058977 0.0126231 -0.00798369 0.0573115 0.0104092 0.00772061 -0.0156686 0.000455179 -0.00363755 0.00393369 0.00383636
internal_weight=11739.4 11495.3 4733.9 4477.65 256.254 731.987 257.315 167.659 38.5413 6761.44 6605.06 6565.94 6444.41 6265.72 2084.61 2049 4181.1 721.472 2459.33 1721.77 171.736 1550.04 37.8199 1327.53 1153.73 178.695 3745.66 1694.36 922.526 2051.3
internal_count=413378 411860 174444 155858 18586 63622 18566 11562 1952 237416 232220 231594 230211 220672 50532 50096 170140 26507 106474 63666 4687 58979 978 23589 22542 9539 92236 32171 15055 60065
is_linear=0
shrinkage=0.05


Tree=74
num_leaves=31
num_cat=0
split_feature=13 0 0 19 12 6 18 13 12 11 13 12 13 12 11 0 16 0 14 0 11 16 21 0 15 15 12 12 21 3
split_gain=24.9149 24.8404 84.0413 37.9759 35.6058 53.0125 30.9811 29.6993 27.8354 31.4468 33.0678 43.2291 47.8399 41.1287 71.3407 31.143 30.4636 31.6742 29.3749 28.8563 29.5061 27.4025 27.0662 27.0346 57.6637 34.6689 40.3133 26.3055 33.0596 24.6733
threshold=0.012649078527543491 58.955000000000005 57.008500000000005 0.019867692685255556 27951.500000000004 7581.5000000000009 9954.5000000000018 0.10697180193769618 14105.500000000002 294.50000000000006 0.033937805680449108 23858.500000000004 0.024233490247085068 22619.500000000004 436.50000000000006 170.99500000000003 0.046429620940534481 77.017500000000013 1311.5000000000002 77.970000000000013 2461.5000000000005 0.036086901657952343 1073.5000000000002 48.955000000000005 14588.500000000002 23465.000000000004 19771.500000000004 62265.500000000007 727.50000000000011 256.50000000000006
decision_type=2 2 2 2 2 2 2 2 2 2 2 2 2 2 2 2 2 2 2 2 2 2 2 2 2 2 2 2 2 2
left_child=-1 2 3 23 5 8 27 -4 18 -10 11 12 13 14 -11 -13 22 -18 -3 -19 -21 -16 -12 -2 -25 26 -26 28 -6 -29
right_child=1 4 7 -5 6 -7 -8 -9 9 10 16 15 -14 -15 21 -17 17 19 -20 20 -22 -23 -24 24 25 -27 -28 29 -30 -31
leaf_value=-0.017239945295766328 -0.018898961607778878 0.0021319898175137164 -0.035113018746147619 0.0010722757818337979 -0.014418913946141984 0.063139622838215989 -0.0052224173168192384 0.027404615645670469 0.052635051942032954 0.00571419362624348 -0.0012766083073315676 -0.02467265091179846 0.048096196502392954 -0.018453328899297797 0.096040130906809518 0.0047780975113628516 -0.0018428904623512513 0.11029113130830417 -0.031502132399344532 0.042416026081970766 -0.03397938339266162 0.00092052306657453584 0.036014953943193984 -0.032069108387224897 -0.012565135887023991 0.0081198490163481487 0.10888368388403431 0.0069180874196018427 0.014424882590279464 -0.018998712494911221
leaf_weight=199.68444011220708 443.40933456225321 789.84432480111718 231.58346779784188 3949.4724418567494 375.16008228855208 37.072607998736203 1829.7720366441645 17.031074093654752 38.965626848861575 252.38311757287011 189.1167636658065 171.49966540327296 76.740210870280862 116.93972411984578 29.155063199345022 179.91372504737228 46.457943928427994 11.513993598520754 65.692010001279414 135.96762015856802 10.20182906091213 9.8534626215696317 60.364154011011124 78.196682406123728 8.9789940044283885 136.10241164313629 14.857971736695616 1996.9513156483881 130.00897227693349 91.518270107451826
leaf_count=11703 43037 27911 18364 95089 19268 436 66763 183 1188 7905 2224 3796 629 1873 388 2058 441 68 1129 1076 78 89 778 6006 749 9732 414 82664 3242 4097
internal_value=5.16953e-05 0.000358647 -0.00234887 -0.000813184 0.0023471 0.00750374 -0.000248396 -0.0303745 0.00641758 0.0109322 0.00947429 0.00353505 0.0131529 0.00608343 0.0160756 -0.00973919 0.0202684 0.0343751 -0.000618625 0.0447746 0.0361365 0.0748475 0.00827675 -0.0116674 0.00190942 0.0189906 0.0688894 0.003264 -0.00692713 0.00573973
internal_weight=11724.4 11524.7 4879.63 4631.02 6645.09 2221.68 4423.41 248.615 2184.61 1329.07 1290.11 836.485 485.072 408.331 291.392 351.413 453.622 204.141 855.536 157.683 146.169 39.0085 249.481 681.545 238.136 159.939 23.837 2593.64 505.169 2088.47
internal_count=413378 401675 173574 155027 228101 52067 176034 18547 51631 22591 21403 16738 10884 10255 8382 5854 4665 1663 29040 1222 1154 477 3002 59938 16901 10895 1163 109271 22510 86761
is_linear=0
shrinkage=0.05


Tree=75
num_leaves=31
num_cat=0
split_feature=16 6 6 4 0 0 8 13 0 0 0 13 3 12 0 0 6 12 6 13 3 12 14 11 13 12 0 0 0 15
split_gain=24.2482 37.0019 32.1194 25.8033 21.0743 75.9484 28.451 29.5923 33.8938 45.6446 28.6447 26.9375 26.3844 24.7923 22.7783 58.3937 28.5029 25.4233 48.7297 48.4691 34.5431 31.4051 26.1228 30.5961 29.3511 26.0458 32.7189 62.235 45.6801 25.7634
threshold=0.011164296169892996 1.0000000180025095e-35 10.500000000000002 25.500000000000004 58.955000000000005 57.008500000000005 1.5000000000000002 0.018279444510108114 48.955000000000005 49.000500000000009 46.958500000000008 0.10697180193769618 389.50000000000006 2600.5000000000005 994.47500000000014 849.50000000000011 8359.5000000000018 27951.500000000004 6289.5000000000009 0.090391325032512571 247.50000000000003 22619.500000000004 140.50000000000003 166.50000000000003 0.016582695885556793 43077.500000000007 97.005500000000012 96.445000000000007 108.95500000000001 11898.500000000002
decision_type=2 2 2 2 2 2 2 2 2 2 2 2 2 2 2 2 2 2 2 2 2 2 2 2 2 2 2 2 2 2
left_child=1 -1 3 -2 5 6 -4 -8 10 -10 -9 -7 14 -12 15 17 -17 18 22 21 -21 -20 -6 24 -24 -19 27 -27 -28 -25
right_child=2 -3 4 -5 12 11 7 8 9 -11 13 -13 -14 -15 -16 16 -18 25 19 20 -22 -23 23 29 -26 26 28 -29 -30 -31
leaf_value=0.029277349086951204 0.026679864533115438 -0.013697466205786863 -0.011323338505510285 -0.0022393525598505899 0.015962977474503193 -0.034279712746306146 -0.029637395057744959 0.00020637139032656312 0.034392411533402591 0.0034230511921878831 0.060921767725269006 0.026946227526084655 -0.02814444055621609 -0.029853403660090535 -0.016745251401029636 0.010833915118552214 0.069210362087971031 -0.010258986548348878 0.098862265767946794 -0.0087100502099913633 0.076670276078846022 0.016508647351793342 -0.036048159949065482 0.020295451129227652 0.00090988552030281302 0.0060377079340152504 -0.017909957099112878 0.058003710701190661 0.0012209101070089772 0.0014591451210043773
leaf_weight=50.491098406724632 202.58901253622025 537.96425621863455 566.55905194929801 121.58404096774757 402.25692544505 222.35602194233797 73.615433640778065 2773.1283822688274 162.91666134819388 412.75001030648127 3.4474305585026732 15.875680258497594 67.191936706658453 111.81869844952598 149.00837336620316 40.932397971861064 43.004357976838946 545.20296711288393 31.72468375088647 58.35595456045121 9.6301224334165436 20.328543205745518 92.585682783741504 212.2578891236335 118.98218259448186 848.42740494897589 355.97769091045484 56.981816284358501 2297.6186430491507 1109.7470254106447
leaf_count=1547 1381 25115 59181 875 10879 18311 4140 56929 5885 10554 19 160 2907 4536 4995 1055 551 13378 343 634 77 326 6727 4394 5069 43710 22910 2760 83698 20332
internal_value=5.32772e-05 -0.00979451 0.000578253 0.0159642 0.000109371 -0.00258255 -0.000972529 0.000698795 0.00138526 0.0124082 -0.000829295 -0.0297296 0.00191944 -0.0247185 0.00225716 0.00272368 0.0429522 0.00214113 0.00667227 0.0369379 0.00780782 0.0709658 0.0047052 0.00170999 -0.0157224 -0.000133945 0.00142932 0.00960878 -0.00137434 0.00454853
internal_weight=11715.3 588.455 11126.9 324.173 10802.7 4342.47 4104.24 3537.68 3464.06 575.667 2888.39 238.232 6460.21 115.266 6393.02 6244.01 83.9368 6160.08 2055.87 120.039 67.9861 52.0532 1935.83 1533.57 211.568 4104.21 3559.01 905.409 2653.6 1322
internal_count=413378 26662 386716 2256 384460 159715 141244 82063 77923 16439 61484 18471 224745 4555 221838 216843 1606 215237 48781 1380 711 669 47401 36522 11796 166456 153078 46470 106608 24726
is_linear=0
shrinkage=0.05


Tree=76
num_leaves=31
num_cat=0
split_feature=16 8 21 2 12 19 20 2 22 6 12 6 3 5 13 18 5 18 7 12 3 9 22 2 17 7 12 17 5 13
split_gain=22.5774 22.097 35.0082 24.8744 22.2423 19.6757 19.4548 28.5836 32.3576 30.9839 30.2929 32.9097 25.1513 22.4157 22.0662 22.0404 18.9859 21.1845 18.7016 18.6525 18.3618 16.7043 16.5879 17.6769 20.0856 22.4113 22.4992 20.7381 36.012 18.2328
threshold=0.44590643274853808 1.0000000180025095e-35 1.0000000180025095e-35 1.0000000180025095e-35 50843.500000000007 0.0088280535969147388 113.50000000000001 1.0000000180025095e-35 0.60303030303030314 13.500000000000002 19771.500000000004 7556.5000000000009 80.500000000000014 132.50000000000003 0.018056278119302816 27564.500000000004 704.50000000000011 41045.500000000007 30.500000000000004 20191.500000000004 204.50000000000003 95.500000000000014 0.022732147732147736 1.5000000000000002 23.500000000000004 715.50000000000011 41445.500000000007 398.50000000000006 346.50000000000006 0.018720859383015733
decision_type=2 2 2 2 2 2 2 2 2 2 2 2 2 2 2 2 2 2 2 2 2 2 2 2 2 2 2 2 2 2
left_child=1 2 19 4 18 -3 7 9 10 -7 11 13 15 21 -15 -12 17 -8 -4 -1 -5 -9 -14 -24 -25 26 -26 29 -29 -27
right_child=-2 5 3 20 -6 6 16 8 -10 -11 12 -13 22 14 -16 -17 -18 -19 -20 -21 -22 -23 23 24 25 27 -28 28 -30 -31
leaf_value=-0.0020819670908648813 0.01500115484635281 -0.013671118214829449 0.04185786799864924 -0.032049701472832509 -0.01536002911148706 0.018924947936066031 -0.0012876723544667419 0.0042620077600818316 0.043215035435203157 -0.0019271631859576214 0.018751086080960502 0.067904037575145196 -0.0017032248322980102 -0.026689977875588123 -0.004506405804078779 0.00035064483721023311 -0.0054743023460893979 0.039099494073235562 -0.0020502114365498771 0.027353696634718129 0.0067541511367246888 0.050778830658951557 0.0015195219508337195 -0.015059806005395493 0.00079118547652396527 0.015631310408187934 0.036153856999080108 -0.01889203672876423 0.039220584737952729 -0.013333844368326596
leaf_weight=105.88317046919838 242.29679930210114 231.75486587686464 20.198168575298041 163.67246083985083 393.78944020462222 181.6258723246865 85.774683304131031 260.38956544967368 49.609060652554035 3920.9824877856299 645.57638245727867 11.094376059249042 789.32544816937298 134.92562770750374 579.29716981435195 217.29202362755314 1571.7018276154995 46.9494314417243 640.46837532008067 103.08518146071583 35.31666192249395 15.974125158507375 622.91687479335815 52.974495605565608 59.599055582657456 85.539455152116716 181.26465837098658 33.441497473977506 90.933215033262968 130.96790377795696
leaf_count=7074 1518 12206 1161 22089 70687 2617 537 3544 257 98041 11354 135 50050 9360 14423 2240 28998 238 40728 5639 6061 339 11114 1367 1230 2315 3102 248 1572 3134
internal_value=5.38156e-05 -0.000268552 -0.00599827 -0.00916021 -0.00603519 0.000571956 0.000916702 0.00194282 0.00496965 -0.00098211 0.00443004 -0.00305825 0.00700863 -0.00419005 -0.00885357 0.0141461 -0.00392941 0.0138996 -0.000403513 0.0127387 -0.025166 0.00780532 0.00397279 0.00752785 0.0133665 0.0160613 0.0275978 0.00762859 0.0234692 -0.00179554
internal_weight=11704.6 11462.3 1462.41 1253.45 1054.46 9999.91 9768.16 8063.73 3961.12 4102.61 3911.51 1001.68 2909.83 990.586 714.223 862.868 1704.43 132.724 660.667 208.968 198.989 276.364 2046.96 1257.64 634.72 581.746 240.864 340.882 124.375 216.507
internal_count=413378 411860 153439 140726 112576 258421 246215 216442 115784 100658 115527 27801 87726 27666 23783 13594 29773 775 41889 12713 28150 3883 74132 24082 12968 11601 4332 7269 1820 5449
is_linear=0
shrinkage=0.05


Tree=77
num_leaves=31
num_cat=0
split_feature=0 0 13 0 0 15 15 12 3 0 17 17 0 0 11 0 0 0 0 0 0 0 19 0 0 0 17 0 0 10
split_gain=22.989 46.3969 41.9314 31.9527 41.7045 33.6347 26.6366 61.7456 24.438 23.9489 31.7019 35.7265 31.9823 31.0066 34.2771 27.7822 42.573 32.2129 50.2382 33.394 42.3747 39.9327 37.9017 37.1028 44.9103 30.9242 38.2233 29.9636 27.4593 26.8058
threshold=224.09500000000003 207.97500000000002 0.013676985844315459 994.47500000000014 944.08500000000015 15677.500000000002 63759.500000000007 39799.500000000007 223.50000000000003 137.97300000000004 1012.5000000000001 704.50000000000011 5.0070000000000006 141.00500000000002 3391.5000000000005 36.95600000000001 34.004500000000007 107.01000000000001 108.95500000000001 75.021000000000015 97.005500000000012 49.000500000000009 0.10684226243042361 48.955000000000005 47.936500000000009 32.994000000000007 482.50000000000006 96.445000000000007 117.004 0.050013270695930229
decision_type=2 2 2 2 2 2 2 2 2 2 2 2 2 2 2 2 2 2 2 2 2 2 2 2 2 2 2 2 2 2
left_child=1 2 -1 4 5 -2 -7 -8 -9 10 11 12 -4 14 -11 16 25 19 -19 21 27 23 -23 24 -17 29 -27 -21 -20 -14
right_child=3 -3 9 -5 -6 6 7 8 -10 13 -12 -13 15 -15 -16 17 -18 18 28 20 -22 22 -24 -25 -26 26 -28 -29 -30 -31
leaf_value=-0.027059901795812864 0.018617686412069546 -0.025667083568724894 0.062293566635489586 -0.016944688573464924 0.05359658169876267 -0.01103391815889377 0.086769743887896503 0.006316642676941102 -0.016381741457123077 0.063964478008420866 0.0033337254736600895 -0.017236945987039214 -0.015534558055605533 0.0043881740709726105 -0.0040082152750117268 0.0092730201323772948 -0.034780069913981061 -0.025464277879791927 0.0056434927666392971 0.014917615695393703 -0.0012321641435584004 -0.007861283818615802 0.037328853445493644 0.027009447985761284 -0.028900605258934692 0.0058115760693778972 0.087645039356785789 0.050893900251833102 -0.018796398731307194 0.0019625793508642356
leaf_weight=141.17572856438346 378.77514043450356 181.59422588394955 14.220987352542577 151.50600367691368 41.06841117888689 305.73405055049807 17.873455335386097 1057.4011333901435 128.65621242113411 41.852431941777468 2725.8275141408667 417.76328194094822 522.56605222099461 1133.4950424716808 29.774046583566815 342.6750869974494 137.71394682046957 290.22908051824197 464.24529779376462 427.28647750569507 440.45141396205872 1301.5041189389303 43.211136224213988 191.1779503012076 93.986750725423917 72.785734134493396 13.008935573743655 63.883487523766235 147.21091766050085 372.39142238907516
leaf_count=10844 7343 7700 319 5196 626 7824 186 30717 4539 1328 33201 11358 41948 29594 1030 18604 9428 19876 21522 20627 18067 74586 528 10294 7636 5066 475 3010 5431 4475
internal_value=5.47082e-05 -0.000977604 -0.000488726 0.0048128 0.00656059 0.00539885 0.00203173 0.00538162 0.00379603 -7.04743e-05 -0.00105208 -0.00328504 -0.00208857 0.00648978 0.0372914 -0.0023375 -0.00924638 -0.000297655 -0.00852625 0.00226741 0.010042 -0.00142057 -0.00627624 0.00894678 0.000822396 -0.0055028 0.0223631 0.0200625 -0.000345255 -0.00828355
internal_weight=11691 9610.03 9428.44 2081.01 1929.51 1888.44 1509.66 1203.93 1186.06 9287.26 8082.14 5356.31 4938.55 1205.12 71.6265 4924.33 1118.47 3805.86 901.685 2904.18 931.621 1972.56 1344.72 627.84 436.662 980.752 85.7947 491.17 611.456 894.957
internal_count=413378 356947 349247 56431 51235 50609 43266 35442 35256 338403 306451 273250 261892 31952 2358 261573 61392 200181 46829 153352 41704 111648 75114 36534 26240 51964 5541 23637 26953 46423
is_linear=0
shrinkage=0.05


Tree=78
num_leaves=31
num_cat=0
split_feature=16 3 6 3 2 6 0 6 0 0 0 3 19 13 6 11 7 10 0 12 2 9 6 22 13 19 19 0 21 2
split_gain=22.2786 34.9868 26.6846 26.1984 21.8388 20.6333 20.7779 18.9637 18.7829 30.5699 36.2375 30.3924 25.5788 23.236 23.1494 22.1004 35.8417 33.9165 30.4033 21.4978 29.5983 32.7671 31.858 32.6576 37.6873 27.581 25.7148 21.2006 20.1499 19.2532
threshold=0.011164296169892996 1.0000000180025095e-35 10.500000000000002 1.0000000180025095e-35 5.5000000000000009 1697.5000000000002 5.0070000000000006 13.500000000000002 267.97500000000008 994.47500000000014 849.50000000000011 161.50000000000003 0.018883250505838171 0.020806678102749769 8359.5000000000018 806.50000000000011 648.50000000000011 0.072741971044315443 22.976500000000005 15702.500000000002 1.5000000000000002 3226.5000000000005 17.500000000000004 0.028809847824739009 0.019977158281010654 0.019194344827409487 0.032738431227085557 29.995000000000001 3744.5000000000005 6.5000000000000009
decision_type=2 2 2 2 2 2 2 2 2 2 2 2 2 2 2 2 2 2 2 2 2 2 2 2 2 2 2 2 2 2
left_child=1 7 3 -2 -5 6 -3 -1 12 10 11 -10 -4 -13 -12 16 -14 27 -19 -17 26 22 -22 -24 -25 -23 -21 28 -18 -26
right_child=2 5 8 4 -6 -7 -8 -9 9 -11 14 13 15 -15 -16 19 17 18 -20 20 21 25 23 24 29 -27 -28 -29 -30 -31
leaf_value=0.0089971015389731512 0.0017608431470079776 0.060920078087685306 -0.0058096580832733904 0.036138822828676191 -0.026304225812161852 0.0223756402733227 -0.028414241580886391 -0.018689634057827646 0.012569713707273495 -0.016143659144542549 0.0090808023204677121 -0.0039385553147514444 0.00096114676777210551 0.062222692093971271 0.060596510563528307 -0.01233326239746726 -0.024631890912399326 0.10040584659190206 0.02737185958957097 -0.0064067087140124148 -0.024862243193340267 0.070042625338642556 -0.00045202990786537864 0.044345039837186365 0.010638956512416768 -0.0068821152750899901 0.0016794992232701169 0.016524781433703131 0.060554227734218591 0.044569988320855937
leaf_weight=236.06962762959301 180.70949803292751 2.1358824823983005 1948.7830677293241 131.06895390432328 12.025653678923844 19.893314071465284 246.63809918798506 78.232769449707121 688.37261149752885 146.99338458757848 41.938309417106211 624.86248843371868 980.0313251898624 8.5641278764232975 45.6149089531973 367.9987607607618 54.84366128849797 15.655389953404663 68.341795793734491 1905.9545444326941 55.35892959497869 6.9683450865559271 326.86328231380321 114.66569780372083 553.79194865934551 469.205064937938 2021.7213692120276 284.30773521680385 3.0542280115187159 41.083876950666308
leaf_count=7430 1250 85 133139 924 82 419 15988 2740 14643 5079 1055 19684 28346 84 574 5772 1786 92 461 98047 404 316 16884 1652 5292 15696 27814 7298 61 281
internal_value=5.4065e-05 -0.00943084 0.000556287 0.0145878 0.0301802 -0.0225032 -0.0264621 0.00192087 0.000128048 0.00519958 0.00747485 0.0053352 -0.000730513 -0.00256373 0.037744 0.00063408 0.00625168 0.0182648 0.0458601 -0.000717334 7.09992e-05 0.00586774 0.0106266 0.0126324 0.018621 -0.00504026 -0.00224759 0.0109284 -0.0156817 0.0133343
internal_weight=11681.7 582.97 11098.8 323.804 143.095 268.667 248.774 314.302 10775 1556.35 1409.35 1321.8 9218.63 633.427 87.5532 7269.85 1406.23 426.203 83.9972 5863.61 5495.61 1567.94 1091.76 1036.4 709.542 476.173 3927.68 342.206 57.8979 594.876
internal_count=413378 26662 386716 2256 1006 16492 16073 10170 384460 41119 36040 34411 343341 19768 1629 210202 38044 9698 553 172158 166386 40525 24513 24109 7225 16012 125861 9145 1847 5573
is_linear=0
shrinkage=0.05


Tree=79
num_leaves=31
num_cat=0
split_feature=16 3 3 10 3 15 2 16 17 0 6 11 18 21 5 16 15 16 11 17 14 3 7 0 4 6 0 0 0 6
split_gain=20.2709 32.3739 24.3811 26.4738 25.8258 47.5418 61.0117 25.5229 26.133 26.1273 35.0511 32.3004 31.2121 23.8869 32.8256 23.4229 21.4354 27.9432 23.3417 32.6494 25.8054 25.511 23.5733 19.8952 19.5405 19.2453 19.9075 19.2284 18.9582 28.3812
threshold=0.011164296169892996 1.0000000180025095e-35 56.500000000000007 0.0045951862156479676 1.0000000180025095e-35 87.500000000000014 1.0000000180025095e-35 0.038353602615927525 2712.0000000000005 140.25100000000003 3265.5000000000005 1419.5000000000002 12207.500000000002 337.50000000000006 396.50000000000006 0.0230905182429442 12430.500000000002 0.019354249736434476 211.50000000000003 242.50000000000003 122.50000000000001 10.500000000000002 175.50000000000003 75.021000000000015 6.5000000000000009 1697.5000000000002 5.0070000000000006 1331.0900000000004 849.50000000000011 8258.5000000000018
decision_type=2 2 2 2 2 2 2 2 2 2 2 2 2 2 2 2 2 2 2 2 2 2 2 2 2 2 2 2 2 2
left_child=1 -1 4 15 24 6 -6 8 9 10 13 12 -12 14 -7 -4 17 -11 20 22 21 -19 -20 -14 -2 26 -3 28 -5 -30
right_child=2 25 3 27 5 7 -8 -9 -10 16 11 -13 23 -15 -16 -17 -18 18 19 -21 -22 -23 -24 -25 -26 -27 -28 -29 29 -31
leaf_value=0.001810647096775659 0.0097322128225117606 0.059031825241015336 0.016341201424982837 -0.00023773604248186988 0.053959215883418558 -0.0043340807604397525 0.0085276641864716722 -0.00086727137394699064 0.033939696571364052 -0.007087383646269165 0.014839779461709224 0.0016433372419404598 0.082634627841412414 -0.027057992871988928 0.092886464566015958 -0.012191487315792419 0.0053202695302144399 -0.0078459249844893535 -0.015691928108413612 0.0016777464134002985 -0.003105669291135163 0.069635612580934911 0.077405885078234191 -0.0086277573578765528 -0.010579554334643493 0.021182655330190994 -0.027732587047282854 -0.026048757546457031 -0.0052677920918849886 0.042473410960236394
leaf_weight=314.90428781555966 151.69060474121943 2.2509810361079863 74.986826658248901 5840.3956570173614 103.07928172079846 266.21023690025322 241.43262867210433 1730.2099928064272 86.64001062233001 50.561980265192688 110.01575942640193 352.68927390663885 28.828241313574836 129.47428980888799 3.9703282075934103 768.09350309055299 274.54573553102091 14.361828811466692 5.8810807750560334 24.555696524679661 65.999766359571368 27.676655360963196 61.457007018849254 6.1761727612465611 486.28470420511439 20.235575749073178 240.34994767070748 65.754726541228592 58.234607608988881 59.54447877407074
leaf_count=10170 1875 85 8296 175912 693 11550 1733 22690 886 1034 4392 13826 392 5312 118 118750 6443 280 50 153 2061 665 417 102 4976 419 15988 1874 1338 898
internal_value=5.9417e-05 -0.00903036 0.000536865 -0.00130129 0.00352478 0.00517475 0.0226984 0.0032789 0.00801991 0.00632775 0.00112232 0.00993332 0.0293678 -0.00983759 -0.00124364 -0.0095723 0.01513 0.0255672 0.0337968 0.0518403 0.0168354 0.0451449 0.0687524 0.0674665 -0.00571193 -0.0218103 -0.0257517 -0.000136743 0.000170824 0.019615
internal_weight=11666.5 577.741 11088.8 6867.01 4221.74 3583.77 344.512 3239.25 1509.04 1422.4 897.364 497.709 145.02 399.655 270.181 843.08 525.04 250.494 199.932 91.8938 108.038 42.0385 67.3381 35.0044 637.975 262.837 242.601 6023.93 5958.17 117.779
internal_count=413378 26662 386716 307068 79648 72797 2426 70371 47681 46795 35692 18712 4886 16980 11668 127046 11103 4660 3626 620 3006 945 467 494 6851 16492 16073 180022 178148 2236
is_linear=0
shrinkage=0.05


Tree=80
num_leaves=31
num_cat=0
split_feature=13 3 0 0 19 12 6 18 13 8 15 0 15 12 16 19 12 21 17 12 9 21 13 15 7 7 3 12 12 5
split_gain=19.4406 21.9578 20.144 71.2007 29.1275 27.1671 39.314 27.6813 25.6886 23.972 23.4836 49.5212 29.6718 28.249 22.2718 22.2805 22.1682 28.5143 21.1035 34.5338 20.9945 28.9874 25.8205 36.8613 23.1376 29.4228 20.921 19.7643 28.069 19.5876
threshold=0.012649078527543491 8.5000000000000018 58.955000000000005 57.008500000000005 0.019867692685255556 27951.500000000004 7581.5000000000009 9954.5000000000018 0.10697180193769618 182.50000000000003 14034.500000000002 48.955000000000005 24285.500000000004 19771.500000000004 0.076018452663189517 0.10746002241052922 62265.500000000007 727.50000000000011 385.50000000000006 34974.500000000007 1615.5000000000002 1073.5000000000002 0.018720859383015733 70204.500000000015 521.50000000000011 367.50000000000006 256.50000000000006 19382.500000000004 23858.500000000004 1146.5000000000002
decision_type=2 2 2 2 2 2 2 2 2 2 2 2 2 2 2 2 2 2 2 2 2 2 2 2 2 2 2 2 2 2
left_child=1 -1 3 4 10 6 9 16 -5 14 -2 -12 13 -13 15 -4 17 -7 -9 -20 21 29 23 -23 25 -22 -18 -16 -29 -6
right_child=2 -3 5 8 20 7 -8 18 -10 -11 11 12 -14 -15 27 -17 26 -19 19 -21 24 22 -24 -25 -26 -27 -28 28 -30 -31
leaf_value=0.0037904360791392328 -0.026834245993919051 -0.029998076171107231 0.0023648924667412597 -0.033605872388329669 0.0015597825719200304 -0.013416000193619477 0.053018030675287167 -0.012143320463576896 0.024434010727217265 0.040012971221894907 -0.015908687190219619 -0.010204087930360622 0.0063578525564633491 0.086599060979563436 0.003844082687557494 0.029794285061139514 0.0064728983132354466 0.013370807541822245 -0.022239591805307445 0.0025375094709437496 -0.016091661729133577 -0.018368012640654057 0.013330381627725164 0.14045596574685248 -0.0091432664214475216 0.055856740389037179 -0.017763713539819311 0.071558565401530036 0.010892406183353635 -0.028616150433599764
leaf_weight=82.327826717635617 159.45407277764753 107.28415321442299 1925.8386166207492 214.73453430295922 2815.0823198889848 366.23658332019113 39.790158894844353 641.47850645449944 17.334912140853703 44.689935928210616 336.45974690909497 9.402576684951784 135.06770656467415 20.015267497859895 71.278924548532814 72.070329269394279 2004.2420046005864 131.15952333062887 158.15979161811993 1013.8577810982242 22.357645200099796 4.2950166375376266 330.83192223729566 4.4214550326578319 685.17228176118806 27.022968485951424 88.439150228863582 33.14507663436234 42.434239078313112 49.828319655265659
leaf_count=2832 13328 8871 49459 18364 67872 19268 436 30638 183 388 35645 805 9657 503 585 720 82664 3242 2002 34123 725 224 6185 234 17821 1053 4097 200 279 975
internal_value=6.37263e-05 -0.0156069 0.0003296 -0.00212486 -0.000746718 0.00211773 0.00660845 -0.00016055 -0.0288466 0.00564615 -0.0104228 -0.00498535 0.0171688 0.0586711 0.00483866 0.00342626 0.00315437 -0.00628975 -0.00489066 -0.000886347 0.00088669 0.00263567 0.0163383 0.0840281 -0.00670941 0.0247969 0.00540873 0.0233079 0.0402868 0.000986003
internal_weight=11653.9 189.612 11464.3 4831.48 4599.41 6632.82 2229.25 4403.57 232.069 2189.46 660.399 500.945 164.486 29.4178 2144.77 1997.91 2590.08 497.396 1813.5 1172.02 3939.01 3204.46 339.548 8.71647 734.553 49.3806 2092.68 146.858 75.5793 2864.91
internal_count=413378 11703 401675 173574 155027 228101 52067 176034 18547 51631 59938 46610 10965 1308 51243 50179 109271 22510 66763 36125 95089 75490 6643 458 19599 1778 86761 1064 479 68847
is_linear=0
shrinkage=0.05


Tree=81
num_leaves=31
num_cat=0
split_feature=0 0 13 3 19 18 8 22 12 15 0 0 3 2 2 0 0 11 11 0 17 18 13 17 0 15 9 21 21 16
split_gain=18.8554 42.777 36.7 28.2301 21.5466 25.1976 30.562 23.3277 28.3558 20.8709 36.551 42.6196 22.7286 19.6337 19.6203 19.5742 33.0652 18.9885 18.1305 17.9737 16.0958 50.2749 21.2649 17.8191 17.42 17.2171 16.9915 27.1822 16.8892 15.698
threshold=224.09500000000003 207.97500000000002 0.013676985844315459 7.5000000000000009 0.010323320721204106 195.50000000000003 10.500000000000002 1.0000000180025095e-35 78541.500000000015 222117.50000000003 418.87000000000006 496.06500000000005 183.50000000000003 1.0000000180025095e-35 2.5000000000000004 767.21000000000015 994.47500000000014 4310.5000000000009 976.50000000000011 480.06000000000006 115.50000000000001 5056.5000000000009 0.018478712642034278 882.50000000000011 500.01500000000004 136609.50000000003 438.50000000000006 319.50000000000006 5239.5000000000009 0.025334078365393215
decision_type=2 2 2 2 2 2 2 2 2 2 2 2 2 2 2 2 2 2 2 2 2 2 2 2 2 2 2 2 2 2
left_child=1 2 -1 19 -4 6 18 8 13 20 17 12 -12 -7 -8 29 -17 -11 -6 -2 21 24 -23 28 -5 -24 27 -27 -22 -13
right_child=3 -3 4 9 5 7 14 -9 -10 10 11 15 -14 -15 -16 16 -18 -19 -20 -21 23 22 25 -25 -26 26 -28 -29 -30 -31
leaf_value=-0.025862679274985367 0.024698041194314593 -0.024886696999653565 -0.012602843096951623 0.0040359041589454418 0.023158391772924877 0.0015403822350644903 -0.024714689619182727 0.00091136154734277545 -0.020959033837161248 0.029961743407038943 0.074346015106502877 0.013173880872151747 0.01350819377055598 -0.024097073479052891 0.03200773332556045 0.046994895979107706 -0.0060818184510170563 -0.0066627051977458567 0.083362065735446522 -0.011136702698321226 -0.011539082347902149 0.1032712533670104 -0.0061893892176231088 0.037930136802787659 -0.014032029505262346 0.010534411417497632 0.0020665517404565119 0.13383224162700741 0.051109707554981801 -0.025419221600738992
leaf_weight=134.51929425308481 227.47462202701718 176.96767274895683 323.46161400340497 492.44795789057389 131.86415210249834 572.00886894296855 51.332953521050513 7793.4880225732923 269.58906824071892 35.544822169467807 45.726961452513933 49.691930228844285 25.766341239213943 80.811591468984261 16.168451500125229 63.312260784208775 49.63568613352254 274.3547249129042 10.250209935009478 38.20792621280998 481.52534233080223 8.7292888564988953 21.309611808042973 15.141655464656649 177.31005018064752 9.3475540857762116 11.763866989873348 5.6125271599739781 6.139346287585794 46.241953050717711
leaf_count=10844 2011 7700 28727 15571 4671 38207 435 198270 57668 917 882 1287 679 10098 172 977 1622 8507 155 443 14661 295 703 96 5675 360 358 78 170 1139
internal_value=6.43377e-05 -0.000875775 -0.00040993 0.00436629 -2.59649e-05 0.000436623 0.0173619 1.98519e-05 -0.00747686 0.00211899 0.00980471 0.0227173 0.0547361 -0.00179227 -0.0098577 0.010735 0.024401 -0.00205292 0.0301863 0.0194341 -0.00159617 0.00315857 0.0463237 -0.00842989 -0.000815889 0.0272138 0.0506269 0.0787292 -0.0102397 -0.0057664
internal_weight=11645.7 9560.46 9383.49 2085.28 9248.97 8925.51 209.616 8715.9 922.41 1819.6 590.275 280.375 71.4933 652.82 67.5014 208.882 112.948 309.9 142.114 265.683 1229.33 726.521 56.7628 502.806 669.758 48.0336 26.7239 14.9601 487.665 95.9339
internal_count=413378 356947 349247 56431 338403 309676 5433 304243 105973 53977 16010 6586 1561 48305 607 5025 2599 9424 4826 2454 37967 23040 1794 14927 21246 1499 796 438 14831 2426
is_linear=0
shrinkage=0.05


Tree=82
num_leaves=31
num_cat=0
split_feature=16 6 6 4 3 0 0 0 12 19 18 13 11 5 7 0 0 11 13 3 14 7 18 13 0 0 0 16 0 0
split_gain=18.155 30.4997 22.3851 22.1532 16.6418 17.3354 64.1549 23.6199 52.6086 37.7548 27.8104 24.4061 23.5891 35.5889 27.747 25.9817 23.8268 23.3017 23.1776 22.8343 25.6752 23.208 22.6593 22.5941 20.4835 49.2328 47.4449 35.0333 32.0505 21.3628
threshold=0.011164296169892996 1.0000000180025095e-35 10.500000000000002 25.500000000000004 571.50000000000011 58.955000000000005 57.008500000000005 48.955000000000005 20191.500000000004 0.021529654012249034 3640.5000000000005 0.044595188151638369 374.50000000000006 171.50000000000003 1054.5000000000002 46.958500000000008 36.95600000000001 308.50000000000006 0.10697180193769618 1.0000000180025095e-35 16.500000000000004 944.50000000000011 2789.5000000000005 0.019021403598252339 97.005500000000012 96.445000000000007 108.95500000000001 0.018532065472348588 107.01000000000001 105.06550000000001
decision_type=2 2 2 2 2 2 2 2 2 2 2 2 2 2 2 2 2 2 2 2 2 2 2 2 2 2 2 2 2 2
left_child=1 -1 3 -2 5 6 7 9 11 -4 22 -9 13 16 23 19 -11 -13 -8 -14 21 -21 -10 -15 25 27 28 -7 29 -26
right_child=2 -3 4 -5 -6 24 18 8 10 12 -12 17 15 14 -16 -17 -18 -19 -20 20 -22 -23 -24 -25 26 -27 -28 -29 -30 -31
leaf_value=0.026151038871751287 0.02340357042677332 -0.012308333541713236 -0.015567604567002331 -0.00348560712984866 -0.027725934856830212 0.065529965464513673 -0.032660863134543999 -0.030359060418480733 0.019801538314548721 -0.010122252725490501 0.0081690459137960317 0.044091292467063808 -0.015301879290473759 -0.0091749784476227551 -0.020184134864648175 -0.028882119266263169 0.03642371058471161 -0.010724169842786837 0.024072748314293058 -0.028915271841777099 -0.00052944111604776869 0.03029794140207764 0.064585086501274841 0.070585545679198738 -0.0058615274541475781 0.046639315449888662 0.0024468150751655597 0.0039070485225486421 -0.023858601398279888 0.034453103167355996
leaf_weight=52.477572458796203 200.64110300689936 519.09789247764274 474.2316546284128 120.21686183102429 48.360329133458436 18.452567991334945 205.40572749474086 108.20717720221728 105.61007739324123 111.01744301989675 430.30135955638252 21.78352427110076 239.6086591873318 9.4250297416001541 11.441097087226806 80.024775529978797 31.036956829950213 65.644314306788146 16.129855064675212 15.250987886451183 2166.3576639920939 110.49728250037879 37.953070680145174 46.916679332498461 441.71732184547 69.064511314732954 4044.4636393170804 1510.302731747739 295.04469166090712 30.499774581054226
leaf_count=1547 1381 25115 46215 875 2334 934 18249 8067 5384 3068 17261 318 2822 603 187 3075 838 993 160 136 48124 811 1735 906 17145 3135 121759 58491 20345 1365
internal_value=6.88878e-05 -0.00858114 0.000519364 0.01343 0.000127761 0.000266588 -0.00219321 -0.00074922 0.00711018 -0.00259221 0.0147191 -0.01502 -0.000387712 0.0155402 0.0439715 -0.00169467 0.000940073 0.00457999 -0.02809 -0.000780068 0.000767993 0.0222853 0.0334159 0.0575826 0.00191219 0.00680771 0.000281161 0.00486206 -0.0110766 -0.00292397
internal_weight=11637.2 571.575 11065.6 320.858 10744.7 10696.4 4286.84 4065.31 769.5 3295.81 573.865 195.635 2821.58 209.837 67.7828 2611.74 142.054 87.4278 221.536 2531.71 2292.11 125.748 143.563 56.3417 6409.55 1597.82 4811.73 1528.76 767.262 472.217
internal_count=413378 26662 386716 2256 384460 382126 158952 140543 33758 106785 24380 9378 60570 5602 1696 54968 3906 1311 18409 51893 49071 947 7119 1509 223174 62560 160614 59425 38855 18510
is_linear=0
shrinkage=0.05


Tree=83
num_leaves=31
num_cat=0
split_feature=16 0 13 11 6 14 19 12 12 6 3 11 3 3 0 21 21 8 1 8 0 6 11 10 15 18 4 7 0 0
split_gain=16.917 18.6862 41.493 23.7809 21.4802 29.5023 21.4552 19.1015 60.5726 40.7298 23.574 22.9949 38.5815 22.9793 22.6285 21.915 21.7829 23.0003 20.205 24.1644 20.0144 28.5168 26.5812 28.1301 21.4777 20.9133 27.3919 25.0605 22.3139 22.8301
threshold=0.44590643274853808 36.95600000000001 0.020107514071095657 5369.5000000000009 9086.5000000000018 7321.5000000000009 0.13727511051711735 19771.500000000004 24672.500000000004 7556.5000000000009 191.50000000000003 926.50000000000011 12.500000000000002 389.50000000000006 454.97500000000008 160.50000000000003 1.0000000180025095e-35 1.0000000180025095e-35 1.0000000180025095e-35 39.500000000000007 39.999000000000002 10.500000000000002 3332.5000000000005 0.036686619448373189 30.500000000000004 9954.5000000000018 27.500000000000004 2026.5000000000002 42.95450000000001 129.96000000000001
decision_type=2 2 2 2 2 2 2 2 2 2 2 2 2 2 2 2 2 2 2 2 2 2 2 2 2 2 2 2 2 2
left_child=1 2 -1 4 -4 -6 7 9 10 15 14 12 -10 16 -9 -3 -13 -18 20 -20 22 -22 23 -19 -25 -23 -27 28 -28 -30
right_child=-2 6 3 -5 5 -7 -8 8 11 -11 -12 13 -14 -15 -16 -17 17 18 19 -21 21 25 -24 24 -26 26 27 -29 29 -31
leaf_value=-0.018043721829319542 0.013135737866777865 -0.00072873979360465416 -0.00079887791000251586 -0.018987660864538427 0.074893977435802242 0.0078269022246491207 0.022730467020103957 0.017910789262858388 -0.025130559673029323 0.061490803053730017 -0.015282718786384887 0.032272436519365753 0.00018365621179817796 -0.02511093215309846 -0.02549453208863536 -0.013095640494730455 -0.0094427613892511426 0.0011384492682440751 0.036579208502300141 0.0013593568712060738 0.036318496610873406 0.0037150632162718591 0.0014999314447128372 -0.030283028507866645 0.07927795485318502 -0.0053084610835007449 -0.025779055614100838 -0.032032980683531255 0.028851399233460463 -0.011366274170270424
leaf_weight=425.61792994034477 237.46934979781508 960.09262423566543 2091.7667010270525 168.2614041750785 16.650859746150672 73.689239365514368 106.49521944625303 783.16339952824637 228.894792963285 18.158422484993935 59.771097084740177 51.793890266213566 422.04875842062756 77.571111150085926 26.975935079623014 567.0499026151374 463.47604270721786 24.772485884837806 86.870531039778143 104.49968297034502 51.074157200753689 2323.7769483076409 90.865760755259544 2.4525028672069302 33.236678082495928 1859.9844861514866 23.815710443072021 25.081259267404675 183.04454495059326 40.570015923120081
leaf_count=37423 1518 41113 41212 6232 216 920 1124 11897 3299 186 2122 3187 20917 3779 335 21153 71922 1665 2443 2294 686 72276 2790 21 456 58954 243 237 2132 626
internal_value=6.71011e-05 -0.000210973 -0.00377471 -0.00115798 0.000257121 0.0234677 0.000938813 0.00065289 0.00176924 -0.0043673 0.0140718 2.9221e-06 -0.00884143 0.00106781 0.016318 -0.0053485 0.00146932 0.00113901 0.0021589 0.0178713 0.00149499 0.000883983 0.0190838 0.0433771 0.068953 0.000437612 -0.00313416 0.0115345 0.0164978 0.0214658
internal_weight=11629 11391.5 2775.99 2350.37 2182.11 90.3401 8615.54 8509.04 6963.74 1545.3 869.91 6093.83 650.944 5442.89 810.139 1527.14 5365.31 5313.52 4850.04 191.37 4658.67 4507.35 151.327 60.4617 35.6892 4456.27 2132.5 272.512 247.43 223.615
internal_count=413378 411860 86003 48580 42348 1136 325857 324733 262281 62452 14354 247927 24216 223711 12232 62266 219932 216745 144823 4737 140086 135154 4932 2142 477 134468 62192 3238 3001 2758
is_linear=0
shrinkage=0.05


Tree=84
num_leaves=31
num_cat=0
split_feature=16 3 3 3 15 2 16 17 16 0 6 11 13 12 21 9 2 22 10 12 15 13 13 11 17 2 11 6 21 12
split_gain=16.6154 28.8284 19.0755 24.0669 39.0623 56.0451 24.9267 22.6544 21.8109 21.4049 30.4504 27.7398 40.2814 42.6482 23.2394 21.8781 20.4815 24.0293 19.429 19.328 19.0876 29.0776 25.3306 34.5793 21.8367 19.9372 18.5545 18.0618 18.1553 18.3945
threshold=0.011164296169892996 1.0000000180025095e-35 56.500000000000007 1.0000000180025095e-35 87.500000000000014 1.0000000180025095e-35 0.038353602615927525 2712.0000000000005 0.025908832150291088 140.25100000000003 3265.5000000000005 1389.5000000000002 0.020107514071095657 14507.500000000002 898.50000000000011 833.50000000000011 1.5000000000000002 0.32003460207612461 0.042286161763060749 49544.500000000007 12430.500000000002 0.018389291832989287 0.020193550302276906 211.50000000000003 242.50000000000003 1.0000000180025095e-35 179.50000000000003 1361.5000000000002 51.500000000000007 26304.500000000004
decision_type=2 2 2 2 2 2 2 2 2 2 2 2 2 2 2 2 2 2 2 2 2 2 2 2 2 2 2 2 2 2
left_child=1 -1 3 -2 5 -5 7 9 16 10 14 12 -12 -14 15 -6 26 -18 -15 -8 22 -22 23 -11 -25 -23 -4 -3 -29 -30
right_child=2 27 8 4 6 -7 19 -9 -10 20 11 -13 13 18 -16 -17 17 -19 -20 -21 21 25 -24 24 -26 -27 -28 28 29 -31
leaf_value=0.0018978734866355565 -0.0058026116687628047 -0.030304816776112443 0.015301705309920064 0.050889446174044832 -0.0058645032393579927 0.0071420482397582868 -0.0016365581632598878 0.031585233683554405 -0.016756969479444987 0.013526252094619329 -0.0013076464907903745 0.0019907835999770445 0.0071457020515149905 0.11088820048315756 -0.036323309609524797 0.065392659019816876 0.0026523788259241701 0.036147338631396235 0.033114450767585117 0.04854942334019971 -0.028335892299762744 0.0028081176225898566 0.0041222670259406392 0.073426354463634269 -0.0012963821949946632 0.035027740010355905 -0.003027882718184658 -0.032913683552691149 0.027166953483712199 -0.030085585317832467
leaf_weight=314.19779415568337 634.96789254853502 163.13614008412696 137.55699602956884 101.54333715699613 325.55487181129865 240.63228764338419 1716.9337679320015 88.457198129966855 211.4257384147495 83.639611844439059 65.094025197206065 358.63156343111768 33.526196077466011 22.661988690495491 60.174957843031734 6.1481443163938811 1965.2903888500296 50.101223282516003 19.733411464840174 14.403504988178609 49.093964959960431 163.18429958354682 101.44448144780472 56.699503540992737 11.414583232253788 63.627090543042868 4469.7996033381205 27.593313602497801 47.750416528433561 14.530981169082223
leaf_count=10170 6851 12753 8089 693 14184 1733 22579 886 9355 2520 3399 14041 729 393 2488 308 72058 238 150 111 1347 3796 1674 400 66 1300 217328 1364 1967 408
internal_value=6.47198e-05 -0.00824321 0.000494643 0.00313692 0.00472721 0.0206704 0.00301443 0.00770043 -0.00113709 0.00610765 0.00135754 0.00949965 0.0278741 0.051429 -0.0090126 -0.00359229 -0.000626168 0.00357244 0.082 -0.00108044 0.0140238 0.00478215 0.0238067 0.0364141 0.061672 0.0124072 -0.00246464 -0.0206295 -0.00239578 0.0125661
internal_weight=11618.9 567.209 11051.7 4217.57 3582.6 342.176 3240.42 1509.09 6834.17 1420.63 891.525 499.647 141.016 75.9216 391.878 331.703 6622.75 2015.39 42.3954 1731.34 529.104 275.905 253.198 151.754 68.1141 226.811 4607.36 253.011 89.8747 62.2814
internal_count=413378 26662 386716 79648 72797 2426 70371 47681 307068 46795 35692 18712 4671 1272 16980 14492 297713 72296 543 22690 11103 6443 4660 2986 466 5096 225417 16492 3739 2375
is_linear=0
shrinkage=0.05


Tree=85
num_leaves=31
num_cat=0
split_feature=13 0 0 13 11 17 6 19 18 2 0 9 0 13 8 19 15 13 9 15 0 3 21 3 9 8 13 19 10 19
split_gain=16.4267 20.28 16.5285 40.2605 26.544 23.7844 23.2168 23.0532 24.8992 21.8152 20.5181 20.3957 20.5965 24.1432 24.1252 21.6102 36.9123 21.0182 20.3256 19.0697 18.7677 37.805 18.6059 18.3986 25.2724 18.0838 17.6892 33.75 17.2287 20.5666
threshold=0.012649078527543491 155.97000000000003 36.95600000000001 0.020107514071095657 5369.5000000000009 4327.5000000000009 22.500000000000004 0.11102955998086088 82.500000000000014 1.0000000180025095e-35 39.001500000000007 1681.5000000000002 34.004500000000007 0.044595188151638369 152.50000000000003 0.023042012310632486 30787.000000000004 0.020411251924131273 1118.5000000000002 14034.500000000002 28.534000000000002 28.500000000000004 1.5000000000000002 158.50000000000003 543.50000000000011 129.50000000000003 0.019370836476175688 0.022959858894760158 0.0019166271769835762 0.0059900173022795966
decision_type=2 2 2 2 2 2 2 2 2 2 2 2 2 2 2 2 2 2 2 2 2 2 2 2 2 2 2 2 2 2
left_child=1 -1 3 -2 5 11 9 10 -9 -4 26 12 13 15 -14 -5 19 -18 20 -17 25 -22 -12 24 -7 -15 27 -8 -24 -30
right_child=2 -3 6 4 -6 23 7 8 -10 -11 22 -13 14 18 -16 16 17 -19 -20 -21 21 -23 28 -25 -26 -27 -28 -29 29 -31
leaf_value=-0.031081755603956249 -0.017267703614348061 0.0016545097391218605 0.023296281398209703 0.00081675485545750718 -0.01929475766025876 0.029837469386923006 0.0025265949683861283 0.047761101116099103 0.0076848165796178066 0.0006439611744904532 0.012945379541935885 -0.01220087894676268 -0.023527954515643133 -0.0028606339476355482 0.062342137190213212 0.016470544885127468 0.026971388335484153 -0.035504214836945013 0.016697420626504547 0.10091341654541064 -0.0094192164340047568 0.027614818316288155 -0.0071944347624016318 0.045548221674315166 -0.0051747582287633665 -0.030660710028801375 0.0070282886565067246 0.084918548155777471 -0.023239883437135987 0.00068744607175004891
leaf_weight=88.632957653841004 414.91812168410979 94.658318834844977 223.89739342406392 77.556242433842272 170.18364985473454 81.565833792090416 26.318252810509875 44.374378905631602 193.44076264952309 198.96411008248106 261.1056781434454 328.03473645960912 115.93839913629927 961.71524178050458 4.0236250497400752 12.226001913193612 44.25925733637996 13.773697348544372 169.79549185559154 20.009700110182166 127.07605725014582 140.72455944446847 848.36140738194808 37.609999248757958 124.40339633543044 57.417727326974273 133.2317187434528 19.103044818621129 86.068619100376964 6488.6128053481225
leaf_count=8317 36932 3386 3282 5370 6254 890 2366 386 2050 3195 15671 8250 2961 13884 29 394 2530 678 2163 282 1645 1750 98792 432 1498 489 5466 881 4383 178772
internal_value=6.76216e-05 -0.0145806 0.000308904 -0.0029477 -0.000528108 0.000889413 0.00141847 0.000818393 0.0159922 0.01277 0.00034958 -0.000861418 0.0012996 0.0027962 -0.0182686 0.0204659 0.0364189 0.0105032 0.000697494 0.075399 -0.00146996 0.010191 -4.51324e-05 0.0155044 0.00906897 -0.00456893 0.0168658 0.0421632 -0.00051048 0.000356793
internal_weight=11608 183.291 11424.7 2901.23 2486.31 2316.13 8523.48 8100.62 237.815 422.862 7862.8 2072.55 1744.52 1624.55 119.962 167.825 90.2687 58.033 1456.73 32.2357 1286.93 267.801 7684.15 243.579 205.969 1019.13 178.653 45.4213 7423.04 6574.68
internal_count=413378 11703 401675 86431 49499 43245 315244 308767 2436 6477 306331 40425 32175 29185 2990 9254 3884 3208 19931 676 17768 3395 297618 2820 2388 14373 8713 3247 281947 183155
is_linear=0
shrinkage=0.05


Tree=86
num_leaves=31
num_cat=0
split_feature=16 6 6 3 2 4 3 10 13 9 3 6 21 12 13 11 3 14 12 2 6 13 11 12 15 3 4 18 10 13
split_gain=15.3381 26.4715 17.5267 20.4434 18.8645 16.587 14.7095 14.3242 26.0432 19.7031 14.1043 17.0863 16.8804 16.8629 14.2747 17.5253 12.6633 23.915 25.1831 24.3726 17.7554 16.4238 19.7033 19.1346 38.0523 34.2297 26.4062 30.7528 27.0887 25.9748
threshold=0.011164296169892996 1.0000000180025095e-35 10.500000000000002 1.0000000180025095e-35 5.5000000000000009 22.500000000000004 571.50000000000011 0.60303030303030314 0.020140653017529469 26.500000000000004 1.0000000180025095e-35 1361.5000000000002 51.500000000000007 26304.500000000004 0.019915433417905432 479.50000000000006 1.0000000180025095e-35 16.500000000000004 14916.500000000002 1.0000000180025095e-35 17.500000000000004 0.011799293292765649 211.50000000000003 23858.500000000004 130112.00000000001 27.500000000000004 24.500000000000004 9954.5000000000018 0.011278801257090521 0.044595188151638369
decision_type=2 2 2 2 2 2 2 2 2 2 2 2 2 2 2 2 2 2 2 2 2 2 2 2 2 2 2 2 2 2
left_child=1 -1 3 5 -5 -2 7 16 -9 -10 -3 -12 -13 14 -14 -16 -4 18 -18 -20 -21 22 -19 24 25 -23 27 28 -25 -30
right_child=2 10 6 4 -6 -7 -8 8 9 -11 11 12 13 -15 15 -17 17 21 19 20 -22 23 -24 26 -26 -27 -28 -29 29 -31
leaf_value=0.023921465298239901 0.013503120010167605 -0.0033101874267770087 -0.0081412662882669028 0.03173499146325074 -0.026235113068149896 -0.016284210728190224 -0.026580678720616532 0.028531112322142723 0.0050996800110480441 -0.05229179950477391 -0.029589497127533327 -0.03225720352890861 -0.0094177606436163797 -0.029515198041619384 0.085518977816237574 0.011626671793655173 -0.0098622941517709506 -0.029414105258466244 0.053080603764119251 -0.0059860581796765035 0.029528771214933903 0.010004297271761433 0.030479419369868945 -0.0073289401942537857 0.034983455998132955 -0.0021911676596390981 0.0068415045341215456 -0.0062359197065121955 0.0037759013939728057 -0.032379294263872919
leaf_weight=54.002871522679925 103.73043358884752 261.45883758133277 450.24449447309598 126.75681605283171 11.935158513486384 76.975118771195412 46.28111230279319 112.22292719315737 59.281046360731125 14.68039397895336 158.13218637765385 26.763469321187586 17.290574659826234 14.137950297910718 9.9128198772668856 21.522639275994152 68.754153250716627 80.556397179141641 50.118399132508785 64.35485428571701 69.079459474422038 960.88251273520291 12.146438220515845 791.82862577983178 90.248827567324042 1419.6402713102289 908.50213544722646 2738.0229819193482 2735.7213244652376 45.632228636182845
leaf_count=1547 701 8623 5592 924 82 549 2334 508 264 62 12753 1364 1133 408 333 501 2349 5450 347 423 611 18417 197 102980 1402 49547 18031 102859 72510 577
internal_value=6.84867e-05 -0.00794282 0.000480696 0.0119307 0.0260071 0.000717803 0.000134085 0.000262333 0.0138253 -0.00888168 -0.0115218 -0.0199505 -0.00227935 0.0119196 0.0255699 0.0434659 1.5034e-05 0.00038484 0.0154316 0.0249163 0.0128026 -1.0897e-05 -0.0204083 0.000194657 0.00398804 0.0027421 -0.0011054 -0.00225387 0.000801901 0.00312568
internal_weight=11600.8 563.221 11037.6 319.398 138.692 180.706 10718.2 10671.9 186.184 73.9614 509.218 247.76 89.6275 62.864 48.726 31.4355 10485.7 10035.5 252.307 183.553 133.434 9783.18 92.7028 9690.48 2470.77 2380.52 7219.71 6311.21 3573.18 2781.35
internal_count=413378 26662 386716 2256 1006 1250 384460 382126 834 326 25115 16492 3739 2375 1967 834 381292 375700 3730 1381 1034 371970 5647 366323 69366 67964 296957 278926 176067 73087
is_linear=0
shrinkage=0.05


Tree=87
num_leaves=31
num_cat=0
split_feature=0 0 13 3 15 0 0 0 0 13 19 13 15 3 0 0 19 0 20 13 7 13 11 7 7 18 11 9 10 10
split_gain=16.6183 39.8087 30.2819 24.1936 19.5116 32.4293 36.6138 18.831 27.5031 28.9824 21.5186 19.7886 29.3006 18.5104 17.5129 28.8541 17.3026 17.2845 17.2313 24.1551 28.4823 20.6033 16.9662 28.7959 30.2116 18.9787 16.7771 16.2774 15.9729 19.6939
threshold=224.09500000000003 207.97500000000002 0.013676985844315459 7.5000000000000009 222117.50000000003 418.87000000000006 496.06500000000005 137.97300000000004 141.00500000000002 0.020005277654389062 0.014444289131177587 0.084340045395691801 59.500000000000007 183.50000000000003 767.21000000000015 994.47500000000014 0.074653404386318775 151.05700000000004 1.0000000180025095e-35 0.033937805680449108 126.50000000000001 0.018279444510108114 308.50000000000006 579.50000000000011 133.50000000000003 12031.500000000002 4310.5000000000009 1019.5000000000001 0.049483975490938047 0.022917923200643345
decision_type=2 2 2 2 2 2 2 2 2 2 2 2 2 2 2 2 2 2 2 2 2 2 2 2 2 2 2 2 2 2
left_child=1 2 -1 -2 -5 26 13 10 9 -9 -4 12 -10 27 -8 28 -14 -13 19 -12 -21 -20 23 24 -23 -25 -6 -7 29 -16
right_child=3 -3 7 4 5 6 14 8 11 -11 18 17 16 -15 15 -17 -18 -19 21 20 -22 22 -24 25 -26 -27 -28 -29 -30 -31
leaf_value=-0.024229533920207841 0.018031168966247894 -0.024238832898031387 -0.010172103377064784 -0.001585048828611442 0.028000615544232579 0.087415667475364833 -0.0054629791756321388 0.064053701607833954 0.04749009241269822 0.0027842821317889343 -0.015110730421112337 0.016087157063515555 0.0028318755621340509 0.013017640094104187 0.050050435239241568 -0.0057178418208613845 0.035627982320878972 -0.026778554613237211 -0.018514299491372919 0.050960516748387454 -0.0015329326173353546 0.023400946063450764 0.00040961587259265682 0.040645422459860248 -0.013640545253222339 -0.031364738221891141 -0.0062193154369052372 0.020472065268691053 0.065539038014621229 -0.019906572020984198
leaf_weight=126.1755280024372 266.36020013317466 173.10430540703237 577.18222266528755 1225.9610675876029 36.15924839489162 30.926225373521447 95.270308376289904 35.219187126960605 35.864994521718472 38.02583659440279 419.30354476626962 28.210550259798765 950.3095466461964 25.922445060219616 14.172850327566268 49.209122215863317 37.074603716377169 83.705825123004615 133.41168736643158 23.967761402018368 237.04430233780295 89.898104641120881 6294.6220081518404 88.803224305156618 126.16407440463081 6.4924468435347071 271.82921220827848 17.257841571234167 33.673540379852057 17.009442325681448
leaf_count=10844 2454 7700 53472 37967 917 553 2426 1257 491 1101 73586 248 27670 679 513 1622 422 763 6636 966 10389 1122 155017 1867 3262 134 8507 329 208 256
internal_value=6.44694e-05 -0.000822568 -0.000375435 0.00410278 0.00201754 0.00943594 0.0214847 -3.54943e-05 0.00576875 0.0344557 -0.000915631 0.00377479 0.00597621 0.0505485 0.0102567 0.0230643 0.00423662 -0.0157476 -0.000189201 -0.00774295 0.0041546 0.000578495 0.000977797 0.0122765 0.00195219 0.0344204 -0.00181861 0.0676176 0.0437487 0.0144125
internal_weight=11588.3 9504.58 9331.48 2083.75 1817.39 591.43 283.442 9205.3 1208.41 73.245 7996.89 1135.17 1023.25 74.1065 209.335 114.065 987.384 111.916 7419.71 680.316 261.012 6739.39 6605.98 311.358 216.062 95.2957 307.988 48.1841 64.8558 31.1823
internal_count=413378 356947 349247 56431 53977 16010 6586 338403 31952 2358 306451 29594 28583 1561 5025 2599 28092 1011 252979 84941 11355 168038 161402 6385 4384 2001 9424 882 977 769
is_linear=0
shrinkage=0.05


Tree=88
num_leaves=31
num_cat=0
split_feature=0 0 13 0 0 6 15 12 3 13 17 15 4 0 0 11 13 13 13 17 17 0 0 0 0 15 0 0 0 11
split_gain=15.1444 36.8594 28.0663 23.0898 28.8473 25.4369 24.2652 49.4675 19.9892 19.6758 18.0961 21.1337 21.4625 17.0878 24.3698 25.4606 21.5254 18.0124 28.3553 17.9736 31.1226 26.8886 20.7353 35.661 30.2809 33.0913 27.6992 34.078 31.9639 34.6812
threshold=224.09500000000003 207.97500000000002 0.013676985844315459 994.47500000000014 944.08500000000015 2726.5000000000005 63759.500000000007 39799.500000000007 223.50000000000003 0.018732518092009497 20.500000000000004 34063.500000000007 28.500000000000004 137.97300000000004 141.00500000000002 3457.5000000000005 0.093260626722890275 0.084340045395691801 0.035339996387195614 1012.5000000000001 704.50000000000011 5.0070000000000006 37.850000000000009 34.004500000000007 32.994000000000007 10856.500000000002 100.02150000000002 111.33450000000001 75.021000000000015 3857.5000000000005
decision_type=2 2 2 2 2 2 2 2 2 2 2 2 2 2 2 2 2 2 2 2 2 2 2 2 2 2 2 2 2 2
left_child=1 2 -1 4 5 -2 9 -8 -9 -7 -11 12 -12 19 15 16 -15 18 -16 20 21 -4 23 24 -23 -26 28 -28 29 -24
right_child=3 -3 13 -5 -6 6 7 8 -10 10 11 -13 -14 14 17 -17 -18 -19 -20 -21 -22 22 26 -25 25 -27 27 -29 -30 -31
leaf_value=-0.023564327859086225 0.015740151642419511 -0.023548231064580476 0.056288893009497534 -0.01505594598499331 0.043428775586692059 -0.038233306047317506 0.074933589203264303 0.0053569164354574216 -0.015412862230983919 0.018120762982108282 -0.0063761980159845483 -0.033475142213230426 0.061515312785521727 0.064458995587323195 0.0030993421426822381 -0.0045259227319463637 -0.026745751528294379 -0.015126467682723339 0.0325042119853707 0.0024172356158867897 -0.015833550674066471 -0.0070589049651552105 0.0028492315216351125 -0.031076258641506378 0.097656495334686982 0.010273166482184494 -0.019327146580288626 9.4913326248514889e-05 0.010557196599768372 -0.012589742239736385
leaf_weight=123.46165951527655 386.34464093437418 169.51129599660635 15.076157975010572 144.24800300039351 43.59574387781322 50.258092556148767 19.494552501477301 1068.0322202639654 125.00506425183266 58.892160301562399 112.37593524996191 69.685401177965105 7.9227804546244434 41.36646892176941 941.3917453312315 28.976963910274208 4.7146549616008988 110.87304845359176 84.983828514814377 2730.2693313756026 403.5860887740273 865.18298180052079 1456.9601133188698 137.74519703863189 7.9633182790130368 76.177820137469098 358.75216047093272 595.62013446073979 861.41797420708463 479.25916427583434
leaf_count=10844 7346 7700 319 5196 626 1810 186 30717 4539 2125 1661 2098 127 1314 27714 1005 39 1011 869 33201 11358 46423 80110 9785 203 5338 24303 26458 37772 31181
internal_value=6.68801e-05 -0.000781175 -0.000354858 0.00391925 0.00536402 0.0043779 0.00143167 0.00458293 0.00312544 -0.0112072 -0.00510403 -0.0125834 0.000371406 -3.07735e-05 0.00548788 0.0321658 0.0534231 0.00359405 0.00567984 -0.000871225 -0.00257955 -0.00146242 -0.00170026 -0.00776381 -0.00423612 0.0235571 6.45261e-05 -0.00726859 0.00257461 -0.000994857
internal_weight=11579.1 9493.29 9323.78 2085.85 1941.61 1898.01 1511.67 1212.53 1193.04 299.134 248.876 189.984 120.299 9200.32 1212.31 75.0581 46.0811 1137.25 1026.38 7988.01 5257.74 4854.16 4839.08 1087.07 949.324 84.1411 3752.01 954.372 2797.64 1936.22
internal_count=413378 356947 349247 56431 51235 50609 43263 35442 35256 7821 6011 3886 1788 338403 31952 2358 1353 29594 28583 306451 273250 261892 261573 61749 51964 5541 199824 50761 149063 111291
is_linear=0
shrinkage=0.05


Tree=89
num_leaves=31
num_cat=0
split_feature=16 6 3 3 14 2 16 18 17 16 0 6 11 13 12 22 15 13 2 22 13 10 4 2 22 20 12 13 3 20
split_gain=14.4724 22.5981 16.0869 21.6257 32.7488 40.2799 30.8987 26.5298 26.0663 22.8434 21.5199 34.0908 26.4493 30.1197 25.3617 23.7205 21.2016 27.9088 21.8268 20.1416 19.0588 18.7057 18.3443 17.771 18.9747 16.9295 16.822 16.4478 22.8723 16.4428
threshold=0.015714668292029749 1.0000000180025095e-35 52.500000000000007 1.0000000180025095e-35 16.500000000000004 1.0000000180025095e-35 0.038353602615927525 34.500000000000007 2502.5000000000005 0.032389305710249498 140.25100000000003 3265.5000000000005 1419.5000000000002 0.020107514071095657 14507.500000000002 0.041775948256293299 12430.500000000002 0.018445194301167596 1.0000000180025095e-35 0.036697970206967516 0.037475624110421976 0.0098024874080703105 6.5000000000000009 1.5000000000000002 0.32003460207612461 36.500000000000007 49544.500000000007 0.023063490519583948 238.50000000000003 21.500000000000004
decision_type=2 2 2 2 2 2 2 2 2 2 2 2 2 2 2 2 2 2 2 2 2 2 2 2 2 2 2 2 2 2
left_child=1 -1 3 22 5 9 7 -6 10 -5 11 29 13 -13 -15 -16 20 -18 -19 -10 -12 25 -2 -23 -25 27 -8 -4 -29 -9
right_child=2 -3 21 4 6 -7 26 8 19 -11 16 12 -14 14 15 -17 17 18 -20 -21 -22 23 -24 24 -26 -27 -28 28 -30 -31
leaf_value=0.022200174434378297 0.0097806568088961154 -0.0099874730063611167 -0.0091388399137096298 -0.0071869400831973242 0.070610509838087851 0.0069253350648401284 -0.0020349031039197905 -0.0040458142390966218 0.089023516023657212 0.051830305080218901 0.030227982531588572 0.00035245833939804433 0.0014150717531839652 0.009116124299268457 0.097608789811441971 0.023350610995910442 -0.027315786676791489 0.0023150402745734096 0.037190306284966883 0.021543736583529836 -0.027085027794645583 -0.0017908869939175542 -0.010382265242821306 0.0032283673993756187 0.032713949288039418 0.074329953133469212 0.04458863639894256 0.0030797502725773227 0.076350551155773688 -0.028702915501640704
leaf_weight=55.228563390672207 143.62248043715954 599.66381766274571 1028.5500159407966 18.216618393082172 12.089414147660134 243.86533496784978 1731.6087101702578 215.16274412954226 9.8499108003452402 96.35068764584139 191.11529762530699 61.593940749764442 331.15758003643714 31.378853056114167 25.014781125821173 23.151980098336935 49.47616199310869 151.08016279526055 59.26041312282905 67.562030594795942 11.87026376929134 3817.159173627384 469.80937102995813 1870.3619971594308 51.299924686551094 1.4255125713534642 14.570048073306678 88.671106999740005 7.1825788062997153 95.000552226789296
leaf_count=1547 1641 28222 152665 603 285 2252 22397 11422 265 773 3352 3266 12678 686 402 175 1367 3406 1121 452 138 96957 4706 54462 246 109 110 4983 377 2313
internal_value=6.52567e-05 -0.00712537 0.000499657 0.00299561 0.00453829 0.0187371 0.00285874 0.00857101 0.00774018 0.0425382 0.00591171 0.000834099 0.00925601 0.0269754 0.0463502 0.0674683 0.0143958 0.00476985 0.012776 0.0350101 0.0263059 -0.00097503 -0.00562062 0.000182996 0.00409836 -0.00685268 -0.00151968 -0.00728421 0.0120832 -0.0119336
internal_weight=11572.4 654.892 10917.5 4052.81 3439.38 358.433 3080.94 1334.76 1322.67 114.567 1245.26 782.46 472.297 141.14 79.5456 48.1668 462.802 259.817 210.341 77.4119 202.986 6864.65 613.432 5738.82 1921.66 1125.83 1746.18 1124.4 95.8537 310.163
internal_count=413378 29769 383609 73810 67463 3628 63835 41328 41043 1376 40326 30942 17207 4529 1263 577 9384 5894 4527 717 3490 309799 6347 151665 54708 158134 22507 158025 5360 13735
is_linear=0
shrinkage=0.05


Tree=90
num_leaves=31
num_cat=0
split_feature=10 2 7 13 0 0 10 17 11 17 19 18 18 20 16 6 15 11 11 22 22 17 0 0 0 14 3 7 16 11
split_gain=13.9504 24.6172 19.6447 17.6791 17.0817 86.326 26.0008 24.319 22.4993 22.3553 23.4111 22.1826 46.3113 30.3276 21.9827 20.8012 38.5249 50.9701 32.4969 30.725 25.238 20.5497 22.6355 40.88 37.1604 39.5971 22.9005 20.0241 28.4126 24.9913
threshold=0.21516465782439864 3.5000000000000004 30.500000000000004 0.10619811914209047 76.995000000000019 77.970000000000013 0.015155103857140808 19.500000000000004 5159.5000000000009 3749.5000000000005 0.10684226243042361 3421.5000000000005 3222.5000000000005 35.500000000000007 0.076018452663189517 3265.5000000000005 23465.000000000004 1389.5000000000002 391.50000000000006 0.041775948256293299 0.0066918052129905405 688.50000000000011 97.005500000000012 115.02000000000002 86.995000000000019 251.50000000000003 21.500000000000004 521.50000000000011 0.024290120478096481 712.50000000000011
decision_type=2 2 2 2 2 2 2 2 2 2 2 2 2 2 2 2 2 2 2 2 2 2 2 2 2 2 2 2 2 2
left_child=2 -2 3 -1 7 6 -6 -4 9 15 -11 12 -10 -14 21 -9 17 18 -17 -20 -18 22 24 26 25 -7 -24 28 -22 -29
right_child=1 -3 4 -5 5 14 -8 8 11 10 -12 -13 13 -15 -16 16 20 -19 19 -21 27 -23 23 -25 -26 -27 -28 29 -30 -31
leaf_value=0.029060000740507387 0.0030845811446539115 0.031291064398505784 -0.016982823396342571 -0.012041371758593194 -0.00020580173658135532 0.066857085441558536 0.052781708652135821 -0.0081304069294632943 -0.016443099202036845 0.08598873949822497 0.0072636646720219862 -0.015721177111549894 -0.0018779965479103129 0.14739585411761039 0.020023557671063896 0.002465018725392577 -0.014792010824028168 0.0026866639400025551 0.11623145999145389 0.014568921713379292 0.028727001319444046 -0.010107697149042591 0.0010060131506533041 0.0018962237533652487 0.025582252828143276 -0.021509700252269767 -0.017809054755539944 0.020671447562051807 -0.00078985761577880439 -0.0032131204669089471
leaf_weight=94.972261793911457 1314.6376034356654 77.330142494291067 286.22788699599914 32.266766050830483 29.791989599354565 9.6332933786325139 98.265094080008566 1064.4804125574883 22.903119775699452 4.6841015899553886 510.25850250897929 420.06832546996884 5.1016870795283449 4.5208379719406366 130.01229700027034 16.524364733602852 300.79170444281772 100.43964290153235 22.590505772270262 12.362550256773828 137.40183297358453 488.58735736366361 247.49329427490011 3480.6501807831228 206.97904630983248 93.812054813606665 458.89046551031061 112.63514776201919 190.11558331223205 1587.1711952518672
leaf_count=4548 7933 440 28446 723 4073 426 2352 31899 1480 46 7140 20684 331 101 983 419 50709 1159 352 92 5392 9948 8897 116197 10903 5331 34412 2247 6266 49449
internal_value=7.27504e-05 0.00475797 -0.000570561 0.0185758 -0.000822273 0.00114985 0.0409099 -0.00297659 -0.00207027 -0.000884375 0.0087998 -0.0125811 0.0246644 0.0946732 0.00011567 -0.00230169 0.000211433 0.0241923 0.0622 0.0865976 -0.00140188 -0.000422972 0.000639197 -0.000333458 0.0135558 -0.0105775 -0.0112561 0.000616297 0.011839 -0.00157446
internal_weight=11561.6 1391.97 10169.6 127.239 10042.4 5244.12 128.057 4798.28 4512.05 4059.46 514.943 452.594 32.5256 9.62253 5116.06 3544.51 2480.03 151.917 51.4774 34.9531 2328.12 4986.05 4497.46 4187.03 310.424 103.445 706.384 2027.32 327.517 1699.81
internal_count=413378 8373 405005 5271 399734 193522 6425 206212 177766 155170 7186 22596 1912 432 187097 147984 116085 2022 863 444 114063 186114 176166 159506 16660 5757 43309 63354 11658 51696
is_linear=0
shrinkage=0.05


Tree=91
num_leaves=31
num_cat=0
split_feature=5 8 2 0 13 3 1 20 3 12 0 19 0 0 3 0 16 5 19 0 10 4 12 0 20 19 19 11 5 11
split_gain=13.7227 20.7776 25.2784 18.7261 18.671 18.4053 15.736 18.5133 13.703 13.5262 13.3452 17.5575 12.692 34.7828 28.2793 27.6365 23.2333 22.6861 20.4719 18.1164 17.7714 17.687 28.8613 29.7428 16.4285 16.1115 15.9066 15.5776 15.3397 19.5426
threshold=1.0000000180025095e-35 1.0000000180025095e-35 1.0000000180025095e-35 58.955000000000005 0.033937805680449108 204.50000000000003 1.0000000180025095e-35 4.5000000000000009 4.5000000000000009 20191.500000000004 7.8630000000000013 0.025249296564387801 19.167000000000005 26.422000000000004 1.0000000180025095e-35 18.389000000000003 0.025185617614445949 1166.5000000000002 0.11251180515177898 26.822000000000006 0.079535840639901559 21.500000000000004 22228.500000000004 14.383000000000001 9.5000000000000018 0.0059900173022795966 0.022959858894760158 1351.5000000000002 81.500000000000014 166.50000000000003
decision_type=2 2 2 2 2 2 2 2 2 2 2 2 2 2 2 2 2 2 2 2 2 2 2 2 2 2 2 2 2 2
left_child=9 2 3 -2 -5 -4 10 -8 -6 -1 11 -3 14 -14 -12 16 20 24 21 -15 -16 22 23 -18 -17 -21 -25 -23 -27 -30
right_child=1 6 5 4 8 -7 7 -9 -10 -11 12 -13 13 19 15 17 18 -19 -20 25 -22 27 -24 26 -26 28 -28 -29 29 -31
leaf_value=0.00010960856944660955 -0.013518394308831956 0.045400046289594397 -0.030316651192402982 -0.0023048213242237176 -0.0011492097812665608 0.0093000315193989616 0.030850824800856054 0.0048862701921890284 0.033603931672868584 0.025219019632759659 -0.01216621041387877 -0.019535876131594319 -0.010975357326535796 0.033420831933934442 0.014425395822602841 -0.010987985093696346 -0.006394920309985958 -0.015113512143870484 -0.034851865627657373 -0.01964224130313964 -0.017334841213638204 -0.006285240831388217 -0.0079361787369131229 -0.010631917885087617 0.079234541214499674 0.0056738207377189003 0.078050452523357017 0.034987938710324407 -0.014970421838501067 0.00032596843491906983
leaf_weight=107.8687577471137 303.71995318960398 6.5663833105936638 151.73307514586486 609.05470283562317 47.315823693759739 33.598061630502343 77.647466936614364 423.03517793840729 64.635005204938352 101.76086943363771 153.72058538999408 132.19214447820559 681.89908143272623 37.197542858310044 64.122922435868531 4.646355372387915 24.310645869001746 8.9693886945024115 14.590756302699445 92.38272737339139 117.75251556467265 25.137788775842637 114.50370028195903 4.7496313946321633 27.448524778708816 1346.0765935112722 25.134370783343911 151.97822631988674 210.85653876536526 6389.0444722939283
leaf_count=6988 46511 138 22109 64326 816 6066 1739 8780 1502 5254 2386 1812 15955 556 2565 78 356 147 151 4973 1100 351 1622 192 226 16410 208 1457 12480 186124
internal_value=7.71143e-05 -0.000159788 -0.00633835 -0.00321328 0.0011909 -0.023079 0.000580732 0.00917816 0.0194944 0.0126021 0.000129357 -0.0149908 0.000358106 -0.000173803 0.00663658 0.0116527 0.00840863 0.04893 0.0156885 0.000744506 -0.00605093 0.0182872 0.00640479 0.0348157 0.0664526 0.000572614 0.064452 0.0291184 0.000819844 -0.00017369
internal_weight=11553.6 11344 1210.06 1024.73 721.006 185.331 10134 500.683 111.951 209.63 9633.28 138.759 9494.52 8757.46 737.065 583.345 542.281 41.0643 360.405 8075.56 181.875 345.814 168.698 54.1946 32.0949 8038.36 29.884 177.116 7945.98 6599.9
internal_count=413378 401136 141330 113155 66644 28175 259806 10519 2318 12242 249287 1950 247337 236498 10839 8453 8002 451 4337 220543 3665 4186 2378 756 304 219987 400 1808 215014 198604
is_linear=0
shrinkage=0.05


Tree=92
num_leaves=31
num_cat=0
split_feature=3 16 0 0 3 6 0 0 16 9 17 11 16 16 18 12 19 18 11 12 11 6 13 7 4 3 8 20 0 8
split_gain=13.6602 13.157 15.3263 45.8188 28.6543 28.0603 36.7065 26.1643 26.0288 26.8899 20.3063 17.8968 16.0418 16.7154 26.9613 30.9088 15.2799 17.2192 17.0477 31.5121 23.8298 20.3763 18.467 16.6506 14.4157 14.1889 14.0353 13.7695 13.6663 35.521
threshold=633.50000000000011 0.44590643274853808 28.534000000000002 19.836000000000002 1.5000000000000002 3982.5000000000005 14.996500000000003 28.995000000000001 0.026642046500569689 1182.5000000000002 751.50000000000011 3613.5000000000005 0.024147864910322833 0.023714136694258859 14179.500000000002 23034.500000000004 0.025331557933465008 82.500000000000014 166.50000000000003 9191.5000000000018 146.50000000000003 13.500000000000002 0.014251145209716093 1759.5000000000002 39.500000000000007 8.5000000000000018 10.500000000000002 8.5000000000000018 115.02000000000002 64.500000000000014
decision_type=2 2 2 2 2 2 2 2 2 2 2 2 2 2 2 2 2 2 2 2 2 2 2 2 2 2 2 2 2 2
left_child=1 2 3 4 -1 6 11 10 -8 -10 -4 -6 13 -5 -15 -16 18 26 19 20 22 -20 -9 28 -3 -14 -18 -24 -23 -30
right_child=-2 24 7 12 5 -7 8 16 9 -11 -12 -13 25 14 15 -17 17 -19 21 -21 -22 23 27 -25 -26 -27 -28 -29 29 -31
leaf_value=-0.012289111890496389 -0.031118532582068523 0.016327894262471828 -0.019975192213791283 -0.0094406513002423184 -0.0021293237721870298 0.00023444222601940492 -0.0093520013516207642 0.035171730368199192 0.062636111128576186 -0.0050115948235941316 0.065788576755153108 0.043309629560555341 -0.0057202224153316437 -0.0037276304542753925 0.095360303642459371 -0.022199438165883777 0.034583625878456453 0.0022359668252037489 0.035930743039918944 -0.034136614605044246 0.056494603798861426 -0.0033774829718744397 -0.0037955332772411569 -0.031273830643846749 -0.020316269394131909 -0.021874817130383823 -0.0064852596138955006 -0.029549442423826195 0.0049293363271771433 -0.010951376952224277
leaf_weight=222.83639969327487 29.991055362625048 205.9104673601687 6.7407678042072829 161.33079512207769 143.49773901863955 450.96907573728822 19.765184622723609 20.554188194451854 80.403880994068459 16.888633790891618 21.205825446872041 20.442312312778085 205.0363211883232 41.014330406440422 13.250050334259869 5.7467333101667455 68.353327612159774 4335.0753068528138 33.292970696464181 102.92083248030394 11.020147875882683 2068.257781250868 258.89713020692579 39.089195750420913 26.423044055700302 426.15225406130776 27.085151739418507 60.553154774475843 2003.2628775076009 422.11368873994797
leaf_count=4264 1558 1352 316 8165 2561 8777 872 2257 1033 241 257 202 2831 2295 195 120 1300 103698 834 10151 724 144111 16199 1520 166 14741 187 2787 70815 8849
internal_value=7.48328e-05 0.000169522 -7.54516e-05 -0.00428846 0.00323062 0.00800669 0.0202581 0.000729716 0.0410303 0.0512224 0.0452101 0.00465075 -0.0126793 -0.0010605 0.0204616 0.0625817 0.000574343 0.00271288 -0.0013139 -0.0105 -0.00318757 -0.000390157 -0.00591269 -0.000696233 0.0118202 -0.0167133 0.0231858 -0.00905744 -0.000395781 0.00214861
internal_weight=11548.1 11518.1 11285.8 1807.33 954.803 731.967 280.998 9478.42 117.058 97.2925 27.9466 163.94 852.53 221.342 60.0111 18.9968 9450.48 4430.51 5019.96 453.945 351.025 4566.02 340.004 4532.72 232.334 631.189 95.4385 319.45 4493.63 2425.38
internal_count=413378 411820 410302 46297 17950 13686 4909 364005 2146 1274 573 2763 28347 10775 2610 315 363432 105185 258247 32118 21967 226129 21243 225295 1518 17572 1487 18986 223775 79664
is_linear=0
shrinkage=0.05


Tree=93
num_leaves=31
num_cat=0
split_feature=0 0 15 15 21 4 1 15 8 16 19 12 16 3 0 15 16 3 11 9 8 15 4 0 17 0 0 15 7 3
split_gain=12.9148 32.9312 14.7997 14.3205 14.9888 13.1287 13.0389 14.5534 34.8107 21.9058 18.7214 15.9049 13.0701 15.5114 15.1276 12.9528 19.0405 15.8714 14.3097 22.7627 22.0916 16.0022 38.2508 19.436 15.7313 15.6619 54.009 33.6187 25.1755 17.2447
threshold=994.47500000000014 849.50000000000011 223766.00000000003 318865.00000000006 2100.5000000000005 11.500000000000002 1.0000000180025095e-35 222117.50000000003 40.500000000000007 0.025376996463206385 0.022244423295012365 223347.00000000003 0.44590643274853808 1.0000000180025095e-35 102.01250000000002 1.0000000180025095e-35 0.011164296169892996 1.0000000180025095e-35 3078.5000000000005 5090.5000000000009 178.50000000000003 168909.00000000003 21.500000000000004 72.000500000000017 427.50000000000006 444.97500000000008 496.06500000000005 210789.00000000003 175.50000000000003 183.50000000000003
decision_type=2 2 2 2 2 2 2 2 2 2 2 2 2 2 2 2 2 2 2 2 2 2 2 2 2 2 2 2 2 2
left_child=1 6 -3 4 -2 -4 12 -8 9 10 -9 -10 15 14 -14 -1 17 -17 19 21 -21 -18 24 -24 -23 28 27 -27 -20 -29
right_child=3 2 5 -5 -6 -7 7 8 11 -11 -12 -13 13 -15 -16 16 18 -19 25 20 -22 22 23 -25 -26 26 -28 29 -30 -31
leaf_value=0.022584364993656264 -0.024845912950444485 0.0064992308753739989 0.056229775124161135 0.057233694452360845 0.0157594859232227 -0.0097328660737285386 0.0037267254998971776 0.12516979872445341 0.026928933243422121 -0.002700057136779612 0.032446167992961177 -0.023139805938098952 -0.0060068741506068063 0.028003010447082102 0.037752259426643342 -0.0019340863468783052 0.00071145171468678121 -0.020384592654962237 -0.02834194297519373 0.090408121592894283 0.002126311048794037 0.0167841458890008 0.067752570738682003 -0.022753153130226217 -0.027772814431233129 -0.015761609959360025 -0.0072744757425408915 0.074402285041114735 -0.0026478519730089708 0.014186130614076926
leaf_weight=54.842467694077641 116.38553630979732 43.487137029413134 42.351175823248923 1.9032954876311112 24.337664885446429 7.3810026003047815 422.7479281690903 9.4991122514475155 23.62015174003318 10.124789436347781 16.771397957345471 30.586342797148973 118.48137262091041 82.643483635038137 18.514378651976585 250.60202417313121 5765.4833915587515 214.82055054162629 92.857311472296715 9.0870173466391879 14.75830976385623 39.873950866051018 34.762777552939951 4.4771386501379302 30.538565019611269 17.586160743609071 158.37570307217538 43.104738160036504 3821.2839916395023 19.478623192757368
leaf_count=1521 4429 1079 443 48 719 131 9910 393 392 304 507 1128 592 741 86 8457 211936 15263 3167 328 256 669 355 50 521 417 4139 693 144243 461
internal_value=7.27083e-05 0.000262906 0.0290897 -0.0146213 -0.0175236 0.0464451 1.24481e-05 0.00775878 0.0253935 0.0599201 0.0806271 -0.000890965 -0.000359463 0.0115753 0.00102809 -0.000612771 -0.000744409 -0.0105763 -0.000284133 0.00129837 0.0456085 0.0010799 0.0195771 0.0560217 -0.00310075 -0.00253098 0.00978008 0.0419207 -0.00329279 0.0580965
internal_weight=11540.8 11398.1 93.2193 142.626 140.723 49.7322 11304.9 513.35 90.6018 36.3953 26.2705 54.2065 10791.6 219.639 136.996 10571.9 10517.1 465.423 10051.7 5898.98 23.8453 5875.14 109.652 39.2399 70.4125 4152.69 238.545 80.1695 3914.14 62.5834
internal_count=413378 408182 1653 5196 5148 574 406529 12634 2724 1204 900 1520 393895 1419 678 392476 390955 23720 367235 214115 584 213531 1595 405 1190 153120 5710 1571 147410 1154
is_linear=0
shrinkage=0.05


Tree=94
num_leaves=31
num_cat=0
split_feature=3 10 13 5 19 5 8 2 3 0 13 19 20 2 6 12 20 8 0 0 0 8 19 0 0 9 1 21 4 0
split_gain=12.763 12.3434 24.027 20.3484 13.3315 12.4674 17.596 23.6648 17.7243 16.9766 16.266 15.1862 13.4249 20.7422 23.6496 20.0382 25.6876 19.2402 18.5962 18.2733 18.0578 18.0549 16.206 16.0261 24.2117 15.7141 16.1094 15.181 15.1681 16.4813
threshold=633.50000000000011 0.60303030303030314 0.020062743286110834 32.500000000000007 0.022131729169664126 1.0000000180025095e-35 1.0000000180025095e-35 1.0000000180025095e-35 204.50000000000003 58.955000000000005 0.033937805680449108 0.0088280535969147388 130.50000000000003 1.0000000180025095e-35 22.500000000000004 19382.500000000004 8.5000000000000018 154.50000000000003 43.954000000000008 19.836000000000002 5.0070000000000006 60.500000000000007 0.13727511051711735 26.955000000000002 47.936500000000009 6777.5000000000009 1.0000000180025095e-35 386.50000000000006 24.500000000000004 17.511000000000003
decision_type=2 2 2 2 2 2 2 2 2 2 2 2 2 2 2 2 2 2 2 2 2 2 2 2 2 2 2 2 2 2
left_child=1 5 -3 -4 -5 -1 7 9 -9 -7 -11 -8 13 14 18 16 20 -14 -13 28 -15 22 -21 -22 -25 26 -17 -23 -18 -30
right_child=-2 2 3 4 -6 6 11 8 -10 10 -12 12 17 15 -16 25 19 -19 -20 21 23 27 -24 24 -26 -27 -28 -29 29 -31
leaf_value=0.011823000207831627 -0.030470847333119257 0.027820771848200906 0.0064678431850967695 0.012945150206906189 -0.066547258099563009 -0.012896933114910469 -0.012715405144232134 -0.029698185628227704 0.0092592902124825471 -0.0021066433593462681 0.018109703382404398 0.0024114099162998756 -0.012734751412473608 0.081089293529039388 -0.0021887886902696337 0.0052056086639025428 0.033554298384146683 -5.867485553776034e-05 0.026589672965429495 -0.016919473590957863 -0.016579630378743337 0.053350154848212941 0.020843450445026373 0.041601958784175434 0.004597554322630119 -0.025448015200783172 0.018063580646711732 -0.00021465322651072454 -0.018468036914123732 0.036540496860971598
leaf_weight=211.80663168802857 29.089630206348374 107.78915731422603 72.339202284812927 5.3560942560434368 13.776543229818342 298.62634030357003 210.56007811706513 147.24886663607322 33.621081208111718 606.29689487651922 113.86601971276104 211.6456498708576 416.02419670578092 3.5366393383592358 3746.1878147800453 2851.3867471157573 39.721762389410287 1035.9908794322982 123.4965236580465 467.6985700095538 54.691840792540461 11.809959620237349 26.082399718463421 50.609834390226752 223.49355572205968 34.602977914735675 262.74997254647315 61.882624763995409 47.477944484446198 13.444051271304486
leaf_count=12221 1558 490 344 26 57 46419 12143 22109 5980 64105 2317 2622 6964 62 97429 82829 627 18765 1335 13296 1715 79 154 1479 7963 2923 5118 1072 977 200
internal_value=7.79666e-05 0.00016842 0.01235 -0.00637749 -0.0462223 -5.16662e-05 -0.000283627 -0.00598918 -0.0224023 -0.00298011 0.00119262 0.000410916 0.000702782 0.00148515 -0.0010453 0.00397247 -0.00218364 -0.0037218 0.0115808 -0.0078175 0.00909061 -0.0112974 -0.0147358 0.00711311 0.0120528 0.00592881 0.0063177 0.011214 0.01141 -0.00447817
internal_weight=11532.9 11503.8 199.261 91.4718 19.1326 11304.6 11092.8 1199.66 180.87 1018.79 720.163 9893.09 9682.53 8230.52 4081.33 4149.19 1000.45 1452.02 335.142 668.117 332.332 567.474 493.781 328.795 274.103 3148.74 3114.14 73.6926 100.644 60.922
internal_count=413378 411820 917 427 83 410903 398682 140930 28089 112841 66422 257752 245609 219880 101386 118494 27624 25729 3957 16405 11219 14601 13450 11157 9442 90870 87947 1151 1804 1177
is_linear=0
shrinkage=0.05


Tree=95
num_leaves=31
num_cat=0
split_feature=3 0 0 13 6 0 0 19 0 0 8 20 13 15 0 9 6 15 12 5 7 13 3 17 15 4 19 21 0 7
split_gain=12.0851 12.5822 34.2523 24.3597 19.7996 17.1625 25.0714 15.8144 16.1023 20.4547 21.4001 26.1404 17.0101 26.1656 16.8868 15.1668 14.5275 23.1129 43.5026 18.2851 41.5901 18.2428 17.5156 16.4557 19.7801 19.6454 14.0818 14.4149 14.0731 13.8541
threshold=389.50000000000006 224.09500000000003 207.97500000000002 0.012649078527543491 4.5000000000000009 994.47500000000014 944.08500000000015 0.0088280535969147388 137.97300000000004 141.00500000000002 100.50000000000001 24.500000000000004 0.084340045395691801 59.500000000000007 150.04000000000005 933.50000000000011 2726.5000000000005 63759.500000000007 39799.500000000007 58.500000000000007 845.50000000000011 0.018732518092009497 209.50000000000003 20.500000000000004 34063.500000000007 24.500000000000004 0.074653404386318775 2342.5000000000005 159.95500000000001 1603.5000000000002
decision_type=2 2 2 2 2 2 2 2 2 2 2 2 2 2 2 2 2 2 2 2 2 2 2 2 2 2 2 2 2 2
left_child=1 2 3 -1 -3 6 16 -5 -9 10 11 -10 13 -11 -14 -8 -6 21 -19 20 -20 -18 -21 -23 25 -25 27 -15 -28 -22
right_child=-2 4 -4 7 5 -7 15 8 9 12 -12 -13 14 26 -16 -17 17 18 19 22 29 23 -24 24 -26 -27 28 -29 -30 -31
leaf_value=-0.023973698807601099 -0.01760037035521304 0.054860868009972003 -0.022862659645125783 -0.012198448601283655 0.012316483864190089 -0.01343445812411713 0.055136360414460517 -0.00034834308386562683 0.013856008591022954 0.046594784159299137 -0.026934508999106932 0.079100153419013913 0.019073415339655286 0.0057609067795458008 -0.024942474832839491 -0.0072921272427307286 -0.037550517329515976 0.069310476109561828 0.033609776072896023 0.0029960541012985821 -0.023317128572082863 0.016704251546357268 -0.015751216758088393 -0.0081223014225444597 -0.032915004597826508 0.046161714952490593 -0.010632402527741785 -0.012139741397400861 0.050175827835208159 0.029001229717412466
leaf_weight=101.02870833594352 90.891102376161143 13.795511228032408 163.98706898093224 247.8490903666243 374.16852899547666 138.35924594337121 32.778561482205987 7687.4184249893297 40.754691068548709 33.640564607456326 10.253698470070956 22.587839269079268 24.934698975645006 786.77438155375421 82.39668432995677 11.662709852680562 48.463768050540239 20.320241338573396 125.15585500560701 844.49433452961966 58.521293119061738 59.988433132413775 141.00713657215238 106.08931160205975 68.230380028020591 14.609011639840899 11.490556862670926 126.30328171513975 26.319772507064044 11.289435023441909
leaf_count=9548 4399 138 7560 23885 7209 5111 451 282969 1606 421 161 387 207 22792 759 166 1810 186 4872 22124 2741 2125 4494 1514 2098 274 143 2624 281 323
internal_value=7.60183e-05 0.000224154 -0.00055588 -0.000146144 0.00374807 0.00327265 0.00451044 0.000131389 0.000483271 0.0059467 0.0306036 0.0412068 0.00415279 0.00622919 -0.0143231 0.0396726 0.0035724 0.00135486 0.00445027 0.00304616 0.0168318 -0.011011 0.000247694 -0.00520607 -0.0124143 2.29496e-05 0.00456488 0.00323213 0.0326127 -0.0134836
internal_weight=11525.6 11434.7 9365.74 9201.75 2068.93 2055.14 1916.78 9100.72 8852.87 1165.46 73.5962 63.3425 1091.86 984.529 107.331 44.4413 1872.34 1498.17 1200.79 1180.47 194.967 297.381 985.501 248.917 188.929 120.698 950.888 913.078 37.8103 69.8107
internal_count=413378 408979 353343 345783 55636 55498 50387 336235 312350 29381 2154 1993 27227 26261 966 617 49770 42561 34740 34554 7936 7821 26618 6011 3886 1788 25840 25416 424 3064
is_linear=0
shrinkage=0.05


Tree=96
num_leaves=31
num_cat=0
split_feature=4 0 7 14 8 0 0 0 0 0 0 16 6 13 18 12 0 0 7 0 12 22 18 6 19 17 18 0 7 0
split_gain=11.5347 22.0714 20.977 20.0874 19.5385 19.3282 27.0788 16.9417 21.3797 33.0704 26.2218 25.8598 22.2391 22.7801 17.1974 17.0089 16.1948 15.8358 15.4073 14.9152 25.3077 17.0415 16.3947 24.8006 22.0804 18.6203 17.0597 16.0305 15.7368 14.8865
threshold=4.5000000000000009 5.0070000000000006 1200.5000000000002 1967.5000000000002 145.50000000000003 58.955000000000005 57.008500000000005 7.8630000000000013 19.167000000000005 28.534000000000002 28.995000000000001 0.024463402640836813 13.500000000000002 0.10619811914209047 82.500000000000014 47948.500000000007 8.6045000000000016 18.389000000000003 573.50000000000011 14.996500000000003 21836.500000000004 0.037039836934000835 39439.500000000007 8557.5000000000018 0.10732147039236677 3104.5000000000005 23049.500000000004 13.000500000000001 1509.5000000000002 14.383000000000001
decision_type=2 2 2 2 2 2 2 2 2 2 2 2 2 2 2 2 2 2 2 2 2 2 2 2 2 2 2 2 2 2
left_child=1 -1 4 17 5 6 -3 -2 11 12 -11 18 13 -10 -12 16 -13 -4 -9 22 21 -21 23 25 -25 26 29 28 -28 -18
right_child=7 2 3 -5 -6 -7 -8 8 9 10 14 15 -14 -15 -16 -17 19 -19 -20 20 -22 -23 -24 24 -26 -27 27 -29 -30 -31
leaf_value=0.065097615848113341 -0.018175984798133298 -0.0014552354834359844 -0.014340117300645687 0.0048690549954204772 -0.013534238231519667 0.0045240084891916667 -0.032220791935249515 0.018814196503090661 0.0229558141695979 0.045251355458209408 0.038683780750913332 0.048435688385486758 -0.014761009038850526 -0.019724831964666768 -0.00070112316717065135 -0.017242397872759035 -0.017073542030656648 0.042038118326507473 -0.016059921232921125 -0.0015944442062481743 0.010298819161437225 0.060036494584074063 0.029754695925873445 0.086295946980416288 -0.013214650840416462 -0.024589388863306971 0.072820041067874236 -0.0089066547622289449 0.0051103718946289688 0.040002998444670763
leaf_weight=9.007586988154797 135.71434529288672 750.82791987713426 12.104475419037042 155.87363565783016 207.637410659343 2260.8729012086987 74.121198605746031 35.684655960882083 82.219317778246477 26.437141528818756 22.840851348359138 29.956006441731006 664.1862921633292 44.128980618901551 6262.3778021398466 39.599435889860615 71.085436267312616 78.621620527468622 144.5412982085254 13.751544837374238 143.76395006245002 50.293823567219079 48.640526086091995 9.4105680305510777 7.1911259670741847 78.442540679592639 17.06342863664031 18.759452844504267 15.368128131609408 8.6020611170679313
leaf_count=139 2254 46504 169 5857 4573 83102 7732 1180 1516 451 1345 360 18535 657 227289 1103 999 1006 3841 548 1583 362 516 101 96 903 169 198 194 96
internal_value=7.57185e-05 0.00244477 0.00219376 0.0161102 0.00112892 0.00213586 -0.00439696 -0.00098009 -0.000670803 -0.00151106 -0.000299944 0.00743498 -0.011118 0.00786557 -0.000527361 0.0127788 0.0152435 0.0341601 -0.00883339 0.0127065 0.022658 0.0476462 0.00490385 -0.000974882 0.0501105 -0.0061011 0.005477 0.0266792 0.0457034 -0.00891424
internal_weight=11519.1 3549.07 3540.06 246.6 3293.46 3085.82 824.949 7970.06 7834.34 7102.19 6311.66 732.154 790.535 126.348 6285.22 551.928 512.329 90.7261 180.226 482.373 207.809 64.0454 274.563 225.923 16.6017 209.321 130.879 51.191 32.4316 79.6875
internal_count=413378 149082 148943 7032 141911 137338 54236 264296 262042 249793 229085 12249 20708 2173 228634 7228 6125 1175 5021 5765 2493 910 3272 2756 197 2559 1656 561 363 1095
is_linear=0
shrinkage=0.05


Tree=97
num_leaves=31
num_cat=0
split_feature=3 16 6 6 4 14 21 0 3 14 12 14 2 21 20 16 2 2 19 20 17 18 12 6 9 0 0 6 3 9
split_gain=11.5608 11.8298 18.0986 12.4538 17.4583 17.5829 14.7098 12.2665 12.1707 21.9909 18.3075 14.9712 12.6853 11.9288 16.7498 22.2624 19.304 16.8878 17.8506 19.1892 19.7663 21.521 20.3433 20.1485 21.05 18.0957 25.025 17.8783 19.3893 19.0309
threshold=633.50000000000011 0.015714668292029749 1.0000000180025095e-35 10.500000000000002 22.500000000000004 19.500000000000004 219.50000000000003 5.0070000000000006 1.0000000180025095e-35 16.500000000000004 19382.500000000004 61.500000000000007 1.0000000180025095e-35 1.5000000000000002 1.0000000180025095e-35 0.021167595630899504 1.0000000180025095e-35 1.0000000180025095e-35 0.0052227845360569907 16.500000000000004 31.500000000000004 3582.5000000000005 117746.50000000001 9352.5000000000018 2608.5000000000005 19.836000000000002 28.534000000000002 6682.5000000000009 4.5000000000000009 1037.5000000000002
decision_type=2 2 2 2 2 2 2 2 2 2 2 2 2 2 2 2 2 2 2 2 2 2 2 2 2 2 2 2 2 2
left_child=1 2 -1 4 -3 6 -6 -4 11 10 -10 -5 -12 -11 15 -15 -17 -16 -19 27 22 23 -21 -22 -25 -23 -27 28 -20 -29
right_child=-2 3 7 8 5 -7 -8 -9 9 13 12 -13 -14 14 17 16 -18 18 19 20 21 25 -24 24 -26 26 -28 29 -30 -31
leaf_value=0.019338187497942815 -0.029539718370775382 0.020890726455961229 0.044022504583623175 -0.012461902059280714 0.013125037012333097 0.045096906351762944 -0.020537151551413908 -0.0099633174833582156 -0.0048958744351080569 0.010241333924027698 0.046295269787497949 0.010766003057450563 0.014943625003334716 0.029812320837876105 -0.0017750038315879303 -0.0047186546416387483 -0.024533047200857614 -0.026888876800171914 0.032606565657064698 -0.022829902350624445 0.010038276063178796 0.012155564881450576 0.018414844302769105 0.10691146101228677 -0.019610340128958917 -0.017216955857272013 0.00033192313873055485 0.01867094453791817 0.0018377337749304172 -0.011908625813629481
leaf_weight=57.316250580362976 27.852750421967357 170.14885364938527 5.8594018165022126 346.96172069013119 46.708074001595378 12.251214291900395 84.409823478199542 580.27962452732027 73.525020729051903 284.89632716472261 44.752441463060677 82.297182645648718 116.47130886465311 35.970137932337821 3934.5609018772375 769.36817035451531 142.24057974666357 45.601743447594345 49.417611905373633 147.95596523815766 422.89969699038193 272.27344582043588 33.158517343457788 5.5425633303821069 2.8289933814667165 219.72966489056125 2113.7687528461684 450.17871349002235 881.60053317062557 53.861149699194357
leaf_count=1547 1558 1190 200 4074 329 104 633 28022 1653 18050 278 1023 847 3809 99877 96212 22627 2991 580 4789 8641 3622 1275 97 72 4327 53453 16160 30535 4803
internal_value=7.85512e-05 0.000163189 -0.00639703 0.000555247 0.0102958 -0.00255832 -0.00850404 -0.00905585 0.00026048 0.00061257 0.015575 -0.00793598 0.024777 0.000248845 -5.3475e-05 -0.00634574 -0.0079273 0.000640423 0.00266272 0.00298088 0.000832787 0.00179928 -0.0149869 0.0120773 0.0728106 7.83381e-05 -0.00135381 0.00777841 0.00363637 0.0153184
internal_weight=11514.7 11486.8 643.455 10843.4 313.518 143.369 131.118 586.139 10529.9 10100.6 234.749 429.259 161.224 9865.85 9580.96 947.579 911.609 8633.38 4698.82 4653.22 3218.16 3037.04 181.114 431.271 8.37156 2605.77 2333.5 1435.06 931.018 504.04
internal_count=413378 411820 29769 382051 2256 1066 962 28222 379795 374698 2778 5097 1125 371920 353870 122648 118839 231222 131345 128354 76276 70212 6064 8810 169 61402 57780 52078 31115 20963
is_linear=0
shrinkage=0.05


Tree=98
num_leaves=31
num_cat=0
split_feature=10 7 16 13 4 3 17 7 8 0 22 7 15 12 4 13 5 5 12 16 21 0 11 3 14 5 0 12 4 14
split_gain=11.0085 16.6858 14.8879 14.6024 13.6404 16.3722 13.1554 16.5747 31.7777 47.4819 26.6795 29.5287 26.3636 25.5071 52.303 27.3473 24.6675 23.8944 30.0637 36.008 53.6025 24.6019 22.9325 22.0856 21.1468 21.2471 20.7251 20.4627 30.0892 26.3661
threshold=0.21516465782439864 30.500000000000004 0.076018452663189517 0.10619811914209047 57.500000000000007 370.50000000000006 24.500000000000004 521.50000000000011 31.500000000000004 29.001000000000001 0.035500792830618501 246.50000000000003 88010.000000000015 23034.500000000004 3.5000000000000004 0.05228211218710032 2479.5000000000005 486.50000000000006 112845.50000000001 0.024911174204087502 204.50000000000003 418.87000000000006 150.50000000000003 27.500000000000004 7976.5000000000009 2662.5000000000005 444.97500000000008 15702.500000000002 13.500000000000002 3146.5000000000005
decision_type=2 2 2 2 2 2 2 2 2 2 2 2 2 2 2 2 2 2 2 2 2 2 2 2 2 2 2 2 2 2
left_child=1 3 -2 -1 5 6 -3 8 17 12 11 -11 -10 14 15 22 -14 18 23 20 -20 -22 -9 -8 -13 -26 -21 28 -16 -29
right_child=2 4 -4 -5 -6 -7 7 13 9 10 -12 24 16 -15 27 -17 -18 -19 19 26 21 -23 -24 -25 25 -27 -28 29 -30 -31
leaf_value=0.026269762633480045 0.0025829519272662031 -0.0057509793173115536 0.020422602998807802 -0.011224454559566686 -0.020283632774160121 -0.022070409424484436 0.0090531623838254784 -0.0035332332294295207 0.015817636768114551 -0.026642136483960233 0.0023681100707222107 0.029557099652831445 0.15652791592372758 -0.0023094510550728678 0.012784916964924342 0.0024276414328413282 0.021906348357422046 -0.01213325919559472 0.012628075508668308 -0.0036990797437865307 0.094168491534366988 -0.015104604614650985 0.063672153698609665 -0.009831885769649492 0.13493578779800489 -0.014569690846977873 0.038129994761500634 0.0062654817681800385 -0.011971369098864482 0.075026852676377057
leaf_weight=97.55140448641032 1262.4700471283868 1010.6884799872059 124.18137639574707 31.578434231691062 83.398909478913993 82.636202121153474 258.99612513487227 14.840534064685924 14.47655737726018 17.028293998446316 280.73803466395475 111.16501024854369 7.1741964854300004 5677.7289143530652 168.28186173574068 42.32400725223124 7.3516164035536349 280.31563662248664 82.06213435321115 171.50666528730653 35.34177503734827 4.4554036585614076 65.952246231026947 369.67476836498827 4.8901099683716884 1.9517328557558355 30.629443224985152 740.40142055577599 418.00607409793884 9.2699314588680846
leaf_count=4548 7640 70391 733 723 2264 4468 6981 537 210 359 3295 3178 134 219541 5421 731 358 12121 5884 10801 1552 110 1319 20012 105 78 734 14661 14360 129
internal_value=7.8549e-05 -0.000494574 0.00424821 0.017024 -0.000729391 -0.000554647 -0.000362553 0.000258201 0.00472224 0.0160986 0.0113042 0.0291346 0.0730612 -0.000793799 0.00509183 0.0356118 0.111451 0.000569961 0.00435163 0.0165995 0.0374867 0.0816146 0.051841 -0.00204169 0.0379389 0.104143 0.00340664 0.00215693 -0.00481756 0.00760719
internal_weight=11507.1 10120.4 1386.65 129.13 9991.29 9907.89 9825.25 8814.56 1677.76 444.776 415.773 135.035 29.0024 7136.8 1459.08 123.117 14.5258 1232.98 952.666 323.995 121.859 39.7972 80.7928 628.671 118.007 6.84184 202.136 1335.96 586.288 749.671
internal_count=413378 405005 8373 5271 399734 397470 393002 322611 65912 7717 7015 3720 702 256699 37158 2587 492 58195 46074 19081 7546 1662 1856 26993 3361 183 11535 34571 19781 14790
is_linear=0
shrinkage=0.05


Tree=99
num_leaves=31
num_cat=0
split_feature=0 0 6 22 22 21 11 19 17 21 1 6 8 16 19 12 6 16 12 9 14 0 8 7 11 9 8 14 14 0
split_gain=10.8694 27.0624 14.0713 15.3285 13.3122 27.8693 15.1161 12.0112 11.9821 10.9779 10.9032 13.6212 29.3129 19.0863 15.7075 14.397 12.7372 23.8789 18.8707 20.6778 15.9936 26.2661 17.6231 14.0528 12.0979 21.973 17.9051 14.61 34.1968 14.3944
threshold=994.47500000000014 849.50000000000011 9037.5000000000018 0.052404672217816556 0.047627978423177224 188.50000000000003 3041.5000000000005 0.028615406940209764 188.50000000000003 2100.5000000000005 1.0000000180025095e-35 8342.5000000000018 40.500000000000007 0.025376996463206385 0.022244423295012365 223347.00000000003 10.500000000000002 0.011164296169892996 14105.500000000002 35.500000000000007 9.5000000000000018 24.515500000000003 143.50000000000003 1687.5000000000002 3078.5000000000005 5090.5000000000009 178.50000000000003 4194.5000000000009 4325.0000000000009 72.000500000000017
decision_type=2 2 2 2 2 2 2 2 2 2 2 2 2 2 2 2 2 2 2 2 2 2 2 2 2 2 2 2 2 2
left_child=1 10 9 7 5 -3 -6 8 -4 -2 16 -12 13 14 -13 -14 18 -18 19 -1 21 -20 -23 -22 25 27 -27 -19 29 -29
right_child=2 4 3 -5 6 -7 -8 -9 -10 -11 11 12 15 -15 -16 -17 17 24 20 -21 23 22 -24 -25 -26 26 -28 28 -30 -31
leaf_value=0.016412838435590122 -0.026959520035330489 0.054400438689605327 0.098487333037927408 -0.031297796886705823 -0.011339281373680635 -0.017020228974838722 0.057739337668820348 -0.018134251084553344 0.0083634430241875668 0.012591857332169441 0.0031923393274199173 0.11261891725000737 0.025493325562316982 -0.0032455370008275656 0.029798035332141995 -0.022284644550341307 -0.015096406801597753 0.00059071969351403176 -0.01047377682748364 -0.018554877910491277 0.05210992439726217 0.02587178527057149 -0.010777109735816788 -0.024963894743949319 -0.0023821119005606895 0.083166951547317652 0.004156130862567403 0.077283646882313872 0.0021989730792597193 -0.019603776999010059
leaf_weight=61.115785397822037 98.176603111438453 15.666659892071037 4.6694860244169885 6.3896174449473611 8.0329436697065812 35.742507703602314 35.345112413167953 3.984256158117204 7.6225984450429678 18.049865088425577 423.02015096182004 10.467355338390918 23.951673490926623 10.243816921720279 17.310916044283658 29.626464103348553 275.49089992791414 5708.2548618342262 105.53645163588226 113.44009209913202 34.516895327717066 178.80535286967643 36.994724475778639 3.9017736651003352 4102.9564705654047 9.7571066906675714 15.03391905967146 21.431110899895433 80.86816116515547 2.4239387772977343
leaf_count=1559 3959 652 159 100 58 732 211 117 320 541 9914 391 392 304 505 1128 17166 211569 1984 2739 271 3042 570 25 152860 328 257 187 1313 25
internal_value=8.43892e-05 0.000257252 -0.0135716 0.0194643 0.0261812 0.00763756 0.0450972 0.042064 0.0611777 -0.0205512 2.76046e-05 0.0071015 0.0240548 0.0547919 0.0734248 -0.000572978 -0.000314162 -0.000709166 0.00717501 -0.00619581 0.0136586 0.00963746 0.0194873 0.042309 -0.000303058 0.00115895 0.043992 0.000938627 0.0190113 0.0657478
internal_weight=11498.8 11359.9 138.892 22.666 94.7872 51.4092 43.3781 16.2763 12.2921 116.226 11265.1 514.62 91.6002 38.0221 27.7783 53.5781 10750.5 10216.2 534.311 174.556 359.755 321.337 215.8 38.4187 9940.73 5837.77 24.791 5812.98 104.723 23.855
internal_count=413378 408182 5196 696 1653 1384 269 596 479 4500 406529 12634 2720 1200 896 1520 393895 383705 10190 4298 5892 5596 3612 296 366539 213679 585 213094 1525 212
is_linear=0
shrinkage=0.05


Tree=100
num_leaves=31
num_cat=0
split_feature=3 0 0 13 6 0 0 8 7 17 10 6 10 9 7 8 0 0 11 13 13 13 11 13 16 0 17 20 11 0
split_gain=10.343 10.5486 32.5378 22.5769 17.5607 14.7326 20.0443 13.5183 16.0158 16.604 13.608 12.9997 14.3302 12.9074 12.5508 15.3385 12.0834 19.8641 19.9428 18.2961 14.9433 23.1841 15.2488 33.9866 28.2469 22.7718 19.2051 19.0353 20.3193 15.1747
threshold=633.50000000000011 224.09500000000003 207.97500000000002 0.013676985844315459 4.5000000000000009 994.47500000000014 944.08500000000015 64.500000000000014 284.50000000000006 133.50000000000003 0.60303030303030314 9037.5000000000018 0.052523167375508072 933.50000000000011 1653.5000000000002 269.50000000000006 137.97300000000004 141.00500000000002 3391.5000000000005 0.093260626722890275 0.084340045395691801 0.035339996387195614 806.50000000000011 0.027873496369671177 0.038353602615927525 160.52500000000003 228.50000000000003 16.500000000000004 3942.5000000000005 151.05700000000004
decision_type=2 2 2 2 2 2 2 2 2 2 2 2 2 2 2 2 2 2 2 2 2 2 2 2 2 2 2 2 2 2
left_child=1 2 3 -1 -3 6 7 10 -9 -10 -6 -7 -13 -8 15 -11 -5 18 19 -18 21 22 23 24 -19 -24 -27 28 -28 -22
right_child=-2 4 -4 16 5 11 13 8 9 14 -12 12 -14 -15 -16 -17 17 20 -20 -21 29 -23 25 -25 -26 26 27 -29 -30 -31
leaf_value=-0.021666684897480807 -0.028497009172518441 0.05124113250221516 -0.022422359335103177 -0.00058302887078328508 0.0043906838160256388 -0.019597190483396323 0.049133542629691884 0.025544722786879182 -0.026450273959837525 -0.0012608879446062832 0.03309778509732042 0.040154360948349344 -0.030861119692850804 -0.0077317399407283681 -0.032989857756184446 0.048820685285606964 0.056463891927914116 0.012197228072707815 -0.0039929202655422753 -0.026590877066149283 0.015339117508688061 0.028944875204279165 -0.015828209839324779 0.040274510784249172 -0.018118401068693241 0.014730068692148882 -0.014922229637731051 -0.028364373939814003 0.04224972920075639 -0.024944782603678901
leaf_weight=115.34050254919566 26.557896124664694 14.011963397264479 161.97409738553688 7891.4250329136848 1512.4760519908741 113.02723929379135 33.829954518936574 31.718269850127399 93.096225189045072 176.00276419706643 37.608339130878448 16.699311103671793 6.2308154273778191 11.778610963374375 22.627531304955482 11.720723234117029 43.63676900183782 248.60180986486375 29.383660403545946 4.6821393799036732 28.357918839901686 86.487402719445527 207.15225394908339 69.41463071340695 105.34237714903429 196.43101152125746 31.115726704709232 62.236983695067465 22.789350819308311 80.216128778643906
leaf_count=10844 1558 138 7635 305426 44090 4455 454 318 1542 3502 183 596 100 170 394 182 1289 7635 1007 39 248 869 7418 742 955 6777 1122 1693 1234 763
internal_value=8.83899e-05 0.000166997 -0.000547572 -0.00015145 0.00338331 0.00293597 0.00406594 0.00322336 -0.00582084 -0.00946031 0.00519136 -0.0126866 0.0187871 0.0351349 -0.00150143 0.00305149 0.000132773 0.00476202 0.0284329 0.046677 0.00302869 0.00490662 0.00256112 0.00955046 0.00304786 -0.00316902 0.00533774 -0.0104998 0.0107829 -0.0142111
internal_weight=11492 11465.4 9384.59 9222.61 2080.83 2066.82 1930.86 1885.25 335.166 303.447 1550.08 135.957 22.9301 45.6086 210.351 187.723 9107.27 1215.85 77.7026 48.3189 1138.15 1029.57 943.084 423.359 353.944 519.725 312.573 116.142 53.9051 108.574
internal_count=413378 411820 355696 348061 56124 55986 50835 50211 5938 5620 44273 5151 696 624 4078 3684 337217 31791 2335 1328 29456 28445 27576 9332 8590 18244 10826 4049 2356 1011
is_linear=0
shrinkage=0.05


Tree=101
num_leaves=31
num_cat=0
split_feature=16 3 17 18 11 13 18 6 13 12 12 9 6 0 4 3 7 0 4 7 12 3 0 0 5 18 11 10 13 8
split_gain=10.0263 16.2092 24.1277 21.6861 17.5542 15.3475 15.7696 13.2976 12.4278 13.0684 34.8862 27.9522 24.0701 34.8814 28.4988 25.9301 38.1373 22.6136 21.1012 22.3366 21.777 31.1174 21.3998 28.1563 20.9818 20.6243 19.3316 19.0257 28.0412 18.2662
threshold=0.015714668292029749 1.0000000180025095e-35 440.50000000000006 2740.5000000000005 26.500000000000004 0.033937805680449108 3321.5000000000005 13.500000000000002 0.010841599403546308 23858.500000000004 20191.500000000004 2972.5000000000005 2293.5000000000005 54.505000000000003 2.5000000000000004 10.500000000000002 441.50000000000006 100.02150000000002 24.500000000000004 532.50000000000011 48741.500000000007 239.50000000000003 444.97500000000008 445.03000000000003 667.50000000000011 18884.500000000004 614.50000000000011 0.053353285460167384 0.10681553079214344 269.50000000000006
decision_type=2 2 2 2 2 2 2 2 2 2 2 2 2 2 2 2 2 2 2 2 2 2 2 2 2 2 2 2 2 2
left_child=1 7 3 4 -3 6 -5 -1 -2 10 11 -10 13 -12 17 -16 -17 -14 19 27 21 -20 -21 -24 -23 -18 -19 29 -29 -11
right_child=8 2 -4 5 -6 -7 -8 -9 9 18 12 -13 14 -15 15 16 25 26 20 22 -22 24 23 -25 -26 -27 -28 28 -30 -31
leaf_value=0.0078920023243449055 -0.018611119630774831 0.016217457083510876 -0.038472406779234705 0.040854756334071846 -0.032055656677165416 0.037750337947784193 -0.0099372572737690037 -0.014073771726053078 -0.00057958953336938472 -0.00068904630230421401 -0.0031499387410791183 0.047606164851908384 0.050724560197901926 0.042442232138004382 -0.012502694380486123 -0.027491953908321261 0.032444917640658849 -0.01108469095053429 0.0069827334229541436 -0.0043312538542554461 -0.0078241355836548773 0.067939497919109498 0.041047435042561163 0.0024608142375434111 -0.003802054563023119 0.0039113264179850577 0.048429814901590242 0.013737664629239331 -0.033110240638325399 0.066719434698238975
leaf_weight=239.13819295889698 79.899846869520843 20.480864850338548 72.052990993252024 13.241130965296177 85.040134967071936 27.077275004703552 89.41740197269246 91.048724845051765 2092.1398987460416 1283.7234983989038 60.811420666519552 25.534981640987098 55.809678596677259 125.7331849001348 184.82956434367225 48.950904255965725 129.28878949536011 43.152686277404428 879.06839117477648 4453.3595640864223 231.57153480686247 30.827086024452001 49.218883559573442 375.45062115136534 13.532433877699075 122.79066319344565 14.141340769827364 516.09388031531125 29.334182797931135 5.1288676243275395
leaf_count=7430 5046 2136 2697 960 7049 948 5305 3244 62287 80312 961 392 1277 1032 1881 2197 2279 614 11323 185211 9437 303 1104 10473 177 1424 72 5357 342 108
internal_value=8.525e-05 -0.00598383 -0.0141512 -0.00605663 -0.0223764 0.0075549 -0.00179283 0.00171538 0.00044442 0.000594352 0.00345834 0.000112204 0.0124215 0.0278854 0.00741439 0.0020377 0.0110238 0.029447 -0.000464039 -0.00153915 0.00576367 0.00919493 -0.00330707 0.0073586 0.0478857 0.0188923 0.00631287 0.00315863 0.0109402 -0.000164005
internal_weight=11487.9 637.497 307.31 235.257 105.521 129.736 102.659 330.187 10850.4 10770.5 2903.18 2117.67 785.508 186.545 598.964 485.86 301.03 113.104 7867.31 6712.31 1155 923.428 4878.03 424.67 44.3595 252.079 57.294 1834.28 545.428 1288.85
internal_count=413378 29769 19095 16398 9185 7213 6265 10674 383609 378563 74416 62679 11737 1993 9744 7781 5900 1963 304147 282907 21240 11803 196788 11577 480 3703 686 86119 5699 80420
is_linear=0
shrinkage=0.05


Tree=102
num_leaves=31
num_cat=0
split_feature=0 13 11 17 9 0 8 13 9 19 15 13 0 7 6 4 19 18 4 4 7 8 22 9 21 20 16 0 4 19
split_gain=9.73177 33.0356 20.9525 20.0842 17.1916 17.0861 22.6701 21.72 20.9096 18.3569 30.8186 18.431 16.1242 21.1481 16.3474 23.1258 17.6543 16.0796 15.9053 15.5731 20.8208 15.0791 14.8584 14.8505 19.035 16.6225 14.785 14.472 28.8944 50.8435
threshold=36.95600000000001 0.020107514071095657 5369.5000000000009 4327.5000000000009 1615.5000000000002 34.004500000000007 152.50000000000003 0.044595188151638369 1118.5000000000002 0.023042012310632486 30787.000000000004 0.020411251924131273 39.001500000000007 1702.5000000000002 22.500000000000004 35.500000000000007 0.11102955998086088 82.500000000000014 1.5000000000000002 31.500000000000004 929.50000000000011 150.50000000000003 0.024592308550153989 543.50000000000011 425.50000000000006 263.50000000000006 0.025334078365393215 28.534000000000002 40.500000000000007 0.097345711171019089
decision_type=2 2 2 2 2 2 2 2 2 2 2 2 2 2 2 2 2 2 2 2 2 2 2 2 2 2 2 2 2 2
left_child=1 -1 3 4 5 7 19 9 21 26 -11 -12 13 22 15 -14 -16 18 -18 -7 -21 27 -2 24 -5 -25 -3 -9 -29 -30
right_child=12 2 -4 23 -6 6 -8 8 -10 10 11 -13 14 -15 16 -17 17 -19 -20 20 -22 -23 -24 25 -26 -27 -28 28 29 -31
leaf_value=-0.015729332448936855 -0.00095814861851847193 0.02387238152501836 -0.017365620762275644 0.014714577130447949 -0.010884925750855041 -0.032160478103980983 0.060971454084793791 -0.0032953116303980723 0.017837543295286987 0.068957604819939136 0.02525802206236314 -0.034495043195689593 0.015282855029167111 -0.027752666247748348 -0.00033310478815723997 -0.016473937538014533 0.0098388677198143829 0.0064771072579902127 0.067724103130848354 -0.022357289984714899 0.055045495585107587 -0.034472477803043224 0.02952780261089696 -0.0045120623506159762 0.064846922390635095 0.035288384773079225 -0.017860127632383441 0.0022876740622600577 -0.0025469356458112796 0.10234295603595006
leaf_weight=397.140786355827 57.082356535363942 34.018899371149018 161.96688929083757 74.228444650303572 336.99564571632072 84.644629092887044 4.0581219457089892 979.78173907706514 154.08171671256423 33.443415078800172 42.697714335517958 12.920706818811594 349.13720811367966 21.725114162312821 7782.9977134903893 64.129380416125059 27.015744753647596 187.24640768626705 19.444812049623579 16.929782290477309 9.5837884137872589 28.533665480092168 125.9567654710263 118.74157818593085 22.723339933902025 28.37338482029736 41.554366673808545 222.41557791037485 24.647804566659033 16.362302731722593
leaf_count=37431 6452 3333 6254 907 8567 2495 28 14168 1960 672 2491 672 5731 345 308226 990 268 1993 151 294 146 278 2292 1423 152 338 1999 2755 411 156
internal_value=8.55706e-05 -0.0024476 -0.000265856 0.000980546 -0.00065235 0.00139524 -0.0167885 0.00276099 0.000746073 0.0196749 0.0344193 0.0096765 0.00092139 0.0146149 0.000580308 0.0102169 7.74752e-05 0.0134713 0.0382915 -0.0221296 0.00991577 -0.00138644 0.0202478 0.0143855 0.0290685 0.00407168 0.00124119 -0.000492017 0.00980168 0.0458762
internal_weight=11480.6 2845.84 2448.7 2286.74 2042.67 1705.67 115.216 1590.46 1425.82 164.635 89.0618 55.6184 8634.74 204.764 8429.97 413.267 8016.7 233.707 46.4606 111.158 26.5136 1271.74 183.039 244.067 96.9518 147.115 75.5733 1243.21 263.426 41.0101
internal_count=413378 86930 49499 43245 40425 31858 2963 28895 19728 9167 3835 3163 326448 9089 317359 6721 310638 2412 419 2935 440 17768 8744 2820 1059 1761 5332 17490 3322 567
is_linear=0
shrinkage=0.05


Tree=103
num_leaves=31
num_cat=0
split_feature=3 16 3 15 0 0 8 15 0 0 0 0 3 16 12 0 0 10 0 13 16 11 11 21 17 3 3 3 0 0
split_gain=9.67501 9.76205 19.07 14.3354 18.9549 16.7493 13.5554 12.2722 11.0947 15.9705 32.1419 17.7649 16.5858 21.2059 16.293 15.0816 20.8678 27.4932 14.415 19.1084 28.4776 18.0572 29.0597 18.9796 18.1971 17.1775 16.6967 14.1352 14.0975 34.3647
threshold=633.50000000000011 0.011164296169892996 1.0000000180025095e-35 7051.5000000000009 149.96000000000001 5.0070000000000006 32.500000000000007 21.500000000000004 7.8630000000000013 19.167000000000005 26.422000000000004 26.822000000000006 1.0000000180025095e-35 0.024463402640836813 47948.500000000007 28.534000000000002 29.001000000000001 0.049483975490938047 30.951000000000004 0.021829853463734897 0.023690334310878931 211.50000000000003 2671.5000000000005 73.500000000000014 3433.5000000000005 62.500000000000007 104.50000000000001 1.0000000180025095e-35 34.004500000000007 36.95600000000001
decision_type=2 2 2 2 2 2 2 2 2 2 2 2 2 2 2 2 2 2 2 2 2 2 2 2 2 2 2 2 2 2
left_child=1 2 7 5 -5 -4 -6 -1 -3 12 -11 -12 -10 -14 -15 -13 17 -17 19 -18 26 23 -23 -22 25 27 -21 -24 -20 -30
right_child=-2 8 3 4 6 -7 -8 -9 9 10 11 15 13 14 -16 16 18 -19 28 20 21 22 24 -25 -26 -27 -28 -29 29 -31
leaf_value=0.0077505135044475815 -0.027889610380211139 -0.013498152457713609 0.053261401524420243 -0.028104092809907107 0.059111467474927765 -0.024748894525120545 -0.017164495207759849 -0.013828102166347323 -0.0098677769949892611 -0.010096153964929013 0.032533204470463178 -0.016688940944337222 -0.0069370503022311378 0.01807191142194689 -0.013123127096178714 0.00082961297997258927 -0.029966812433274523 0.047870476282612845 0.011619760051348895 -0.017895091540353555 -0.021248691543738048 -0.037403188721463802 -0.017274396826075924 0.082253988170038317 -0.010784351517776465 -0.014193876702967533 0.082503084887020239 0.079063924635240909 -0.017968858636002755 0.0012157759656546286
leaf_weight=227.24070246447809 25.819219066761434 134.95924155320972 2.5638787606731048 13.805982526158912 14.566451918333771 191.03238963778131 5.64620192721486 87.043375938199461 110.62342739710584 707.14306262833998 39.244086870690808 117.03691350645386 131.32335594552569 465.93230159324594 42.392051004106179 72.254323412198573 82.590989503078163 49.720941480249166 299.78524949681014 3.6248506628908208 4.7379080038517696 61.370591003913432 2.8084788583219114 5.7103070295415819 45.352117924485356 8.6021947767585498 9.7940507000312191 13.867596091236917 235.21253712661564 8262.6284747682512
leaf_count=7152 1558 1974 80 713 217 15428 54 3018 1208 22293 708 2912 3717 6020 1678 7001 7594 579 9636 113 123 899 29 151 478 121 141 137 10749 306897
internal_value=8.74718e-05 0.000162714 -0.00635617 -0.0172103 0.0114135 -0.0224008 0.038626 0.00165119 0.000489368 0.000670799 0.000142318 0.000924621 0.00768212 0.0107703 0.0153679 0.000773424 0.00100557 0.0211349 0.000722315 -0.0112802 -0.000754874 -0.00805462 -0.0135889 0.0436327 0.00820803 0.0384365 0.0578869 0.0625971 0.00105386 0.000674509
internal_weight=11474.4 11448.6 541.899 227.615 34.0186 193.596 20.2127 314.284 10906.7 10771.8 10021.5 9314.34 750.271 639.648 508.324 9275.1 9158.06 121.975 9036.09 238.459 155.868 142.449 132.001 10.4482 70.6304 25.2783 13.4189 16.6761 8797.63 8497.84
internal_count=413378 411820 26662 16492 984 15508 271 10170 385158 383184 370561 348268 12623 11415 7698 347560 344648 7580 337068 9786 2192 1938 1664 274 765 287 254 166 327282 317646
is_linear=0
shrinkage=0.05


Tree=104
num_leaves=31
num_cat=0
split_feature=21 8 2 3 0 13 12 11 1 20 13 0 4 7 0 19 12 3 13 8 5 6 7 0 19 22 11 9 21 11
split_gain=9.68434 16.2154 20.5424 16.4834 14.6486 14.5426 11.9945 14.067 10.9244 13.956 10.8884 10.3909 10.387 10.2453 10.2391 15.0215 10.159 10.1472 10.0029 14.3719 11.0591 9.67306 10.6749 9.4069 8.84251 9.09902 8.68258 8.5295 15.2961 18.5329
threshold=1.0000000180025095e-35 1.0000000180025095e-35 1.0000000180025095e-35 204.50000000000003 58.955000000000005 0.032314373705187451 23454.500000000004 211.50000000000003 1.0000000180025095e-35 4.5000000000000009 0.024233490247085068 361.98500000000007 4.5000000000000009 77.500000000000014 7.8630000000000013 0.025249296564387801 20191.500000000004 4.5000000000000009 0.019458949729429107 134.50000000000003 403.50000000000006 112.50000000000001 357.50000000000006 8.6045000000000016 0.0088280535969147388 0.010404940835332926 479.50000000000006 3226.5000000000005 5038.5000000000009 3812.5000000000005
decision_type=2 2 2 2 2 2 2 2 2 2 2 2 2 2 2 2 2 2 2 2 2 2 2 2 2 2 2 2 2 2
left_child=16 2 4 26 10 6 7 13 14 12 -2 -8 -10 -6 15 -3 -1 -7 -11 20 -20 -22 -23 -16 25 -25 -4 -26 -29 -30
right_child=1 8 3 -5 5 17 11 -9 9 18 -12 -13 -14 -15 23 -17 -18 -19 19 -21 21 22 -24 24 27 -27 -28 28 29 -31
leaf_value=-0.00071296138204004415 -0.020439038959380366 0.041341555471114962 -0.0108440520273053 0.0090207170517661635 0.026368190262525411 -0.00094376586099239191 -0.01145789571254781 0.019518304582585036 0.049556355746763106 -0.011048189435642126 -0.0009232573563426439 0.010815649488321699 0.011600099417616083 -0.011795534926612448 0.022025861080217812 -0.01775982858800457 0.020177020820348279 0.02710550692299531 -0.0025986075061395055 -0.0077984997259098639 -0.0080554810396008796 -0.01471562060642255 0.029469638019356061 0.019275083537363302 0.0009402076308090469 -0.013572918590625685 -0.037849838493706961 -0.009455950820587207 0.025835541103322947 -0.0025026795828405448
leaf_weight=111.09216387546621 165.79355940292589 6.9926214376464477 51.422086839796975 33.774592826142907 16.402275807224214 53.324864607304335 311.22509087994695 105.55457632197067 26.065725391730666 84.446323604788631 123.74867962114513 58.630132823251188 53.421424287371337 96.694185979431495 44.767368752975017 127.32416201336309 116.4786759132985 75.315330813638866 68.056824952363968 101.0511152818799 22.585450818762183 12.134902871679513 136.27828379999846 19.347225604578853 8352.2994846403599 181.53759141615592 88.597845077048987 527.9970143600367 71.902480674441904 228.09309501945972
leaf_count=7106 40275 138 8045 6061 1239 937 45076 4427 497 2885 6040 5200 1242 7812 589 1811 5863 1660 512 1496 306 339 3242 2493 207144 9093 14057 18172 2537 7084
internal_value=8.40713e-05 -0.000124748 -0.00565588 -0.0212799 -0.00286671 0.000982501 -0.00237981 0.00680811 0.000526507 0.00766373 -0.0122554 -0.00782988 0.026243 -0.00537864 0.000146405 -0.0133097 0.0101832 0.015878 0.00392024 0.00774303 0.0143378 0.0209607 0.025495 0.000345105 0.000229966 -0.0100181 -0.0286478 0.000459546 -0.00436563 0.00460157
internal_weight=11472.4 11244.8 1180.48 173.795 1006.69 717.146 588.506 218.651 10064.3 504.04 289.542 369.855 79.4871 113.096 9560.26 134.317 227.571 128.64 424.553 340.107 239.055 170.999 148.413 9425.94 9381.18 200.885 140.02 9180.29 827.993 299.996
internal_count=413378 400409 140829 28163 112666 66351 63754 13478 259580 10519 46315 50276 1739 9051 249061 1949 12969 2597 8780 5895 4399 3887 3581 247112 246523 11586 22102 234937 27793 9621
is_linear=0
shrinkage=0.05


Tree=105
num_leaves=31
num_cat=0
split_feature=22 2 13 9 0 0 15 21 9 19 0 0 0 13 6 18 0 18 14 16 3 16 16 13 14 20 12 14 6 5
split_gain=9.31669 22.3331 21.1883 11.7904 9.64984 22.8514 12.8036 13.7189 11.7694 10.4539 28.9033 19.0998 15.8571 15.8257 14.9112 13.1751 12.925 12.7309 12.3019 11.4508 16.5015 26.5286 25.7543 27.123 26.9576 22.8175 17.4944 23.6958 33.8983 21.0156
threshold=0.60303030303030314 1.0000000180025095e-35 0.020062743286110834 25.500000000000004 994.47500000000014 944.08500000000015 318865.00000000006 2100.5000000000005 933.50000000000011 0.025331557933465008 5.0070000000000006 7.8630000000000013 36.95600000000001 0.037475624110421976 13.500000000000002 31280.500000000004 35.002500000000005 3321.5000000000005 264.50000000000006 0.011164296169892996 30.500000000000004 0.025908832150291088 0.039936337371785521 0.027873496369671177 661.50000000000011 8.5000000000000018 4917.5000000000009 1559.5000000000002 2665.5000000000005 5177.5000000000009
decision_type=2 2 2 2 2 2 2 2 2 2 2 2 2 2 2 2 2 2 2 2 2 2 2 2 2 2 2 2 2 2
left_child=4 2 -2 -4 5 9 7 -6 -7 10 13 -11 16 -1 17 19 18 -14 -12 -16 22 -22 25 24 -24 -21 -25 28 -28 -29
right_child=1 -3 3 -5 6 8 -8 -9 -10 11 12 -13 14 -15 15 -17 -18 -19 -20 20 21 -23 23 26 -26 -27 27 29 -30 -31
leaf_value=-0.0098149923644642173 0.017633156431197745 0.038550257653492861 -0.0054772544838158693 -0.049934465546849265 -0.023680652731585941 0.046707926765264231 0.053491991098516226 0.015308160366231231 -0.007564210784116232 -0.016803903627792664 -0.026286570333520384 0.0017282902095509445 -0.00069304884735047812 0.10534373952645787 -0.014738263830813614 -0.029154295335429375 -0.033601010716970955 0.040315915661690876 -0.0037408455747678427 0.019904773961921727 -0.0015009672718655136 -0.022990424959679512 -0.0020620712289630993 -0.036399880662032806 -0.044204414159795591 0.00042386488747747061 -0.0018970744783573736 -0.01979245414028008 0.035241679526401254 0.062091150468258888
leaf_weight=3.1767256716266266 81.637253493070602 48.126625753939152 53.019572600722313 16.607755068689585 107.77944915229455 34.197700525633991 2.1215995699167243 24.51197477709502 11.721438187174497 137.39173088339157 68.183203232707456 5932.3233038790058 35.590433069737628 4.684196351096034 145.01551126735285 37.444591882638633 49.517390040215105 35.017830655910075 363.59014884056523 341.22029284876771 3016.5353883064818 145.85934600303881 83.835606135195121 20.403550612740219 65.117719232104719 266.02721269079484 134.890501068905 93.196426028385758 107.10444539878517 3.6752837616950265
leaf_count=100 349 280 227 72 4423 454 48 719 170 2278 6814 129931 1233 65 11394 1474 5891 735 32094 12435 178877 10830 1586 468 693 5636 1456 1409 1187 50
internal_value=8.12427e-05 0.0106608 0.000837865 -0.0187165 -0.000110575 5.30681e-05 -0.0131836 -0.0161621 0.0334719 -0.00010033 -0.0017874 0.00129532 -0.00197754 0.073083 -0.00105542 -0.00142712 -0.0105583 0.0209663 -0.0075613 -0.00115972 -0.000682753 -0.00252685 0.00453328 -0.00375452 -0.0213227 0.0114436 0.00372194 0.00663186 0.0149208 -0.0137908
internal_weight=11469.5 199.391 151.265 69.6273 11270.1 11135.7 134.413 132.291 45.9191 11089.8 5020.09 6069.72 5012.22 7.86092 4530.93 4460.33 481.291 70.6083 431.773 4422.88 4277.87 3162.39 1115.47 508.224 148.953 607.248 359.27 338.867 241.995 96.8717
internal_count=413378 928 648 299 412450 407260 5190 5142 624 406636 274427 132209 274262 165 229463 227495 44799 1968 38908 226021 214627 189707 24920 6849 2279 18071 4570 4102 2643 1459
is_linear=0
shrinkage=0.05


Tree=106
num_leaves=31
num_cat=0
split_feature=3 0 11 0 0 3 15 9 0 0 21 18 10 0 8 7 11 8 21 17 18 0 10 19 21 8 19 8 0 18
split_gain=9.12162 9.60583 9.79536 9.32511 29.1385 16.1805 18.6259 27.1893 22.0208 27.7956 20.9504 21.5698 19.7885 17.6472 17.008 15.9831 15.2335 14.1325 13.6448 15.4355 43.1434 18.5183 23.26 25.3886 29.1604 29.3691 16.1438 14.9813 14.3593 13.5979
threshold=389.50000000000006 15.950500000000002 873.50000000000011 224.09500000000003 207.97500000000002 7.5000000000000009 222117.50000000003 1076.5000000000002 444.97500000000008 500.01500000000004 2100.5000000000005 27937.500000000004 0.049483975490938047 444.97500000000008 269.50000000000006 393.50000000000006 4175.5000000000009 57.500000000000007 5239.5000000000009 115.50000000000001 5056.5000000000009 381.49000000000007 0.023814249796782549 0.01882358251836825 319.50000000000006 66.500000000000014 0.023121679102038533 193.50000000000003 500.01500000000004 3582.5000000000005
decision_type=2 2 2 2 2 2 2 2 2 2 2 2 2 2 2 2 2 2 2 2 2 2 2 2 2 2 2 2 2 2
left_child=3 -2 -3 4 -1 -5 18 8 15 17 -9 12 14 -14 16 -8 -12 -10 19 20 28 -22 -23 24 -24 -26 -21 -20 -7 -17
right_child=1 2 -4 5 -6 6 7 10 9 -11 11 -13 13 -15 -16 29 -18 -19 27 26 21 22 23 -25 25 -27 -28 -29 -30 -31
leaf_value=-9.9245754932892068e-05 0.035081546622350482 0.038833746600921898 -0.02401237014824828 0.014582975880247546 -0.021477771359296186 0.0027386447730601044 -0.030503514489627567 -0.02491192598980688 0.068530907220080081 0.016379600157693689 0.054760360539769772 -0.037064424307705693 -0.0030461957527797737 0.076484221074797881 0.058280058806834546 0.04680410552834377 -0.011264857687592684 -0.019498124194012621 0.098532607637060468 -0.01767173447002543 0.0096746463822620244 0.00010533426598296756 0.0051463560891911583 -0.0022287293083385171 0.18042157715586193 -0.0079471522806922705 0.00046063511425251444 -0.0044677669518487792 -0.013793789696556764 0.0053309399929425396
leaf_weight=9151.7620607397985 4.1278974572196594 2.2599471295252433 79.500464458251372 267.91000916389748 157.2124930457212 496.5264327977784 22.040367213077843 78.525319280102849 42.912326912395656 120.73789775185287 4.7820639200508586 18.816077030263841 10.003812044858934 15.528461249545215 7.2531652916222802 17.976890310645103 78.768837880343199 2.9068329185247412 2.0456114551052433 262.11585519136861 28.1033507110551 9.6014714129269141 4.7850453648716238 5.4084574375301591 7.8945425795391184 1.9785899408161638 226.67671788623556 6.2552796620875597 173.02618692349643 155.24888020381331
leaf_count=345783 66 12 4321 2454 7560 15552 654 2020 788 2899 101 562 187 212 162 414 2161 18 74 8655 969 537 61 88 94 40 6097 131 5669 5037
internal_value=7.75221e-05 -0.0156995 -0.0201374 0.000203474 -0.000471628 0.00323647 0.00151187 0.00889015 0.0171573 0.0302456 -0.00518099 0.00676271 0.0150865 0.0499275 0.00319549 0.00551698 -0.00460723 0.0615773 -0.00197813 -0.00251891 0.00209989 0.041738 0.0663345 0.0916818 0.118086 0.152691 -0.00934336 0.048413 -0.00160425 0.0108272
internal_weight=11462.7 85.8883 81.7604 11376.8 9308.97 2067.83 1799.92 575.501 361.823 166.557 213.678 135.152 116.336 25.5323 90.8041 195.266 83.5509 45.8192 1224.42 1216.12 727.324 57.7715 29.6681 20.0666 14.6582 9.87313 488.793 8.30089 669.553 173.226
internal_count=413378 4399 4333 408979 353343 55636 53182 15215 9810 3705 5405 3385 2823 399 2424 6105 2262 806 37967 37762 23010 1789 820 283 195 134 14752 205 21221 5451
is_linear=0
shrinkage=0.05


Tree=107
num_leaves=31
num_cat=0
split_feature=5 8 2 16 12 0 7 16 14 2 22 6 6 11 5 17 14 17 18 17 20 20 0 18 12 7 21 5 11 12
split_gain=8.75302 14.6249 19.236 14.7093 12.7534 11.3553 10.9953 10.9055 10.875 10.1473 26.4147 23.7107 17.2105 38.7317 22.4831 26.5234 22.9817 17.4387 25.7151 23.3425 22.5631 20.0959 22.6818 31.0399 21.9571 24.157 44.2256 40.9904 39.5805 43.8495
threshold=1.0000000180025095e-35 1.0000000180025095e-35 1.0000000180025095e-35 0.0230905182429442 50843.500000000007 361.98500000000007 30.500000000000004 0.016422849182715141 531.50000000000011 1.0000000180025095e-35 0.60303030303030314 22.500000000000004 5457.5000000000009 549.50000000000011 756.50000000000011 263.50000000000006 7213.5000000000009 391.50000000000006 22730.500000000004 211.50000000000003 40.500000000000007 145.50000000000003 207.97500000000002 7446.5000000000009 293046.50000000006 679.50000000000011 3112.5000000000005 2083.5000000000005 1663.5000000000002 137389.50000000003
decision_type=2 2 2 2 2 2 2 2 2 2 2 2 2 2 2 2 2 2 2 2 2 2 2 2 2 2 2 2 2 2
left_child=8 2 4 -4 6 -6 -2 -8 -1 11 12 -3 -11 -14 15 -15 -17 19 -19 20 -16 22 23 24 25 -22 27 -27 -29 -30
right_child=1 9 3 -5 5 -7 7 -9 -10 10 -12 -13 13 14 17 16 -18 18 -20 -21 21 -23 -24 -25 -26 26 -28 28 29 -31
leaf_value=-0.00049396081814876271 0.032022169924774989 0.010380296507299725 0.007510812313105188 -0.027902384503738095 -0.013992138506418028 0.011235550063639691 -0.015776973826640107 0.0027038825113529482 0.021640660303790128 -0.0012609314845183825 0.037343042897983132 -0.0023165010477441683 0.063153505401064791 0.017973198287383956 -0.009423627784567257 -0.0049348525329431046 0.02554067843285367 0.019652483060872597 -0.00037353953606531951 -0.01338245837405592 0.014225761463900819 -0.0076874331924506479 -0.0028844408134454341 -0.015480343651089627 0.11299502359605894 0.0072094975978811695 -0.013096492394559149 0.0049719835035661178 0.18594025929085767 0.023603773251735048
leaf_weight=117.75215308927 23.062789857387543 397.74810221162625 34.742348015075549 135.47147725010291 299.50645239115693 48.407853778451681 88.252831497695297 549.379866870353 99.584163541905582 2636.588871562155 47.280414439737797 4226.6276984708384 22.775827513309196 492.69088853546418 281.36806263960898 330.65415998874232 70.84212987869978 246.08531718468294 442.85419747186825 371.39902239665389 130.37281047645956 139.76159689109772 122.8802769863978 39.335791760124266 3.4809501641429952 15.113584876991807 16.989984605461359 7.4239605749025968 11.972009863704445 7.6811040900647631
leaf_count=6914 1179 4679 5582 22593 66463 4539 7079 33895 5328 59115 280 106411 364 14687 17756 6154 1195 7664 12773 16861 3061 3557 2195 1511 69 314 461 208 218 273
internal_value=8.27103e-05 -0.000111555 -0.00536842 -0.0206661 -0.00269755 -0.0103726 0.00139157 4.31515e-05 0.00990677 0.000506683 0.00197015 -0.0012144 0.00162556 0.00438659 0.00378196 0.0102601 0.000690426 0.000608847 0.0068697 -0.00316265 0.00178058 0.00817967 0.0144421 0.0234724 0.0316005 0.0272402 0.0525687 0.0775976 0.109638 0.140149
internal_weight=11458.1 11240.8 1178.82 170.214 1008.61 347.914 660.695 637.633 217.336 10061.9 5437.55 4624.38 5390.27 2753.68 2730.91 894.187 401.496 1836.72 688.94 1147.78 776.38 495.012 355.25 232.37 193.034 189.553 59.1806 42.1907 27.0771 19.6531
internal_count=413378 401136 141330 28175 113155 71002 42153 40974 12242 259806 148716 111090 148436 89321 88957 22036 7349 66921 20437 46484 29623 11867 8310 6115 4604 4535 1474 1013 699 491
is_linear=0
shrinkage=0.05


Tree=108
num_leaves=31
num_cat=0
split_feature=13 6 14 17 17 4 11 3 0 0 5 19 10 0 11 0 13 0 0 14 0 12 12 19 12 13 10 4 6 17
split_gain=8.61973 16.9722 20.0594 13.3684 12.9171 23.5292 13.5023 8.70574 9.04859 75.855 27.5078 19.2889 17.0569 17.5608 56.8533 25.9398 31.3748 30.5606 27.1957 21.9799 34.4589 22.3992 22.6346 19.0613 28.8156 21.9923 26.9313 19.873 18.2979 17.6037
threshold=0.012649078527543491 2543.5000000000005 264.50000000000006 10.500000000000002 90.500000000000014 12.500000000000002 203.50000000000003 633.50000000000011 76.995000000000019 77.970000000000013 229.50000000000003 0.020266055955760195 0.60303030303030314 85.005500000000012 405.50000000000006 97.005500000000012 0.079973778455017311 108.95500000000001 107.01000000000001 5960.5000000000009 105.06550000000001 26702.500000000004 20191.500000000004 0.025109463488951406 22619.500000000004 0.032314373705187451 0.040974487734203292 3.5000000000000004 17.500000000000004 549.50000000000011
decision_type=2 2 2 2 2 2 2 2 2 2 2 2 2 2 2 2 2 2 2 2 2 2 2 2 2 2 2 2 2 2
left_child=1 2 3 -1 -5 6 -6 8 11 10 -10 -2 13 14 -11 16 -15 18 19 21 -21 22 -17 27 -25 -26 29 -24 -19 -27
right_child=7 -3 -4 4 5 -7 -8 -9 9 12 -12 -13 -14 15 -16 17 -18 28 -20 20 -22 -23 23 24 25 26 -28 -29 -30 -31
leaf_value=0.021590396280014704 -0.0075442338846872185 -0.036926355465267784 0.042664098104052542 -0.036036994425092984 0.075587655682054944 -0.02440392257705817 -0.0091626980797461371 -0.02681477074380181 0.0059478048192333202 0.053183686379047961 0.051236681663840114 0.00023309189172967149 0.020261705568974449 0.025028438876372024 -0.024441398111078524 -0.011433853234302139 -0.0056608093094508557 0.023024846362229935 -0.021585668560252805 0.00096264257450011262 0.097939843037994481 -0.022620583130593792 0.028211770502396052 0.10020843674555713 -0.019188359817493388 0.10782606282323477 -0.013277354498574277 -0.013618056039742669 0.0011620105170731961 -0.0092248012813472974
leaf_weight=22.045446658506989 954.34119170228951 41.273228670237586 16.716985031031072 44.13015842740424 7.7468019998632354 26.89371009496972 5.9035448650829494 24.625172344269231 51.85954496730119 22.480978614883497 97.983257628045976 4716.4716941178776 104.96773305349052 223.98503905604593 170.07785188080743 157.59994489257224 128.40801467467099 93.114700472913682 275.83364718104713 28.192337255692109 8.6412712058518064 125.92605677107349 40.949660491431132 9.2902278881520015 20.847475572489202 9.2296821484342235 10.116990579292176 69.432750310515985 3939.3378916184884 3.193959228694438
leaf_count=2185 89271 3535 157 3434 332 1963 97 1558 3056 710 3475 122154 506 11419 6077 9093 1470 981 20419 1446 388 5269 828 139 375 125 85 1513 121263 55
internal_value=8.64792e-05 -0.0110983 -0.00136085 -0.00985787 -0.0187929 0.00187211 0.0463045 0.00025454 0.000325601 0.0017521 0.0362607 -0.00108125 0.000769446 0.000367442 -0.0142621 0.000928387 0.0139229 -4.07745e-05 -0.00920901 -0.00199836 0.0327004 -0.00519062 0.00189648 0.0147372 0.0380396 0.0157489 0.045679 0.00245004 0.00169474 0.083722
internal_weight=11451.6 164.71 123.437 106.72 84.6742 40.5441 13.6503 11286.9 11262.3 5591.47 149.843 5670.81 5441.63 5336.66 192.559 5144.1 352.393 4791.71 759.254 483.42 36.8336 446.587 320.661 163.061 52.6783 43.3881 22.5406 110.382 4032.45 12.4236
internal_count=413378 11703 8168 8011 5826 2392 429 401675 400117 188692 6531 211425 182161 181655 6787 174868 12889 161979 39735 19316 1834 17482 12213 3120 779 640 265 2341 122244 180
is_linear=0
shrinkage=0.05


Tree=109
num_leaves=31
num_cat=0
split_feature=16 6 13 3 14 2 16 14 22 10 7 2 20 20 16 0 0 16 15 4 16 18 13 0 5 0 8 21 7 0
split_gain=8.47614 13.4334 10.7281 10.574 34.3485 32.707 19.7099 13.0752 12.8846 17.5372 15.149 12.2824 35.3956 20.3387 18.8637 15.0674 47.1672 20.7768 16.7896 16.7769 14.4945 16.8375 14.4265 14.2508 20.7903 19.6938 17.8373 17.844 25.6769 14.9631
threshold=0.015714668292029749 1.0000000180025095e-35 0.010841599403546308 1.0000000180025095e-35 16.500000000000004 1.0000000180025095e-35 0.032389305710249498 61.500000000000007 0.18426185233888767 0.090935259329041729 1353.5000000000002 1.5000000000000002 1.5000000000000002 5.5000000000000009 0.0228902776693608 444.97500000000008 480.06000000000006 0.02507351284941365 285112.50000000006 24.500000000000004 0.059567444225428423 24024.500000000004 0.020090467009260149 19.836000000000002 3681.5000000000005 47.955000000000005 227.50000000000003 1865.5000000000002 591.50000000000011 49.956500000000013
decision_type=2 2 2 2 2 2 2 2 2 2 2 2 2 2 2 2 2 2 2 2 2 2 2 2 2 2 2 2 2 2
left_child=1 -1 -2 7 5 6 -5 -4 9 -7 -11 14 -13 -14 -6 19 17 -17 -18 20 21 -16 -19 24 -15 -25 29 -28 -29 -27
right_child=2 -3 3 4 11 8 -8 -9 -10 10 -12 12 13 23 15 16 18 22 -20 -21 -22 -23 -24 25 -26 26 27 28 -30 -31
leaf_value=0.016150685946330061 -0.017559691515989434 -0.0079213817628646221 -0.0089218533053432598 -0.0093122144678069018 0.017348660396696573 0.012235003691377202 0.046918221198474164 0.011478626525626081 0.025883150224164937 0.0084884499400765378 -0.034430786015583158 -0.023675468102574797 0.019549505777042696 0.022687926853795341 -0.0019700506346004322 0.0083656209645275158 -0.005134078500799312 0.1108838183973367 0.02038698097377574 0.0042998895690224059 0.019420287431886202 -0.00977598793782887 0.038638753340096338 -0.0061396829827208149 -0.01984828206049518 0.025474627384747935 0.0613699513001289 0.070721645205929703 0.0010166789376185087 0.0021922028186584625
leaf_weight=59.775475541129708 77.364343028981239 570.03221975336783 513.01810928247869 16.773368092719465 136.33766041346826 105.04815657110885 92.623706149403006 88.149399817921221 54.175179690122604 30.900310156866908 47.986065421253443 112.61714458488859 198.74061036622152 167.29491579951718 4491.4205449433066 43.835387098602951 354.79848416056484 6.2809653747826806 73.508667174726725 956.03483155346476 67.028172756079584 812.38015258288942 54.94418909214437 560.05858049355447 30.449835720472038 67.328986851964146 19.937039162963629 10.839974443428217 80.540515446104109 1545.6618612902239
leaf_count=1547 5046 28222 5227 488 7536 1369 723 1035 339 183 253 11280 8067 2274 218533 1305 10799 89 1469 18226 712 21052 838 16615 852 2253 122 231 2096 44597
internal_value=8.78197e-05 -0.00552747 0.000417195 0.000554816 0.000937954 0.0162721 0.0382665 -0.00586052 0.00558787 -0.000916584 -0.0181151 0.000385624 0.00318531 0.00435565 -0.000733664 -0.0011054 0.00692632 0.0361218 -0.000569294 -0.00178742 -0.00287399 -0.00317376 0.0538624 0.00310224 0.01581 0.00197007 0.00461427 0.0235354 0.0125253 0.00323977
internal_weight=11445.9 629.808 10816.1 10738.7 10137.5 347.507 109.397 601.168 238.11 183.935 78.8864 9790.04 2793.47 2680.85 6996.57 6860.23 533.368 105.061 428.307 6326.86 5370.83 5303.8 61.2252 2482.11 197.745 2284.37 1724.31 111.318 91.3805 1612.99
internal_count=413378 29769 383609 378563 372301 3355 1211 6262 2144 1805 436 368946 88387 77107 280559 273023 14500 2232 12268 258523 240297 239585 927 69040 3126 65914 49299 2449 2327 46850
is_linear=0
shrinkage=0.05


Tree=110
num_leaves=31
num_cat=0
split_feature=0 0 6 6 19 10 22 10 4 7 21 16 22 1 16 4 10 13 16 13 8 6 19 16 12 14 0 0 10 6
split_gain=8.18307 20.0773 11.425 11.1214 12.5198 14.073 10.7817 14.2437 9.18127 8.92594 8.79899 10.92 9.38452 8.60133 12.1059 10.0671 16.8219 9.58129 13.898 17.3915 13.6947 15.9972 13.2134 9.87161 9.45727 16.988 14.7585 46.7751 18.0419 16.3116
threshold=994.47500000000014 849.50000000000011 8359.5000000000018 8761.5000000000018 0.027707935001923121 0.056915323539200306 0.047011560763323822 0.022917923200643345 1.0000000180025095e-35 895.50000000000011 148.50000000000003 0.024526486515569153 0.10813568670711531 1.0000000180025095e-35 0.006754018764330052 33.500000000000007 0.21516465782439864 0.019663196380157105 0.025376996463206385 0.041543873866037875 39.500000000000007 8342.5000000000018 0.022244423295012365 0.014358362038603937 180951.00000000003 8239.5000000000018 444.97500000000008 496.06500000000005 0.016576309643466666 8204.5000000000018
decision_type=2 2 2 2 2 2 2 2 2 2 2 2 2 2 2 2 2 2 2 2 2 2 2 2 2 2 2 2 2 2
left_child=1 13 10 8 5 9 7 -4 -2 -5 11 12 -3 24 -15 17 -17 -16 20 -20 21 23 -23 -19 25 -1 -26 29 -29 -28
right_child=3 2 6 4 -6 -7 -8 -9 -10 -11 -12 -13 -14 14 15 16 -18 18 19 -21 -22 22 -24 -25 26 -27 27 28 -30 -31
leaf_value=0.00060455916357393701 0.023551825880204706 0.066455343717551907 0.041765313745470573 0.076910521970968537 -0.024965257426139167 -0.026781327672981633 0.055197126205144234 -0.025062270442979529 -0.024507910670901616 0.0087543773320293197 -0.014566463427499621 -0.019587344953392961 -0.010273459342237785 -0.028926514254261532 -0.0022565398578640269 -0.023288320182402941 0.031309999085243449 0.058727658961568507 -0.0098183544955931755 0.021413249027365813 0.0085478753202566995 0.1016914751423087 0.026734169562731992 0.0082954143470237197 -0.0046031156461899926 -0.038222041089885785 -0.023100582345246062 0.023818194986159807 -0.01837648240575733 0.046528107414004607
leaf_weight=8532.3222958543338 7.1088740737177423 8.9219042416661996 10.431714800186457 7.8034734800458017 11.200480907224117 4.7889289762824765 29.123481698334217 11.775183837860821 92.792570595163852 10.031246053054927 26.175332540646195 6.0717547074891618 3.9133208021521559 18.50725765619427 106.84457080508582 50.516112735262141 14.19234638661146 8.0285057858563942 91.696263239951804 78.082382918801159 71.876156102400273 11.022449534153568 17.325690324418247 47.110005337512121 1930.1293222573586 23.266437841579318 6.46769213117659 28.430426470469683 103.21846938878298 68.697419117204845
leaf_count=282449 233 355 268 240 307 83 163 143 3917 416 536 168 20 1010 4221 890 80 166 1568 703 1731 374 484 1407 106461 289 139 1687 1716 1154
internal_value=9.084e-05 0.000238858 0.0223861 -0.0119791 0.011583 0.030921 0.0374151 0.00823637 -0.0201285 0.0488866 0.00324733 0.0257978 0.0467398 3.84417e-05 0.00631693 0.00790533 -0.00992655 0.0106594 0.0148736 0.00474695 0.0254469 0.0386907 0.0667565 0.0199108 -0.000266888 0.00047671 -0.00323816 0.00930849 -0.00872618 0.0394697
internal_weight=11437.9 11304.1 96.4127 133.726 33.8241 22.6236 51.3304 22.2069 99.9014 17.8347 45.0823 18.907 12.8352 11207.7 515.202 496.694 64.7085 431.986 325.141 169.779 155.363 83.4867 28.3481 55.1385 10692.5 8555.59 2136.94 206.814 131.649 75.1651
internal_count=413378 408182 1653 5196 1046 739 574 411 4150 656 1079 543 375 406529 12634 11624 970 10654 6433 2271 4162 2431 858 1573 393895 282738 111157 4696 3403 1293
is_linear=0
shrinkage=0.05


Tree=111
num_leaves=31
num_cat=0
split_feature=3 16 3 4 17 15 17 6 3 15 2 4 2 20 5 4 18 15 12 3 12 18 18 11 4 7 7 19 16 18
split_gain=8.05647 7.97147 16.1644 15.4641 27.1001 15.0879 15.234 11.1364 9.70915 27.9748 38.4694 15.294 12.3506 29.6821 19.4954 13.8469 16.6321 18.1132 18.9345 21.3752 15.3861 22.6507 23.5232 33.1217 18.0547 16.2019 26.2188 21.3745 19.6487 15.8056
threshold=633.50000000000011 0.011164296169892996 1.0000000180025095e-35 3.5000000000000004 62.500000000000007 5868.5000000000009 354.50000000000006 13.500000000000002 1.0000000180025095e-35 87.500000000000014 1.0000000180025095e-35 39.500000000000007 1.5000000000000002 1.5000000000000002 34.500000000000007 24.500000000000004 1469.5000000000002 162532.50000000003 48741.500000000007 239.50000000000003 23034.500000000004 2367.5000000000005 7226.5000000000009 211.50000000000003 5.5000000000000009 759.50000000000011 850.50000000000011 0.019013691865902734 0.038353602615927525 195.50000000000003
decision_type=2 2 2 2 2 2 2 2 2 2 2 2 2 2 2 2 2 2 2 2 2 2 2 2 2 2 2 2 2 2
left_child=1 2 7 4 -4 -5 -7 -1 -3 10 -10 -12 15 -14 -15 20 -17 -18 19 -19 21 29 23 -23 -22 28 27 -27 -25 -11
right_child=-2 8 3 5 -6 6 -8 -9 9 12 11 -13 13 14 -16 16 17 18 -20 -21 24 22 -24 25 -26 26 -28 -29 -30 -31
leaf_value=0.0066091289483100352 -0.026222951187859167 -0.0055891384839334224 -0.01465204653818521 -0.029806903628159721 0.059454494759631507 -0.011504588917524762 0.058507151967810325 -0.015268530094287178 0.040961827564694721 0.0091350874844721153 0.0090563587683644801 -0.025943534882170927 -0.021218138441084441 0.033976309480734733 0.0035958465962467809 0.043572479632904504 -0.00049559245683414212 0.014125679458655822 -0.012292468490878318 0.058732668638650398 0.00011575228260919688 -0.0011484579627988832 0.0024285835484375382 0.036305928938230113 -0.0060262098464597125 -0.012227510638149714 0.0024065173066283732 0.12148623528930931 -0.013042857584075218 -0.0079359119881603907
leaf_weight=243.6737792941276 24.012464925646782 621.73675531311892 36.825084362411872 139.54458022117615 12.60452751489356 24.842156744794924 5.6051047930959603 70.968234361382201 95.302694082725793 181.53770452924073 202.70833126688376 31.815046723000705 114.9469038923271 48.973275762051344 2659.5038251350634 21.809767834376544 716.1827871450223 177.93381642410532 48.292122473241761 28.039545706473291 2371.1482169695664 93.844498496968299 414.10594404232688 95.758894216036424 2409.9022776880302 2.5483351298607912 9.9514690446667355 13.349143847124649 22.470538392663002 493.9848801814951
leaf_count=7430 1558 6851 3349 11190 435 1450 68 2740 693 6921 1511 222 11827 305 78031 769 14485 1992 2172 230 114335 4842 6339 2085 107708 64 272 229 262 23013
internal_value=9.18475e-05 0.00015869 -0.00577638 -0.0160298 0.00797076 -0.0230369 0.00781873 0.00151292 0.000452654 0.000821531 0.0150363 0.00386588 0.00034178 0.00313599 0.00420676 -0.000770671 0.0046931 0.00360046 0.0149248 0.0214461 -0.0016613 0.00309268 0.00970584 0.0220613 -0.00298318 0.0367102 0.0704352 0.102255 0.0267781 -0.0033149
internal_weight=11433.9 11409.9 534.063 219.421 49.4296 169.992 30.4473 314.642 10875.8 10254.1 329.826 234.523 9924.28 2823.42 2708.48 7100.86 992.258 970.448 254.265 205.973 6108.6 1327.55 652.029 237.923 4781.05 144.078 25.8489 15.8975 118.229 675.523
internal_count=413378 411820 26662 16492 3784 12708 1518 10170 385158 378307 2426 1733 375881 90163 78336 285718 19648 18879 4394 2222 266070 44027 14093 7754 222043 2912 565 293 2347 29934
is_linear=0
shrinkage=0.05


Tree=112
num_leaves=31
num_cat=0
split_feature=21 8 2 3 12 7 16 19 20 2 22 12 6 20 7 8 3 19 5 8 15 17 9 8 4 6 12 7 6 17
split_gain=7.77196 12.4673 16.8862 15.9814 11.5704 9.89947 9.94376 9.64776 10.3276 17.9623 21.7128 18.4875 21.5976 21.5877 16.3381 21.3753 18.2823 15.7341 15.2083 17.0997 19.1603 14.7728 14.7044 14.6512 15.4196 13.9901 13.3327 12.7772 12.5495 19.6967
threshold=1.0000000180025095e-35 1.0000000180025095e-35 1.0000000180025095e-35 204.50000000000003 50843.500000000007 30.500000000000004 0.016422849182715141 0.0059900173022795966 113.50000000000001 1.0000000180025095e-35 0.60303030303030314 19771.500000000004 8526.5000000000018 8.5000000000000018 929.50000000000011 98.500000000000014 129.50000000000003 0.13727511051711735 704.50000000000011 154.50000000000003 123659.50000000001 4618.5000000000009 6777.5000000000009 68.500000000000014 24.500000000000004 22.500000000000004 18561.500000000004 1144.5000000000002 7303.5000000000009 158.50000000000003
decision_type=2 2 2 2 2 2 2 2 2 2 2 2 2 2 2 2 2 2 2 2 2 2 2 2 2 2 2 2 2 2
left_child=-1 2 4 -4 5 -2 -7 -3 9 25 11 12 13 -11 15 17 23 -15 21 20 -20 -10 -13 24 26 -9 -16 -14 29 -22
right_child=1 7 3 -5 -6 6 -8 8 18 10 -12 22 27 14 16 -17 -18 -19 19 -21 28 -23 -24 -25 -26 -27 -28 -29 -30 -31
leaf_value=0.0090727647157044216 0.03014766292494216 -0.014610940893275621 -0.027208072984764204 0.010327702016408057 -0.0099087313402838814 -0.015266904138862936 0.0026095859974484595 0.0089581467592445511 0.0020184684564303213 0.0068158871819476927 0.036557816830391596 0.0056923289471454454 0.093475355854431008 -0.01686220304451937 0.060495726536104938 0.050918803364755433 -0.022514957842695367 0.017283977797954965 -0.020013861978689304 -0.00022056309888204186 0.043023585316861762 0.037431592899284195 -0.025184389869736021 -0.016050011340564066 0.005864545201294767 -0.0017927072378870639 -0.0041336366868018094 -0.012651333929484155 -0.0074107569795627106 -0.0086924038950853995
leaf_weight=230.94895783346146 23.633830024627969 99.931300938129425 131.32827949780039 32.941804984817281 340.16062359604985 85.562036521965638 546.60808211984113 323.64292120700702 96.09197236225009 345.30280539765954 44.817263251170516 2961.1289836678188 4.1876504011452189 461.80301628587767 29.278805199777707 8.02185644302517 39.785703486995772 32.39976332616061 289.38720242772251 999.81661605276167 30.287266561761498 37.864307191222906 34.217595853377134 26.542721863603219 57.163636358454823 3820.2223146436736 9.6056324623059464 2.5655418485403061 244.83213579561561 35.618263922631741
leaf_count=12969 1164 5834 22102 6061 70687 7053 33762 3849 613 12113 274 87252 35 13467 683 77 622 203 4005 18793 604 192 3089 590 1443 99398 230 37 5042 1135
internal_value=9.23273e-05 -9.69079e-05 -0.00499245 -0.0195981 -0.00249758 0.00139241 8.9249e-05 0.00047134 0.000630325 0.00137178 0.00373475 0.00332305 -0.00249382 -0.00326231 -0.00851037 -0.0129368 0.00515783 -0.0144729 -0.00287035 -0.00423678 -0.0108707 0.0130151 0.00529822 0.0146691 0.0235324 -0.000943263 0.0458784 0.0649274 -0.00217374 0.0164319
internal_weight=11425.7 11194.7 1160.23 164.27 995.965 655.804 632.17 10034.5 9934.58 8200.69 4056.82 4012 1016.66 1009.9 664.601 502.225 162.376 494.203 1733.9 1599.94 600.125 133.956 2995.35 122.591 96.0481 4143.87 38.8844 6.75319 310.738 65.9055
internal_count=413378 400409 140829 28163 112666 41979 40815 259580 253746 223362 120115 119841 29500 29428 17315 13747 3568 13670 30384 29579 10786 805 90341 2946 2356 103247 913 72 6781 1739
is_linear=0
shrinkage=0.05


Tree=113
num_leaves=31
num_cat=0
split_feature=3 0 11 0 0 17 18 19 15 6 12 16 11 10 0 11 0 0 0 16 0 6 0 0 4 5 16 11 4 17
split_gain=7.85506 8.80677 8.48291 8.47096 66.6595 25.3608 38.3127 18.4599 20.8638 27.5036 35.7252 25.7419 16.6658 15.8011 16.5271 47.5345 22.2013 28.4072 26.5986 22.1937 19.014 16.8055 15.2934 27.3136 33.8616 21.8186 17.1304 15.2553 16.643 14.7057
threshold=389.50000000000006 15.950500000000002 873.50000000000011 76.995000000000019 77.970000000000013 751.50000000000011 27251.500000000004 0.020266055955760195 15129.500000000002 3788.5000000000005 19771.500000000004 0.025709005672111197 19.500000000000004 0.60303030303030314 85.005500000000012 405.50000000000006 97.005500000000012 108.95500000000001 96.445000000000007 0.025108558203960352 87.002500000000012 17.500000000000004 67.949500000000015 65.006000000000014 29.500000000000004 3205.5000000000005 0.023607891726760543 1197.5000000000002 4.5000000000000009 5128.0000000000009
decision_type=2 2 2 2 2 2 2 2 2 2 2 2 2 2 2 2 2 2 2 2 2 2 2 2 2 2 2 2 2 2
left_child=3 -2 -3 7 5 -5 -7 8 -1 10 -10 -12 -6 14 15 -14 18 19 20 -18 -16 -19 23 29 26 -24 -25 28 -13 -9
right_child=1 2 -4 4 12 6 -8 22 9 -11 11 27 13 -15 16 -17 17 21 -20 -21 -22 -23 25 24 -26 -27 -28 -29 -30 -31
leaf_value=-0.021388796984347865 0.033417287078356249 0.035233508910094385 -0.022950354232855786 0.022104953264969234 0.033795132924344641 0.10846298653963743 -0.0052464730100880248 0.00079799717974345151 -0.016362911914209403 -0.0075406917409066524 0.0021825372076097211 0.10055585181407756 0.047335120737016269 0.019335446588120215 0.027745663494679038 -0.023837565640419379 -0.01884072454370481 0.02131401278963611 0.038388690965738971 -0.001677115400940996 -0.0020966774632210214 0.00083141267637383337 -0.016502350427137762 0.060483975724391598 0.062015293239598604 0.029174147110269218 -0.014397443802563723 -0.020068543995112962 0.026501926190196902 -0.015852176873398571
leaf_weight=205.80481536244042 4.2433197626378378 2.3921331390738478 76.587260205065832 124.72540053725243 32.673166553257033 18.261343805119399 10.218083018669857 4220.6350476394873 41.428937678691 638.75601338618435 27.970416636671871 19.031532790046185 22.468505969038233 103.29698541946709 65.835377712501213 165.49403802445158 328.25254761707038 97.732228120323271 73.253003543009982 435.64736957941204 214.11614433815703 4002.9476801597048 231.92161341989413 4.2494611518923184 35.427130174357444 24.789247000124305 38.888632806949317 2.9291334627196184 18.154989611823112 131.91171478480101
leaf_count=19010 66 12 4321 6189 1555 168 133 113044 3398 65110 2659 368 688 505 2115 6014 23562 1081 3116 18858 7523 124594 5672 95 351 662 490 69 387 1563
internal_value=9.1088e-05 -0.0147708 -0.0191953 0.000206651 0.00156635 0.0335687 0.0729748 -0.001166 -0.00748631 -0.00354598 0.0190655 0.0402675 0.000652161 0.000425129 4.62431e-05 -0.0143237 0.000577115 -0.000307181 0.0125905 -0.00912698 0.00528496 0.00134494 0.000126932 0.000819717 0.0291349 -0.0116185 -0.00150484 0.0636373 0.0718278 0.000275774
internal_weight=11420 83.2227 78.9794 11336.8 5694.92 153.205 28.4794 5641.9 954.076 748.271 109.515 68.0861 5541.72 5509.04 5405.75 187.963 5217.78 4864.58 353.205 763.9 279.952 4100.68 4687.82 4431.11 78.5652 256.711 43.1381 40.1157 37.1865 4352.55
internal_count=413378 4399 4333 408979 196101 6490 301 212878 91001 71991 6881 3483 189611 188056 187551 6702 180849 168095 12754 42420 9638 125675 121877 115543 936 6334 585 824 755 114607
is_linear=0
shrinkage=0.05


Tree=114
num_leaves=31
num_cat=0
split_feature=0 0 15 21 6 22 10 20 8 20 0 0 17 15 3 18 8 13 15 12 22 9 13 16 7 15 11 2 19 21
split_gain=7.39356 18.3433 11.3737 12.0866 10.431 9.76423 13.1397 8.73343 17.9128 15.3653 19.1007 33.5174 24.6282 19.1618 19.1419 18.9381 21.5642 17.4898 16.3581 21.4744 21.7513 22.9015 20.6704 34.3377 20.8745 17.4942 28.5775 20.5878 18.8604 27.3035
threshold=994.47500000000014 849.50000000000011 318865.00000000006 2100.5000000000005 8359.5000000000018 0.047011560763323822 0.022917923200643345 130.50000000000003 154.50000000000003 61.500000000000007 115.02000000000002 107.01000000000001 4749.5000000000009 8245.5000000000018 207.50000000000003 57.500000000000007 9.5000000000000018 0.033937805680449108 15677.500000000002 11680.500000000002 0.064110468241171087 71.500000000000014 0.018990941058014976 0.032389305710249498 86.500000000000014 60444.000000000007 673.50000000000011 4.5000000000000009 0.018951541485265049 379.50000000000006
decision_type=2 2 2 2 2 2 2 2 2 2 2 2 2 2 2 2 2 2 2 2 2 2 2 2 2 2 2 2 2 2
left_child=1 7 3 -2 -3 6 -6 9 -9 10 11 13 -13 17 18 16 -15 -1 19 22 -21 -22 23 24 -12 27 -27 -20 -29 -30
right_child=2 4 -4 -5 5 -7 -8 8 -10 -11 14 12 -14 15 -16 -17 -18 -19 25 20 21 -23 -24 -25 -26 26 -28 28 29 -31
leaf_value=-0.017318829437783043 -0.02162220749459922 0.0030947157455167881 0.05036878864816581 0.014925249555081935 0.039493270808436287 0.0525784936923595 -0.024525270881922443 -0.012513610916637948 -6.9818738898755117e-05 0.005378939567528487 0.037287207103164292 -0.021021901002524622 0.072104496475011812 0.051077957154557131 -0.0070614992702942433 6.1695380527400658e-05 -0.013059347162238387 -0.0030349826788956488 -0.0082615280011745732 0.011408220425323743 0.012592138450012991 0.063263528673937794 -0.013477919116984005 0.060916407610329432 -0.011613060051839643 0.063628836123887117 0.0039630781849484056 -0.019093468910340413 -0.032805296054750098 0.068974321901097216
leaf_weight=295.97873907361645 105.07013948261738 45.216687473934144 2.30982866231352 24.666095968335867 10.793990186415614 29.267078578472137 11.546451251953838 399.90789969079196 1012.2309332806617 1417.0943346209824 23.815419330028817 273.73710638657212 2.4985515475273123 32.68388669192791 423.50167534826323 3773.6155344009167 17.479031659197062 754.33957286691293 523.72885576193221 405.28877845243551 48.354853075928986 42.059871751349419 145.51625406299718 24.722621598280966 84.950191786745563 15.387176228454335 1426.8278186204843 12.519062925828619 5.3700073147192624 22.465006057173014
leaf_count=26845 4429 1079 48 719 268 163 143 6923 18632 22014 1124 21495 24 909 18667 190199 214 13036 13600 7157 354 288 3755 631 4354 264 55028 483 101 432
internal_value=9.49998e-05 0.000235134 -0.0114487 -0.0143776 0.021361 0.0356783 0.00797171 4.27768e-05 -0.00362553 0.000574466 -0.000243168 -0.00212823 -0.0189126 -0.00115858 0.00278512 0.000486938 0.0295716 -0.00712314 0.00429458 0.0104417 0.016636 0.0382438 -0.000662669 0.0132895 0.000262377 0.00190088 0.00481729 -0.00553244 0.0268926 0.0473333
internal_weight=11412.9 11280.9 132.046 129.736 96.8242 51.6075 22.3404 11184.1 1412.14 9771.93 8354.84 5150.33 276.236 4874.1 3204.51 3823.78 50.1629 1050.32 2781.01 774.708 495.704 90.4147 279.004 133.488 108.766 2006.3 1442.21 564.083 40.3541 27.835
internal_count=413378 408182 5196 5148 1653 574 411 406529 25555 380974 358960 252722 21519 231203 106238 191322 1123 39881 87571 17663 7799 642 9864 6109 5478 69908 55292 14616 1016 533
is_linear=0
shrinkage=0.05


Tree=115
num_leaves=31
num_cat=0
split_feature=13 6 14 17 17 4 17 0 13 16 8 7 15 0 7 19 13 17 0 12 9 0 8 0 4 8 8 19 4 7
split_gain=7.39234 16.2686 17.3759 12.05 12.3756 21.6923 8.8342 8.05776 25.5572 14.75 16.4494 16.2996 28.1949 13.9647 19.1486 13.6163 13.3709 21.2961 16.7402 19.6496 15.7435 14.0627 21.2717 14.4842 35.3318 28.6432 25.3834 17.699 14.2292 18.8449
threshold=0.012649078527543491 2543.5000000000005 264.50000000000006 10.500000000000002 90.500000000000014 12.500000000000002 167.50000000000003 36.95600000000001 0.020107514071095657 0.024012346885069071 14.500000000000002 703.50000000000011 100860.00000000001 39.001500000000007 1702.5000000000002 0.01633094196959196 0.11076351343947875 4327.5000000000009 32.994000000000007 2600.5000000000005 1615.5000000000002 34.004500000000007 152.50000000000003 32.994000000000007 45.500000000000007 11.500000000000002 2.5000000000000004 0.10630083735025794 31.500000000000004 929.50000000000011
decision_type=2 2 2 2 2 2 2 2 2 2 2 2 2 2 2 2 2 2 2 2 2 2 2 2 2 2 2 2 2 2
left_child=1 2 3 -1 -5 6 -6 8 9 10 -2 12 -12 14 -9 -14 17 20 19 -18 21 23 28 -10 25 26 -25 -28 -23 -30
right_child=7 -3 -4 4 5 -7 -8 13 16 -11 11 -13 15 -15 -16 -17 18 -19 -20 -21 -22 22 -24 24 -26 -27 27 -29 29 -31
leaf_value=0.020546852596473431 -0.013161677827441619 -0.036242606638838652 0.039563404227634977 -0.03517957494123361 0.068932235879001977 -0.02361972898346943 -0.0016279226663000947 0.019012299337620654 0.0012139280767467682 -0.02235341232790844 -0.011340232875250239 -0.0064557605685254095 -0.00018005631969924326 0.00069860593782555824 -0.026992878324943625 0.10948902885023004 0.042022768185839977 0.015004556710888812 0.020358195264307821 -0.028633769627546626 -0.010408484544570214 -0.029922704947804492 0.059541946634582288 -0.017324546993552445 0.095086984340973277 -0.013368681670048911 0.10244329166373499 -0.011864968343085156 -0.021311706432588954 0.052318823801441983
leaf_weight=22.306326223537326 108.68663485255092 39.499324874486774 17.138051027432084 41.99931398127228 7.4616432501934451 26.054559579817578 6.5375410064589232 184.50420140381902 1515.0222043886315 218.72038039960898 10.894623767118903 27.11002289224416 3.5466133235022417 8229.8547254051082 21.246821781387553 8.6997483777813596 6.4083025339059523 230.00976052414626 23.337881249841303 106.37878860300407 353.41378061845899 85.985715240938589 4.1412695161998263 7.6895168907940414 9.0068848733790201 50.503254860173911 11.101110218558459 3.0762606319040051 16.421509828418497 9.8597833977546525
leaf_count=2185 14269 3535 157 3434 271 1963 158 8729 29431 19863 783 1450 268 306170 345 299 96 2680 258 1429 9984 3212 28 786 88 645 393 27 294 148
internal_value=9.75137e-05 -0.010377 -0.000867794 -0.00901276 -0.0177672 0.00236887 0.0442244 0.000252016 -0.00206465 -0.0140761 -0.002351 0.0201062 0.0468422 0.00102449 0.0137339 0.086884 -0.000174651 0.00074186 -0.0151134 -0.0230058 -0.000878238 0.00111277 -0.0152982 0.00235347 0.0222704 0.0076487 0.0496442 0.0810135 -0.0204799 0.0102591
internal_weight=11406.6 160.997 121.497 104.359 82.0531 40.0537 13.9992 11245.6 2810.01 377.658 158.938 50.251 23.141 8435.61 205.751 12.2464 2432.36 2296.23 136.125 112.787 2066.22 1712.81 116.408 1596.4 81.377 72.3701 21.8669 14.1774 112.267 26.2813
internal_count=413378 11703 8168 8011 5826 2392 429 401675 86431 36932 17069 2800 1350 315244 9074 567 49499 47716 1783 1525 45036 35052 3682 31370 1939 1851 1206 420 3654 442
is_linear=0
shrinkage=0.05


Tree=116
num_leaves=31
num_cat=0
split_feature=16 14 19 22 4 10 10 0 0 3 6 0 0 10 16 9 16 11 2 16 18 12 4 7 8 4 7 0 7 12
split_gain=7.41209 15.4789 16.3589 15.3695 16.1566 11.4218 10.3488 9.52076 32.8237 21.888 22.0551 28.7592 21.3867 22.8698 19.2998 22.4355 16.333 16.117 18.0475 15.473 22.0809 26.4534 14.2933 20.7001 12.714 15.0486 13.8626 12.3307 23.2587 21.6264
threshold=0.44590643274853808 23.500000000000004 0.078564796491448832 0.2001472754050074 22.500000000000004 0.045327089333399732 0.076542818084171474 28.534000000000002 19.836000000000002 1.5000000000000002 3982.5000000000005 14.996500000000003 29.001000000000001 0.049483975490938047 0.026642046500569689 1182.5000000000002 0.024147864910322833 3613.5000000000005 1.5000000000000002 0.023714136694258859 14179.500000000002 23034.500000000004 5.5000000000000009 960.50000000000011 22.500000000000004 22.500000000000004 388.50000000000006 30.951000000000004 783.50000000000011 4917.5000000000009
decision_type=2 2 2 2 2 2 2 2 2 2 2 2 2 2 2 2 2 2 2 2 2 2 2 2 2 2 2 2 2 2
left_child=7 2 -2 4 6 -3 -4 8 9 -1 11 17 13 -9 -13 -16 19 18 -11 -10 -21 -22 23 -18 -15 26 -26 28 -14 -30
right_child=1 5 3 -5 -6 -7 -8 12 16 10 -12 14 27 24 15 -17 22 -19 -20 20 21 -23 -24 -25 25 -27 -28 -29 29 -31
leaf_value=-0.010989461489613883 0.02979475936537539 -0.0094006075621636698 0.021933725225110969 0.025870531914452918 -0.034406807250216116 0.039545386935918601 -0.018584704596126985 0.0018831167657127981 -0.0072438027665634938 -0.015245724992328298 4.6308587885321666e-05 -0.0085563330523867626 -0.032044265636061185 0.01405871682783192 0.054023568088735631 -0.0065263202158603872 -0.011740394422218026 0.040441192086646524 0.020668243486961151 -0.0013262836344112665 0.087648981357886943 -0.021266948845637425 -0.018822090423508839 0.032532889408129484 -0.016490618930299905 0.0063132573234695932 0.097685277282319391 0.00056840800169628662 0.069586907903261497 -0.0042295120648889861
leaf_weight=215.51707733259536 32.404354130849242 13.159954182803629 29.35247778147459 22.972014093771577 51.673105120658875 48.810880586504936 24.238670919090509 71.653753352118656 153.44705217902083 94.152288566343486 451.20670398650691 19.145066977012902 79.434048991650343 24.603617968969047 84.828132912050933 17.227024782914668 93.090052114566788 20.46770801814273 49.112432924099267 38.959254065994173 14.154500842094423 5.5260619486216447 479.2364325739909 31.124756940174848 1.5367431584745705 8.8769956501200777 16.841386847198009 9050.2706687555183 5.5769031275995067 155.38601107848808
leaf_count=4264 227 71 165 206 326 363 160 7080 8165 1644 8799 872 5811 312 1033 241 5562 202 917 2295 195 120 11229 836 15 69 206 347161 129 4703
internal_value=9.83829e-05 0.00903077 0.00059315 -0.00762708 -0.015779 0.0292255 0.00358562 -8.34103e-05 -0.00344551 0.00285959 0.00696092 0.017721 0.000549204 0.0208068 0.035667 0.0439752 -0.0107756 0.00377346 -0.00265228 0.00114679 0.0219472 0.0589539 -0.0149407 0.000182849 0.0444889 0.0655212 0.0866531 0.000268848 -0.0107905 0.000347423
internal_weight=11404 222.611 160.641 128.236 105.264 61.9708 53.5911 11181.4 1767.19 951.656 736.139 284.933 9414.18 123.512 121.2 102.055 815.538 163.732 143.265 212.087 58.6398 19.6806 603.451 124.215 51.8587 27.2551 18.3781 9290.67 240.397 160.963
internal_count=413378 1518 1084 857 651 434 325 411860 46374 17972 13708 4909 365486 7682 2146 1274 28402 2763 2561 10775 2610 315 17627 6398 602 290 221 357804 10643 4832
is_linear=0
shrinkage=0.05


Tree=117
num_leaves=31
num_cat=0
split_feature=3 21 21 8 7 2 11 16 0 5 14 4 9 12 11 12 7 18 11 16 6 9 7 1 8 16 8 4 5 0
split_gain=7.15134 7.74357 7.18726 12.4282 15.9896 11.4493 14.4887 9.42139 8.90592 11.1248 9.87635 9.58768 8.8256 8.47836 8.37558 22.3901 22.5132 16.1296 15.1383 12.2697 15.0039 13.3219 11.8186 9.61257 11.5891 10.0449 9.86385 10.3659 9.49478 8.797
threshold=633.50000000000011 2445.5000000000005 1.5000000000000002 1.0000000180025095e-35 30.500000000000004 1.0000000180025095e-35 479.50000000000006 0.025306947729350101 39.999000000000002 1.0000000180025095e-35 1760.5000000000002 20.500000000000004 14.500000000000002 20191.500000000004 166.50000000000003 4584.5000000000009 788.50000000000011 195.50000000000003 179.50000000000003 0.036086901657952343 2543.5000000000005 489.50000000000006 985.50000000000011 1.0000000180025095e-35 132.50000000000003 0.024804411134242487 4.5000000000000009 14.500000000000002 34.500000000000007 107.95500000000001
decision_type=2 2 2 2 2 2 2 2 2 2 2 2 2 2 2 2 2 2 2 2 2 2 2 2 2 2 2 2 2 2
left_child=2 -2 8 4 -4 7 12 -6 9 -1 -10 -12 -7 -9 15 16 19 29 -16 20 -5 -22 -18 -20 25 26 27 -25 -21 -17
right_child=1 -3 3 14 5 6 -8 13 10 -11 11 -13 -14 -15 18 17 22 -19 23 28 21 -23 -24 24 -26 -27 -28 -29 -30 -31
leaf_value=0.008596441199114015 -0.037332665141308237 0.020485181482970953 0.030210686266872372 0.00026153332255172734 -0.0085325455858132945 -0.020510350222454517 -0.030262648069125604 -0.0094821056270996545 0.0052196550787960072 -0.031424841069550562 0.032328642346821965 -0.016923559046206307 0.018245169294931456 0.0067814473866516754 0.036892134622384359 -0.014137646143077774 0.058787980887927832 -0.024018287357572218 0.00031759508367636634 0.0080123797623646974 0.06103870182783927 -0.021721800668188965 -0.017664091947921186 0.049768241538466547 -0.0068448192752740451 0.017969374772833738 -0.0055218771722127663 -0.016534226668996902 -0.027221752998480508 0.042978710151893543
leaf_weight=34.626784731401131 18.841369024128657 4.115216380916535 25.99896690947935 143.13024414237589 500.38866032660007 20.087638844619505 93.77932666358538 109.55550649901852 242.63337466027588 26.824820859124884 63.907745625358075 8.3464512841310334 30.546714371885173 262.46746927616186 23.95245128008537 8.3701436149422097 19.640539557207379 169.35791110573336 9014.1433408558369 24.771605781279504 14.702436160761865 3.62870093807578 3.9102510334923855 12.831101995427163 103.39074642024934 231.84971618745476 109.52897520409897 5.8277000254020086 57.783784423954785 10.937147026881574
leaf_count=2491 1351 207 1911 4539 80546 3227 17422 7356 12576 2056 4712 351 5264 15742 781 472 399 11476 228993 194 332 157 101 358 1556 3827 2920 176 1653 232
internal_value=9.93867e-05 -0.0251581 0.000161381 -7.25192e-05 -0.0052523 -0.00630243 -0.0191102 -0.0040855 0.00690971 -0.00992362 0.0102986 0.0259122 0.00240858 0.00192983 0.000472296 -0.00610817 0.00320858 -0.019063 0.000791315 -0.00167307 0.00633133 0.0435118 0.0452238 0.000680674 0.00766415 0.0118673 0.000570473 0.0299421 -0.0167956 0.0204028
internal_weight=11399.9 22.9566 11376.9 11000.6 1042.82 1016.83 144.414 872.412 376.339 61.4516 314.888 72.2542 50.6344 372.023 9957.76 456.233 267.568 188.665 9501.52 244.017 161.461 18.3311 23.5508 9477.57 463.428 360.037 128.188 18.6588 82.5554 19.3073
internal_count=413378 1558 411820 389634 131468 129557 25913 103644 22186 4547 17639 5063 8491 23098 258166 19555 7375 12180 238611 6875 5028 489 500 237830 8837 7281 3454 534 1847 704
is_linear=0
shrinkage=0.05


Tree=118
num_leaves=31
num_cat=0
split_feature=17 10 10 14 7 0 20 8 21 7 20 5 0 16 4 16 20 13 9 21 18 5 19 0 17 20 4 0 18 0
split_gain=7.13171 18.8693 22.4081 15.639 13.7475 13.0672 12.0084 16.854 15.9612 17.4176 13.003 15.1757 10.4268 17.2055 15.7121 10.191 10.1463 11.9592 11.3447 21.9253 16.9615 14.2056 13.7136 11.3379 16.0696 9.32694 20.5374 18.5416 18.4001 17.9214
threshold=4327.5000000000009 0.03814151121334021 0.14297197978870008 8239.5000000000018 1904.5000000000002 11.482500000000002 137.50000000000003 154.50000000000003 5799.5000000000009 1544.5000000000002 135.50000000000003 825.50000000000011 5.0070000000000006 0.025296419670896259 21.500000000000004 0.059567444225428423 160.50000000000003 0.019904735969728877 1714.5000000000002 1073.5000000000002 24985.500000000004 8127.5000000000009 0.029162216458867789 57.955000000000005 642.50000000000011 61.500000000000007 28.500000000000004 137.97300000000004 16731.500000000004 25.665000000000003
decision_type=2 2 2 2 2 2 2 2 2 2 2 2 2 2 2 2 2 2 2 2 2 2 2 2 2 2 2 2 2 2
left_child=4 5 -3 -4 6 -2 8 -8 10 -10 12 -12 13 14 -1 -7 -9 -18 19 -19 23 -20 -23 -21 -25 27 -27 -14 -28 -30
right_child=1 2 3 -5 -6 15 7 16 9 -11 11 -13 25 -15 -16 -17 17 18 21 20 -22 22 -24 24 -26 26 28 -29 29 -31
leaf_value=0.073300175201184245 -0.021652085157690338 -0.011176921109424573 0.011606485852502074 -0.036531171836493605 -0.03322882992778365 0.01886059551579565 -0.016242274426502581 0.019308196948167239 -0.012023426408282347 0.12273037154520015 -0.012815076702551635 0.079481556806769604 -0.0021708612378848872 -0.0089901876392259935 -0.013480145537616459 0.066435558922498292 0.050362301765286666 -0.039785092017590146 -0.0094333190758073421 -0.0071582835644677864 0.049281795862494905 0.0022248033057285211 0.059376458811186208 -0.0097222006200770195 0.048374710631579221 0.0014264388105074367 -0.0031636126908132119 0.0028013061388164054 0.0037037177526136307 0.041504423810975487
leaf_weight=14.557828318560498 7.0824093110859385 196.15699905436486 360.37013921886683 12.899902604520319 26.427527778316289 34.563613841775805 255.21526853879914 49.473568750545382 2.8426970127038653 0.49582889676094044 5.4819688126444799 5.9572690958157182 5406.66652786138 19.021651008632034 5.2453038021922103 17.641121703200042 5.350275106728076 15.792826041579245 523.81873689778149 64.462865073233843 24.298469662666321 40.551367249339819 9.3630331940948945 18.001119745895267 23.495481871068478 1185.1001272348221 65.722130654612556 2864.0782266817987 48.885248609818518 88.042352351360023
leaf_count=287 244 2700 2437 99 348 1321 5025 898 224 23 45 96 272712 280 135 265 158 129 12057 544 215 1419 236 180 160 20429 962 88380 514 856
internal_value=9.5594e-05 0.00525032 0.00233005 0.00948201 -0.000207664 0.0309356 -0.000111002 -0.00523137 0.000434349 0.0695817 0.000374767 0.0448058 0.000299292 0.0246327 0.0522307 0.0393389 -0.00152263 -0.00306634 -0.00380818 0.00843585 0.0155369 -0.006971 0.0173756 0.00592653 0.0248371 0.000188783 0.00397423 -0.000448396 0.0184807 0.0286149
internal_weight=11397.1 628.714 569.427 373.27 10768.3 59.2871 10741.9 1029.82 9712.1 3.33853 9708.76 11.4392 9697.32 38.8248 19.8031 52.2047 774.608 725.134 719.784 146.051 130.258 573.733 49.9144 105.959 41.4966 9658.49 1387.75 8270.74 202.65 136.928
internal_count=413378 7066 5236 2536 406312 1830 405964 21021 384943 247 384696 141 384555 702 422 1586 15996 15098 14940 1228 1099 13712 1655 884 340 383853 22761 361092 2332 1370
is_linear=0
shrinkage=0.05


Tree=119
num_leaves=31
num_cat=0
split_feature=4 3 17 0 12 13 19 0 0 13 11 4 3 6 15 0 17 18 0 6 19 17 12 6 12 3 12 18 18 20
split_gain=7.04771 17.2171 16.9756 18.6233 17.5139 16.7751 14.6658 12.8833 14.9345 34.5141 16.7465 16.5868 18.0544 11.9673 12.8325 12.4193 11.8993 13.6027 11.5708 23.2012 15.1503 14.0002 11.3152 11.1892 11.0125 13.6705 11.3436 11.0083 22.6679 35.4165
threshold=4.5000000000000009 19.500000000000004 136.50000000000003 15.725000000000001 4249.0000000000009 0.10619811914209047 0.016884930337308372 7.8630000000000013 11.482500000000002 0.097396964980586406 5200.5000000000009 20.500000000000004 20.500000000000004 673.50000000000011 6229.0000000000009 149.96000000000001 167.50000000000003 34551.500000000007 99.960000000000022 3265.5000000000005 0.01372237733345019 18.500000000000004 2600.5000000000005 4160.5000000000009 26702.500000000004 10.500000000000002 169649.50000000003 3526.5000000000005 2983.5000000000005 32.500000000000007
decision_type=2 2 2 2 2 2 2 2 2 2 2 2 2 2 2 2 2 2 2 2 2 2 2 2 2 2 2 2 2 2
left_child=1 2 3 4 -1 13 -4 -2 9 -9 11 -11 -13 15 -15 -3 -8 24 19 -5 21 -20 -7 -14 -18 -26 -27 28 -16 -30
right_child=7 5 6 18 -6 22 16 8 -10 10 -12 12 23 14 27 -17 17 -19 20 -21 -22 -23 -24 -25 25 26 -28 -29 29 -31
leaf_value=-0.0046849887231402649 -0.016058872876361884 -0.0011992621497304893 0.064181772425524933 -0.023503181782931738 0.087669533370050956 0.018798669949676786 0.038006500348934991 -0.01636983223479151 -0.00084125130143120899 0.0063469426567235102 -0.027934087224709272 0.018479257963529311 -0.0077984714069097467 -0.020595234909310284 0.0012030191482730543 0.070462282117149694 0.015493995901085409 0.038335044528174871 0.0060489489513764665 0.01219438484860735 0.00016017340984795963 0.042820197717844212 -0.02546902562404051 0.073206812407584115 -0.01826379758779411 -0.011824219967042311 0.031188974396723829 -0.0031189309840948215 0.0036557248173170092 0.048399147152740969
leaf_weight=8.0320930394809675 129.82027532439679 11.447913287905978 10.716038961894808 109.04909005109221 7.2011752503458402 13.229424189310519 40.234738287050277 67.246167795732617 7515.0050041888608 49.136304575949907 9.5737520228140038 45.982229043263942 3.7344121797941616 66.38062109099701 1190.8874441453954 7.4348295852541915 138.07389919948764 32.50070926733315 64.485451274784282 71.686723147053272 333.75689765694551 40.590928917750716 91.970233769156039 37.091781803406775 72.604152309009805 22.813778425566852 31.543521123239771 980.74235050636344 125.66312217526138 64.020383309107274
leaf_count=239 2254 904 247 5174 180 191 752 1614 258482 731 143 595 61 3594 62599 362 1934 338 1996 2546 5189 817 1327 416 1531 642 1091 48900 7197 1332
internal_value=9.87508e-05 0.00195125 0.00755431 0.00264149 0.0498494 -0.000218353 0.0163395 -0.000735385 -0.000467746 0.0124411 0.0258566 0.0305013 0.0430832 0.000639902 0.000292806 0.0358611 0.0139076 0.0100745 0.00109102 -0.00939705 0.00546779 0.0215535 -0.0193018 0.0657548 0.00596336 -0.0045958 0.013661 0.000922282 0.00379401 0.0196123
internal_weight=11392.7 3535.07 983.289 634.802 15.2333 2551.78 348.487 7857.59 7727.77 212.765 145.518 135.945 86.8084 2446.58 2427.69 18.8827 337.771 297.536 619.569 180.736 438.833 105.076 105.2 40.8262 265.035 126.961 54.3573 2361.31 1380.57 189.684
internal_count=413378 149082 22676 16141 419 126406 6535 264296 262042 3560 1946 1803 1072 124888 123622 1266 6288 5536 15722 7720 8002 2813 1518 477 5198 3264 1733 120028 71128 8529
is_linear=0
shrinkage=0.05


Tree=120
num_leaves=31
num_cat=0
split_feature=0 0 15 21 6 4 19 21 10 0 0 0 6 12 0 5 3 15 0 12 15 4 18 17 19 12 3 7 0 3
split_gain=6.86333 16.3134 10.8262 11.2041 9.45027 9.80265 10.2325 8.05589 8.73526 7.52985 42.1447 18.9418 18.4691 17.6825 25.8303 12.4319 12.4683 13.8315 12.4063 11.3429 16.2698 24.0321 26.6425 27.2779 23.2553 18.7719 17.6551 28.0609 38.547 20.7187
threshold=994.47500000000014 849.50000000000011 318865.00000000006 2100.5000000000005 8359.5000000000018 11.500000000000002 0.031421014592579732 148.50000000000003 0.097277868486981195 500.01500000000004 444.97500000000008 524.97000000000014 8204.5000000000018 101308.50000000001 454.97500000000008 3480.5000000000005 183.50000000000003 309311.50000000006 390.03000000000003 182478.50000000003 123659.50000000001 37.500000000000007 5191.5000000000009 11.500000000000002 0.10665605196738982 23034.500000000004 42.500000000000007 1550.5000000000002 26.422000000000004 173.50000000000003
decision_type=2 2 2 2 2 2 2 2 2 2 2 2 2 2 2 2 2 2 2 2 2 2 2 2 2 2 2 2 2 2
left_child=1 9 3 -2 7 6 -6 8 -3 10 18 -11 13 14 -12 16 17 -14 19 20 -1 22 23 -22 -23 -24 27 -27 -29 -28
right_child=2 4 -4 -5 5 -7 -8 -9 -10 11 12 -13 15 -15 -16 -17 -18 -19 -20 -21 21 24 25 -25 -26 26 29 28 -30 -31
leaf_value=-0.00049284739177108338 -0.021090026763221966 0.041953295860575647 0.048786521812164467 0.013987339666245017 0.053447072944699171 -0.012008196297889864 -0.0026602399508053993 -0.014375163355384624 -0.017568977708610309 -0.039353898085383657 0.048342379431479204 -0.0027987450867533537 0.068325682646492539 -0.013380631967897912 2.9595492495734492e-05 -0.0089559005041013207 0.012117144273317833 -0.011581254336730818 -0.015210936811625358 -0.0034534338516061663 -0.018590358492780346 0.060867083912053546 0.022912427485977195 0.016876363546579228 0.0098372925367430954 -0.006589268424953729 -0.0085991109856241067 -0.015497411102705388 0.067225059715680879 0.003783812248010842
leaf_weight=6371.1586774745956 103.38258133153431 13.523726155515762 2.4100041133351615 25.055282045155764 34.472375239245594 7.7690913006663314 9.6550785088911635 26.046846700832248 5.8494707345962516 35.788396592251956 44.807172161992639 277.73990327399224 43.180929613765329 49.689242488238961 62.24914352921769 9.8339556949213129 22.077582692727447 4.6103786532767108 130.77767883520573 1932.8959580183728 56.959275579778478 30.750676995143294 79.636778661981225 474.79352502117399 66.069198159035295 61.107855298556387 733.09356189751998 18.627589373849332 37.683969501173124 618.80846161092632
leaf_count=204789 4429 513 48 719 369 131 74 536 30 1093 847 7883 616 1231 1377 194 484 76 3360 106789 3450 278 1154 22145 692 2379 25317 168 308 21899
internal_value=0.000101074 0.000235753 -0.0110704 -0.0139795 0.0201099 0.0336991 0.0421495 0.00278091 0.024064 5.35579e-05 0.000275903 -0.00752366 0.0209318 0.0103744 0.0215051 0.0398563 0.0468659 0.0602503 -0.000193961 5.67135e-07 0.000783094 0.0045089 0.0033397 0.0129395 0.0282378 1.30784e-05 -0.00130156 0.01689 0.0408286 -0.002938
internal_weight=11390.5 11259.7 130.848 128.438 97.3166 51.8965 44.1275 45.42 19.3732 11162.3 10848.8 313.528 236.448 156.746 107.056 79.7028 69.8689 47.7913 10612.4 10481.6 8548.69 2177.53 2080.71 531.753 96.8199 1548.96 1469.32 117.419 56.3116 1351.9
internal_count=413378 408182 5196 5148 1653 574 443 1079 543 406529 397553 8976 4825 3455 2224 1370 1176 692 392728 389368 282579 77790 76820 25595 970 51225 50071 2855 476 47216
is_linear=0
shrinkage=0.05


Tree=121
num_leaves=31
num_cat=0
split_feature=3 0 11 4 13 6 14 17 17 4 11 19 18 8 11 2 12 17 14 5 12 0 0 12 11 19 17 19 11 14
split_gain=6.76809 7.95829 7.90276 8.18107 6.78747 15.426 15.5412 10.8034 11.9213 19.657 11.5195 8.09355 11.0393 20.0856 18.3307 15.7377 14.6167 13.3203 11.8978 9.81162 8.38408 8.35919 60.9468 21.609 22.2691 18.0018 18.4081 22.73 16.587 22.0826
threshold=389.50000000000006 15.950500000000002 873.50000000000011 60.500000000000007 0.012649078527543491 2543.5000000000005 264.50000000000006 10.500000000000002 90.500000000000014 12.500000000000002 203.50000000000003 0.0082653167531711192 195.50000000000003 10.500000000000002 976.50000000000011 2.5000000000000004 21022.500000000004 6.5000000000000009 54.500000000000007 403.50000000000006 2272.5000000000005 76.995000000000019 77.970000000000013 27951.500000000004 1419.5000000000002 0.11251180515177898 3749.5000000000005 0.10684226243042361 3857.5000000000005 5550.0000000000009
decision_type=2 2 2 2 2 2 2 2 2 2 2 2 2 2 2 2 2 2 2 2 2 2 2 2 2 2 2 2 2 2
left_child=4 -2 -3 -4 5 6 7 -1 -9 10 -10 -6 13 14 16 -15 18 -17 -13 20 -20 25 23 24 -23 26 28 -28 29 -14
right_child=1 2 3 -5 11 -7 -8 8 9 -11 -12 12 21 15 -16 17 -18 -19 19 -21 -22 22 -24 -25 -26 -27 27 -29 -30 -31
leaf_value=0.019067051108111382 0.031585265422081781 0.0340508727063836 -0.026021808159412792 0.029732442418471311 -0.0077356231682050528 -0.035625603542026929 0.037150185804932255 -0.034508493141910526 0.067458472602249075 -0.02279550845872285 -0.009411604882939963 -0.0023250349751880181 -0.00087689971495854505 -0.024359234833039187 0.07085402448990287 -0.018311704324594134 -0.023303597323031628 0.050237829547470296 0.0031969558910699227 -0.024938084309683795 0.038964340412867143 0.0036200929358274209 0.00080991696460268521 0.022115162243208628 0.097805989014645184 -0.020370854923060719 0.078793139438563212 0.0053943218943618941 -0.0085946784559886979 0.03732075426588876
leaf_weight=22.816891715396196 4.34548231284134 2.4296268792822948 71.162521495483816 3.0862583376001558 295.83657539449632 37.980592255713418 17.475631602108479 40.583261108840816 8.5225449295248819 25.312651776592247 5.9176223729737094 43.399881514953449 3675.8356101124082 53.478125416208059 11.338169828522949 8.7945925612002629 18.519618159392849 11.717962792143224 21.521983447251841 4.6029838046524665 79.125192671082914 9.3070538940373826 5090.9188055100385 122.80096491286531 17.169305632822216 113.01339927711524 5.7313477434217921 776.09159695636481 754.80867287493311 33.230825602076948
leaf_count=2185 66 12 4129 192 25223 3535 157 3434 332 1963 97 1834 134996 463 185 125 677 79 274 266 2674 300 165600 5614 126 1435 49 9439 47352 565
internal_value=0.000100034 -0.0138717 -0.0182236 -0.0219746 0.000206251 -0.00990405 -0.000709903 -0.00854492 -0.0170449 0.00264711 0.0416384 0.000354482 0.0005785 0.0108078 0.0197277 -0.0105989 0.0143032 0.0230189 0.0195943 0.0283282 0.0318293 0.000329826 0.00174897 0.0327101 0.0705318 -0.00105827 -0.000623196 0.00642968 -0.00186428 -0.000484892
internal_weight=11386.9 81.0239 76.6784 74.2488 11305.9 158.609 120.629 103.153 80.3361 39.7528 14.4402 11147.2 10851.4 252.499 178.508 73.9907 167.17 20.5126 148.65 105.25 100.647 10598.9 5240.2 149.277 26.4764 5358.71 5245.7 781.823 4463.88 3709.07
internal_count=413378 4399 4333 4321 408979 11703 8168 8011 5826 2392 429 397276 372053 6577 5910 667 5725 204 5048 3214 2948 365476 171640 6040 426 193836 192401 9488 182913 135561
is_linear=0
shrinkage=0.05


end of trees

feature_importances:
amount=666
device_historical_fraud_rate=273
device_transactions_1h=272
merchant_historical_transaction_count=265
ip_historical_fraud_rate=214
merchant_historical_fraud_rate=197
device_customer_count=184
customer_historical_fraud_rate=183
merchant_historical_fraud_count=162
customer_transactions_1h=147
ip_historical_fraud_count=130
device_historical_transaction_count=106
customer_degree=93
payment_historical_fraud_rate=93
ip_customer_count=90
ip_historical_transaction_count=90
customer_historical_fraud_count=88
ip_transactions_1h=85
device_historical_fraud_count=85
payment_historical_transaction_count=71
payment_historical_fraud_count=63
customer_historical_transaction_count=60
customer_transactions_1m=43

parameters:
[boosting: gbdt]
[objective: binary]
[metric: binary_logloss]
[tree_learner: serial]
[device_type: cpu]
[data_sample_strategy: bagging]
[data: ]
[valid: ]
[num_iterations: 1500]
[learning_rate: 0.05]
[num_leaves: 31]
[num_threads: 16]
[seed: 42]
[deterministic: 0]
[force_col_wise: 0]
[force_row_wise: 0]
[histogram_pool_size: -1]
[max_depth: -1]
[min_data_in_leaf: 20]
[min_sum_hessian_in_leaf: 0.001]
[bagging_fraction: 0.9]
[pos_bagging_fraction: 1]
[neg_bagging_fraction: 1]
[bagging_freq: 0]
[bagging_seed: 400]
[bagging_by_query: 0]
[feature_fraction: 0.9]
[feature_fraction_bynode: 1]
[feature_fraction_seed: 30056]
[extra_trees: 0]
[extra_seed: 12879]
[early_stopping_round: 0]
[early_stopping_min_delta: 0]
[first_metric_only: 0]
[max_delta_step: 0]
[lambda_l1: 0]
[lambda_l2: 5]
[linear_lambda: 0]
[min_gain_to_split: 0]
[drop_rate: 0.1]
[max_drop: 50]
[skip_drop: 0.5]
[xgboost_dart_mode: 0]
[uniform_drop: 0]
[drop_seed: 17869]
[top_rate: 0.2]
[other_rate: 0.1]
[min_data_per_group: 100]
[max_cat_threshold: 32]
[cat_l2: 10]
[cat_smooth: 10]
[max_cat_to_onehot: 4]
[top_k: 20]
[monotone_constraints: ]
[monotone_constraints_method: basic]
[monotone_penalty: 0]
[feature_contri: ]
[forcedsplits_filename: ]
[refit_decay_rate: 0.9]
[cegb_tradeoff: 1]
[cegb_penalty_split: 0]
[cegb_penalty_feature_lazy: ]
[cegb_penalty_feature_coupled: ]
[path_smooth: 0]
[interaction_constraints: ]
[verbosity: -1]
[saved_feature_importance_type: 0]
[use_quantized_grad: 0]
[num_grad_quant_bins: 4]
[quant_train_renew_leaf: 0]
[stochastic_rounding: 1]
[linear_tree: 0]
[max_bin: 255]
[max_bin_by_feature: ]
[min_data_in_bin: 3]
[bin_construct_sample_cnt: 200000]
[data_random_seed: 175]
[is_enable_sparse: 1]
[enable_bundle: 1]
[use_missing: 1]
[zero_as_missing: 0]
[feature_pre_filter: 1]
[pre_partition: 0]
[two_round: 0]
[header: 0]
[label_column: ]
[weight_column: ]
[group_column: ]
[ignore_column: ]
[categorical_feature: ]
[forcedbins_filename: ]
[precise_float_parser: 0]
[parser_config_file: ]
[objective_seed: 16083]
[num_class: 1]
[is_unbalance: 0]
[scale_pos_weight: 1]
[sigmoid: 1]
[boost_from_average: 1]
[reg_sqrt: 0]
[alpha: 0.9]
[fair_c: 1]
[poisson_max_delta_step: 0.7]
[tweedie_variance_power: 1.5]
[lambdarank_truncation_level: 30]
[lambdarank_norm: 1]
[label_gain: ]
[lambdarank_position_bias_regularization: 0]
[eval_at: ]
[multi_error_top_k: 1]
[auc_mu_weights: ]
[num_machines: 1]
[local_listen_port: 12400]
[time_out: 120]
[machine_list_filename: ]
[machines: ]
[gpu_platform_id: -1]
[gpu_device_id: -1]
[gpu_device_id_list: ]
[gpu_use_dp: 0]
[num_gpu: 1]

end of parameters

pandas_categorical:[]
