threshold,tp,fp,tn,fn,flagged,precision,recall,fpr,intervention_rate,loss_avoided,fp_cost,net_value
0.0,3083,85498,0,0,88581,0.03480430340592226,1.0,1.0,1.0,375686.8168,1709960.0,-1334273.1832
0.001,3077,84879,619,6,87956,0.03498340079130474,0.9980538436587739,0.9927600645629138,0.99294431085673,375514.096,1697580.0,-1322065.904
0.002,3077,84878,620,6,87955,0.03498379853334091,0.9980538436587739,0.9927483683828862,0.9929330217541008,375514.096,1697560.0,-1322045.904
0.003,3077,84877,621,6,87954,0.034984196284421405,0.9980538436587739,0.9927366722028585,0.9929217326514715,375514.096,1697540.0,-1322025.904
0.004,3056,80053,5445,27,83109,0.03677098749834554,0.9912422964644827,0.9363142997497017,0.9382260304128425,374477.056,1601060.0,-1226582.9440000001
0.005,3056,80053,5445,27,83109,0.03677098749834554,0.9912422964644827,0.9363142997497017,0.9382260304128425,374477.056,1601060.0,-1226582.9440000001
0.006,3056,80053,5445,27,83109,0.03677098749834554,0.9912422964644827,0.9363142997497017,0.9382260304128425,374477.056,1601060.0,-1226582.9440000001
0.007,3056,80053,5445,27,83109,0.03677098749834554,0.9912422964644827,0.9363142997497017,0.9382260304128425,374477.056,1601060.0,-1226582.9440000001
0.008,3056,80053,5445,27,83109,0.03677098749834554,0.9912422964644827,0.9363142997497017,0.9382260304128425,374477.056,1601060.0,-1226582.9440000001
0.009000000000000001,3056,80053,5445,27,83109,0.03677098749834554,0.9912422964644827,0.9363142997497017,0.9382260304128425,374477.056,1601060.0,-1226582.9440000001
0.01,3019,75070,10428,64,78089,0.03866101499571002,0.9792409990269219,0.8780322346721561,0.8815547352140979,370429.608,1501400.0,-1130970.392
0.011,3018,75069,10429,65,78087,0.03864919897037919,0.9789166396367175,0.8780205384921285,0.8815321570088394,370400.04800000007,1501380.0,-1130979.952
0.012,2991,72264,13234,92,75255,0.03974486745066773,0.9701589361012001,0.8452127535147022,0.8495614183628544,369091.28080000007,1445280.0,-1076188.7192
0.013000000000000001,2963,69720,15778,120,72683,0.04076606634288623,0.9610768731754784,0.8154576715244801,0.8205258464004697,367239.78,1394400.0,-1027160.22
0.014,2936,68083,17415,147,71019,0.04134104957828187,0.9523191696399611,0.796311024819294,0.8017407796254276,365755.9304,1361660.0,-995904.0696
0.015,2849,63246,22252,234,66095,0.04310462213480596,0.9240999026921829,0.7397366020257784,0.7461532382790892,360421.18480000005,1264920.0,-904498.8152
0.016,2849,63246,22252,234,66095,0.04310462213480596,0.9240999026921829,0.7397366020257784,0.7461532382790892,360421.18480000005,1264920.0,-904498.8152
0.017,2849,63246,22252,234,66095,0.04310462213480596,0.9240999026921829,0.7397366020257784,0.7461532382790892,360421.18480000005,1264920.0,-904498.8152
0.018000000000000002,2849,63246,22252,234,66095,0.04310462213480596,0.9240999026921829,0.7397366020257784,0.7461532382790892,360421.18480000005,1264920.0,-904498.8152
0.019,2719,57158,28340,364,59877,0.04540975666783573,0.8819331819656179,0.6685302580177314,0.6759575981305246,349209.7576,1143160.0,-793950.2424
0.02,2719,57158,28340,364,59877,0.04540975666783573,0.8819331819656179,0.6685302580177314,0.6759575981305246,349209.7576,1143160.0,-793950.2424
0.021,2719,57158,28340,364,59877,0.04540975666783573,0.8819331819656179,0.6685302580177314,0.6759575981305246,349209.7576,1143160.0,-793950.2424
0.022,2502,46949,38549,581,49451,0.05059553901842228,0.8115471942912748,0.5491239561159326,0.5582574141181518,328754.04400000005,938980.0,-610225.956
0.023,2502,46949,38549,581,49451,0.05059553901842228,0.8115471942912748,0.5491239561159326,0.5582574141181518,328754.04400000005,938980.0,-610225.956
0.024,2424,43095,42403,659,45519,0.053252487972055625,0.7862471618553357,0.5040468782895506,0.5138686625800115,318224.3112,861900.0,-543675.6888
0.025,2424,43095,42403,659,45519,0.053252487972055625,0.7862471618553357,0.5040468782895506,0.5138686625800115,318224.3112,861900.0,-543675.6888
0.026000000000000002,2424,43095,42403,659,45519,0.053252487972055625,0.7862471618553357,0.5040468782895506,0.5138686625800115,318224.3112,861900.0,-543675.6888
0.027,2424,43095,42403,659,45519,0.053252487972055625,0.7862471618553357,0.5040468782895506,0.5138686625800115,318224.3112,861900.0,-543675.6888
0.028,2237,34990,50508,846,37227,0.060090794315953475,0.7255919558871229,0.40924933916582845,0.4202594235784198,292117.3392,699800.0,-407682.6608
0.029,2237,34990,50508,846,37227,0.060090794315953475,0.7255919558871229,0.40924933916582845,0.4202594235784198,292117.3392,699800.0,-407682.6608
0.03,2237,34990,50508,846,37227,0.060090794315953475,0.7255919558871229,0.40924933916582845,0.4202594235784198,292117.3392,699800.0,-407682.6608
0.031,2237,34989,50509,846,37226,0.060092408531671415,0.7255919558871229,0.40923764298580084,0.4202481344757905,292117.3392,699780.0,-407662.6608
0.032,2144,31276,54222,939,33420,0.06415320167564333,0.6954265325981187,0.36580972654331095,0.3772818098689335,279784.5888,625520.0,-345735.4112
0.033,2144,31276,54222,939,33420,0.06415320167564333,0.6954265325981187,0.36580972654331095,0.3772818098689335,279784.5888,625520.0,-345735.4112
0.034,2144,31276,54222,939,33420,0.06415320167564333,0.6954265325981187,0.36580972654331095,0.3772818098689335,279784.5888,625520.0,-345735.4112
0.035,2144,31276,54222,939,33420,0.06415320167564333,0.6954265325981187,0.36580972654331095,0.3772818098689335,279784.5888,625520.0,-345735.4112
0.036000000000000004,2078,28625,56873,1005,30703,0.06768068266944598,0.6740188128446318,0.33480315329013544,0.34660931802531014,269348.05360000004,572500.0,-303151.94639999996
0.037,2078,28625,56873,1005,30703,0.06768068266944598,0.6740188128446318,0.33480315329013544,0.34660931802531014,269348.05360000004,572500.0,-303151.94639999996
0.038,2078,28625,56873,1005,30703,0.06768068266944598,0.6740188128446318,0.33480315329013544,0.34660931802531014,269348.05360000004,572500.0,-303151.94639999996
0.039,2078,28625,56873,1005,30703,0.06768068266944598,0.6740188128446318,0.33480315329013544,0.34660931802531014,269348.05360000004,572500.0,-303151.94639999996
0.04,2078,28625,56873,1005,30703,0.06768068266944598,0.6740188128446318,0.33480315329013544,0.34660931802531014,269348.05360000004,572500.0,-303151.94639999996
0.041,2075,28505,56993,1008,30580,0.06785480706344016,0.6730457346740188,0.3333996116868231,0.34522075840191463,269218.19360000006,570100.0,-300881.80639999994
0.042,2075,28505,56993,1008,30580,0.06785480706344016,0.6730457346740188,0.3333996116868231,0.34522075840191463,269218.19360000006,570100.0,-300881.80639999994
0.043000000000000003,2075,28505,56993,1008,30580,0.06785480706344016,0.6730457346740188,0.3333996116868231,0.34522075840191463,269218.19360000006,570100.0,-300881.80639999994
0.044,1691,17568,67930,1392,19259,0.08780310504179864,0.5484917288355498,0.20547849072492924,0.21741682753637914,212389.7976,351360.0,-138970.2024
0.045,1691,17567,67931,1392,19258,0.08780766434728425,0.5484917288355498,0.20546679454490163,0.2174055384337499,212389.7976,351340.0,-138950.2024
0.046,1685,17289,68209,1398,18974,0.08880573416253822,0.5465455724943237,0.20221525649722802,0.21419943328704802,211486.95520000003,345780.0,-134293.04479999997
0.047,1685,17288,68210,1398,18973,0.08881041479997892,0.5465455724943237,0.2022035603172004,0.21418814418441878,211486.95520000003,345760.0,-134273.04479999997
0.048,1597,15701,69797,1486,17298,0.09232281188576714,0.5180019461563412,0.18364172261339445,0.19527889728045517,195939.8568,314020.0,-118080.14319999999
0.049,1597,15701,69797,1486,17298,0.09232281188576714,0.5180019461563412,0.18364172261339445,0.19527889728045517,195939.8568,314020.0,-118080.14319999999
0.05,1597,15701,69797,1486,17298,0.09232281188576714,0.5180019461563412,0.18364172261339445,0.19527889728045517,195939.8568,314020.0,-118080.14319999999
0.051000000000000004,1597,15701,69797,1486,17298,0.09232281188576714,0.5180019461563412,0.18364172261339445,0.19527889728045517,195939.8568,314020.0,-118080.14319999999
0.052000000000000005,1597,15701,69797,1486,17298,0.09232281188576714,0.5180019461563412,0.18364172261339445,0.19527889728045517,195939.8568,314020.0,-118080.14319999999
0.053,1393,11822,73676,1690,13215,0.10541051835035944,0.45183263055465456,0.13827224028632248,0.14918549124530092,155982.1232,236440.0,-80457.8768
0.054,1393,11822,73676,1690,13215,0.10541051835035944,0.45183263055465456,0.13827224028632248,0.14918549124530092,155982.1232,236440.0,-80457.8768
0.055,1393,11822,73676,1690,13215,0.10541051835035944,0.45183263055465456,0.13827224028632248,0.14918549124530092,155982.1232,236440.0,-80457.8768
0.056,1393,11822,73676,1690,13215,0.10541051835035944,0.45183263055465456,0.13827224028632248,0.14918549124530092,155982.1232,236440.0,-80457.8768
0.057,1393,11822,73676,1690,13215,0.10541051835035944,0.45183263055465456,0.13827224028632248,0.14918549124530092,155982.1232,236440.0,-80457.8768
0.058,1393,11821,73677,1690,13214,0.1054184955350386,0.45183263055465456,0.13826054410629487,0.14917420214267169,155982.1232,236420.0,-80437.8768
0.059000000000000004,1366,11427,74071,1717,12793,0.10677714375048855,0.4430749270191372,0.13365224917541932,0.144421489935765,151165.0608,228540.0,-77374.9392
0.06,1366,11426,74072,1717,12792,0.1067854909318324,0.4430749270191372,0.1336405529953917,0.14441020083313577,151165.0608,228520.0,-77354.9392
0.061,1366,11426,74072,1717,12792,0.1067854909318324,0.4430749270191372,0.1336405529953917,0.14441020083313577,151165.0608,228520.0,-77354.9392
0.062,1115,7563,77935,1968,8678,0.1284858262272413,0.3616607200778463,0.08845820954876138,0.09796683261647532,113985.52800000003,151260.0,-37274.471999999965
0.063,1115,7563,77935,1968,8678,0.1284858262272413,0.3616607200778463,0.08845820954876138,0.09796683261647532,113985.52800000003,151260.0,-37274.471999999965
0.064,1115,7563,77935,1968,8678,0.1284858262272413,0.3616607200778463,0.08845820954876138,0.09796683261647532,113985.52800000003,151260.0,-37274.471999999965
0.065,1115,7563,77935,1968,8678,0.1284858262272413,0.3616607200778463,0.08845820954876138,0.09796683261647532,113985.52800000003,151260.0,-37274.471999999965
0.066,1115,7563,77935,1968,8678,0.1284858262272413,0.3616607200778463,0.08845820954876138,0.09796683261647532,113985.52800000003,151260.0,-37274.471999999965
0.067,1114,7563,77935,1969,8677,0.12838538665437363,0.3613363606876419,0.08845820954876138,0.09795554351384608,113386.32800000004,151260.0,-37873.67199999996
0.068,1114,7563,77935,1969,8677,0.12838538665437363,0.3613363606876419,0.08845820954876138,0.09795554351384608,113386.32800000004,151260.0,-37873.67199999996
0.069,1114,7563,77935,1969,8677,0.12838538665437363,0.3613363606876419,0.08845820954876138,0.09795554351384608,113386.32800000004,151260.0,-37873.67199999996
0.07,992,5975,79523,2091,6967,0.1423855317927372,0.32176451508271164,0.06988467566492783,0.07865117801785936,90955.5984,119500.0,-28544.401599999997
0.07100000000000001,992,5975,79523,2091,6967,0.1423855317927372,0.32176451508271164,0.06988467566492783,0.07865117801785936,90955.5984,119500.0,-28544.401599999997
0.07200000000000001,915,5097,80401,2168,6012,0.15219560878243513,0.296788842036977,0.05961542960069242,0.0678700850069428,84668.50800000002,101940.0,-17271.491999999984
0.073,915,5097,80401,2168,6012,0.15219560878243513,0.296788842036977,0.05961542960069242,0.0678700850069428,84668.50800000002,101940.0,-17271.491999999984
0.074,915,5097,80401,2168,6012,0.15219560878243513,0.296788842036977,0.05961542960069242,0.0678700850069428,84668.50800000002,101940.0,-17271.491999999984
0.075,915,5096,80402,2168,6011,0.15222092829812012,0.296788842036977,0.05960373342066481,0.06785879590431357,84668.50800000002,101920.0,-17251.491999999984
0.076,915,5096,80402,2168,6011,0.15222092829812012,0.296788842036977,0.05960373342066481,0.06785879590431357,84668.50800000002,101920.0,-17251.491999999984
0.077,915,5096,80402,2168,6011,0.15222092829812012,0.296788842036977,0.05960373342066481,0.06785879590431357,84668.50800000002,101920.0,-17251.491999999984
0.078,915,5096,80402,2168,6011,0.15222092829812012,0.296788842036977,0.05960373342066481,0.06785879590431357,84668.50800000002,101920.0,-17251.491999999984
0.079,915,5096,80402,2168,6011,0.15222092829812012,0.296788842036977,0.05960373342066481,0.06785879590431357,84668.50800000002,101920.0,-17251.491999999984
0.08,915,5096,80402,2168,6011,0.15222092829812012,0.296788842036977,0.05960373342066481,0.06785879590431357,84668.50800000002,101920.0,-17251.491999999984
0.081,915,5096,80402,2168,6011,0.15222092829812012,0.296788842036977,0.05960373342066481,0.06785879590431357,84668.50800000002,101920.0,-17251.491999999984
0.082,915,5096,80402,2168,6011,0.15222092829812012,0.296788842036977,0.05960373342066481,0.06785879590431357,84668.50800000002,101920.0,-17251.491999999984
0.083,915,5096,80402,2168,6011,0.15222092829812012,0.296788842036977,0.05960373342066481,0.06785879590431357,84668.50800000002,101920.0,-17251.491999999984
0.084,915,5096,80402,2168,6011,0.15222092829812012,0.296788842036977,0.05960373342066481,0.06785879590431357,84668.50800000002,101920.0,-17251.491999999984
0.085,915,5096,80402,2168,6011,0.15222092829812012,0.296788842036977,0.05960373342066481,0.06785879590431357,84668.50800000002,101920.0,-17251.491999999984
0.08600000000000001,915,5096,80402,2168,6011,0.15222092829812012,0.296788842036977,0.05960373342066481,0.06785879590431357,84668.50800000002,101920.0,-17251.491999999984
0.08700000000000001,915,5096,80402,2168,6011,0.15222092829812012,0.296788842036977,0.05960373342066481,0.06785879590431357,84668.50800000002,101920.0,-17251.491999999984
0.088,915,5096,80402,2168,6011,0.15222092829812012,0.296788842036977,0.05960373342066481,0.06785879590431357,84668.50800000002,101920.0,-17251.491999999984
0.089,915,5096,80402,2168,6011,0.15222092829812012,0.296788842036977,0.05960373342066481,0.06785879590431357,84668.50800000002,101920.0,-17251.491999999984
0.09,915,5096,80402,2168,6011,0.15222092829812012,0.296788842036977,0.05960373342066481,0.06785879590431357,84668.50800000002,101920.0,-17251.491999999984
0.091,915,5096,80402,2168,6011,0.15222092829812012,0.296788842036977,0.05960373342066481,0.06785879590431357,84668.50800000002,101920.0,-17251.491999999984
0.092,915,5096,80402,2168,6011,0.15222092829812012,0.296788842036977,0.05960373342066481,0.06785879590431357,84668.50800000002,101920.0,-17251.491999999984
0.093,915,5096,80402,2168,6011,0.15222092829812012,0.296788842036977,0.05960373342066481,0.06785879590431357,84668.50800000002,101920.0,-17251.491999999984
0.094,915,5096,80402,2168,6011,0.15222092829812012,0.296788842036977,0.05960373342066481,0.06785879590431357,84668.50800000002,101920.0,-17251.491999999984
0.095,915,5096,80402,2168,6011,0.15222092829812012,0.296788842036977,0.05960373342066481,0.06785879590431357,84668.50800000002,101920.0,-17251.491999999984
0.096,915,5096,80402,2168,6011,0.15222092829812012,0.296788842036977,0.05960373342066481,0.06785879590431357,84668.50800000002,101920.0,-17251.491999999984
0.097,915,5096,80402,2168,6011,0.15222092829812012,0.296788842036977,0.05960373342066481,0.06785879590431357,84668.50800000002,101920.0,-17251.491999999984
0.098,915,5096,80402,2168,6011,0.15222092829812012,0.296788842036977,0.05960373342066481,0.06785879590431357,84668.50800000002,101920.0,-17251.491999999984
0.099,915,5096,80402,2168,6011,0.15222092829812012,0.296788842036977,0.05960373342066481,0.06785879590431357,84668.50800000002,101920.0,-17251.491999999984
0.1,915,5096,80402,2168,6011,0.15222092829812012,0.296788842036977,0.05960373342066481,0.06785879590431357,84668.50800000002,101920.0,-17251.491999999984
0.101,915,5096,80402,2168,6011,0.15222092829812012,0.296788842036977,0.05960373342066481,0.06785879590431357,84668.50800000002,101920.0,-17251.491999999984
0.10200000000000001,915,5096,80402,2168,6011,0.15222092829812012,0.296788842036977,0.05960373342066481,0.06785879590431357,84668.50800000002,101920.0,-17251.491999999984
0.10300000000000001,915,5096,80402,2168,6011,0.15222092829812012,0.296788842036977,0.05960373342066481,0.06785879590431357,84668.50800000002,101920.0,-17251.491999999984
0.10400000000000001,904,4945,80553,2179,5849,0.1545563344161395,0.2932208887447292,0.05783761023649676,0.06602996127837799,82068.85840000001,98900.0,-16831.141599999988
0.105,904,4944,80554,2179,5848,0.1545827633378933,0.2932208887447292,0.057825914056469155,0.06601867217574875,82068.85840000001,98880.0,-16811.141599999988
0.106,844,4320,81178,2239,5164,0.16343919442292795,0.2737593253324684,0.0505274977192449,0.05829692597735406,76232.34,86400.0,-10167.660000000003
0.107,844,4320,81178,2239,5164,0.16343919442292795,0.2737593253324684,0.0505274977192449,0.05829692597735406,76232.34,86400.0,-10167.660000000003
0.108,844,4320,81178,2239,5164,0.16343919442292795,0.2737593253324684,0.0505274977192449,0.05829692597735406,76232.34,86400.0,-10167.660000000003
0.109,844,4319,81179,2239,5163,0.16347085028084446,0.2737593253324684,0.050515801539217295,0.05828563687472483,76232.34,86380.0,-10147.660000000003
0.11,844,4319,81179,2239,5163,0.16347085028084446,0.2737593253324684,0.050515801539217295,0.05828563687472483,76232.34,86380.0,-10147.660000000003
0.111,844,4319,81179,2239,5163,0.16347085028084446,0.2737593253324684,0.050515801539217295,0.05828563687472483,76232.34,86380.0,-10147.660000000003
0.112,844,4319,81179,2239,5163,0.16347085028084446,0.2737593253324684,0.050515801539217295,0.05828563687472483,76232.34,86380.0,-10147.660000000003
0.113,702,3101,82397,2381,3803,0.18459111227977912,0.22770029192345118,0.036269854265596854,0.04293245729896931,64962.35360000001,62020.0,2942.3536000000095
0.114,577,2058,83440,2506,2635,0.21897533206831118,0.18715536814790787,0.024070738496806944,0.029746785428026327,56711.9944,41160.0,15551.994400000003
0.115,577,2058,83440,2506,2635,0.21897533206831118,0.18715536814790787,0.024070738496806944,0.029746785428026327,56711.9944,41160.0,15551.994400000003
0.116,550,1874,83624,2533,2424,0.2268976897689769,0.17839766461239054,0.021918641371727995,0.027364784773258374,55454.304,37480.0,17974.303999999996
0.117,550,1874,83624,2533,2424,0.2268976897689769,0.17839766461239054,0.021918641371727995,0.027364784773258374,55454.304,37480.0,17974.303999999996
0.11800000000000001,550,1874,83624,2533,2424,0.2268976897689769,0.17839766461239054,0.021918641371727995,0.027364784773258374,55454.304,37480.0,17974.303999999996
0.11900000000000001,550,1874,83624,2533,2424,0.2268976897689769,0.17839766461239054,0.021918641371727995,0.027364784773258374,55454.304,37480.0,17974.303999999996
0.12,550,1874,83624,2533,2424,0.2268976897689769,0.17839766461239054,0.021918641371727995,0.027364784773258374,55454.304,37480.0,17974.303999999996
0.121,550,1874,83624,2533,2424,0.2268976897689769,0.17839766461239054,0.021918641371727995,0.027364784773258374,55454.304,37480.0,17974.303999999996
0.122,550,1874,83624,2533,2424,0.2268976897689769,0.17839766461239054,0.021918641371727995,0.027364784773258374,55454.304,37480.0,17974.303999999996
0.123,550,1874,83624,2533,2424,0.2268976897689769,0.17839766461239054,0.021918641371727995,0.027364784773258374,55454.304,37480.0,17974.303999999996
0.124,550,1874,83624,2533,2424,0.2268976897689769,0.17839766461239054,0.021918641371727995,0.027364784773258374,55454.304,37480.0,17974.303999999996
0.125,550,1874,83624,2533,2424,0.2268976897689769,0.17839766461239054,0.021918641371727995,0.027364784773258374,55454.304,37480.0,17974.303999999996
0.126,550,1874,83624,2533,2424,0.2268976897689769,0.17839766461239054,0.021918641371727995,0.027364784773258374,55454.304,37480.0,17974.303999999996
0.127,384,1126,84372,2699,1510,0.2543046357615894,0.12455400583846903,0.01316989871108096,0.017046544970140323,39991.804000000004,22520.0,17471.804000000004
0.128,384,1126,84372,2699,1510,0.2543046357615894,0.12455400583846903,0.01316989871108096,0.017046544970140323,39991.804000000004,22520.0,17471.804000000004
0.129,384,1126,84372,2699,1510,0.2543046357615894,0.12455400583846903,0.01316989871108096,0.017046544970140323,39991.804000000004,22520.0,17471.804000000004
0.13,384,1126,84372,2699,1510,0.2543046357615894,0.12455400583846903,0.01316989871108096,0.017046544970140323,39991.804000000004,22520.0,17471.804000000004
0.131,384,1126,84372,2699,1510,0.2543046357615894,0.12455400583846903,0.01316989871108096,0.017046544970140323,39991.804000000004,22520.0,17471.804000000004
0.132,384,1126,84372,2699,1510,0.2543046357615894,0.12455400583846903,0.01316989871108096,0.017046544970140323,39991.804000000004,22520.0,17471.804000000004
0.133,384,1126,84372,2699,1510,0.2543046357615894,0.12455400583846903,0.01316989871108096,0.017046544970140323,39991.804000000004,22520.0,17471.804000000004
0.134,384,1126,84372,2699,1510,0.2543046357615894,0.12455400583846903,0.01316989871108096,0.017046544970140323,39991.804000000004,22520.0,17471.804000000004
0.135,384,1126,84372,2699,1510,0.2543046357615894,0.12455400583846903,0.01316989871108096,0.017046544970140323,39991.804000000004,22520.0,17471.804000000004
0.136,384,1126,84372,2699,1510,0.2543046357615894,0.12455400583846903,0.01316989871108096,0.017046544970140323,39991.804000000004,22520.0,17471.804000000004
0.137,384,1126,84372,2699,1510,0.2543046357615894,0.12455400583846903,0.01316989871108096,0.017046544970140323,39991.804000000004,22520.0,17471.804000000004
0.138,384,1126,84372,2699,1510,0.2543046357615894,0.12455400583846903,0.01316989871108096,0.017046544970140323,39991.804000000004,22520.0,17471.804000000004
0.139,384,1126,84372,2699,1510,0.2543046357615894,0.12455400583846903,0.01316989871108096,0.017046544970140323,39991.804000000004,22520.0,17471.804000000004
0.14,384,1126,84372,2699,1510,0.2543046357615894,0.12455400583846903,0.01316989871108096,0.017046544970140323,39991.804000000004,22520.0,17471.804000000004
0.14100000000000001,384,1126,84372,2699,1510,0.2543046357615894,0.12455400583846903,0.01316989871108096,0.017046544970140323,39991.804000000004,22520.0,17471.804000000004
0.14200000000000002,384,1126,84372,2699,1510,0.2543046357615894,0.12455400583846903,0.01316989871108096,0.017046544970140323,39991.804000000004,22520.0,17471.804000000004
0.14300000000000002,384,1126,84372,2699,1510,0.2543046357615894,0.12455400583846903,0.01316989871108096,0.017046544970140323,39991.804000000004,22520.0,17471.804000000004
0.14400000000000002,384,1126,84372,2699,1510,0.2543046357615894,0.12455400583846903,0.01316989871108096,0.017046544970140323,39991.804000000004,22520.0,17471.804000000004
0.145,384,1126,84372,2699,1510,0.2543046357615894,0.12455400583846903,0.01316989871108096,0.017046544970140323,39991.804000000004,22520.0,17471.804000000004
0.146,384,1126,84372,2699,1510,0.2543046357615894,0.12455400583846903,0.01316989871108096,0.017046544970140323,39991.804000000004,22520.0,17471.804000000004
0.147,384,1126,84372,2699,1510,0.2543046357615894,0.12455400583846903,0.01316989871108096,0.017046544970140323,39991.804000000004,22520.0,17471.804000000004
0.148,384,1126,84372,2699,1510,0.2543046357615894,0.12455400583846903,0.01316989871108096,0.017046544970140323,39991.804000000004,22520.0,17471.804000000004
0.149,384,1126,84372,2699,1510,0.2543046357615894,0.12455400583846903,0.01316989871108096,0.017046544970140323,39991.804000000004,22520.0,17471.804000000004
0.15,383,1125,84373,2700,1508,0.2539787798408488,0.12422964644826467,0.013158202531053358,0.01702396676488186,39944.1936,22500.0,17444.1936
0.151,383,1125,84373,2700,1508,0.2539787798408488,0.12422964644826467,0.013158202531053358,0.01702396676488186,39944.1936,22500.0,17444.1936
0.152,383,1124,84374,2700,1507,0.2541473125414731,0.12422964644826467,0.013146506351025756,0.017012677662252628,39944.1936,22480.0,17464.1936
0.153,383,1124,84374,2700,1507,0.2541473125414731,0.12422964644826467,0.013146506351025756,0.017012677662252628,39944.1936,22480.0,17464.1936
0.154,383,1124,84374,2700,1507,0.2541473125414731,0.12422964644826467,0.013146506351025756,0.017012677662252628,39944.1936,22480.0,17464.1936
0.155,383,1124,84374,2700,1507,0.2541473125414731,0.12422964644826467,0.013146506351025756,0.017012677662252628,39944.1936,22480.0,17464.1936
0.156,383,1123,84375,2700,1506,0.2543160690571049,0.12422964644826467,0.013134810170998152,0.017001388559623395,39944.1936,22460.0,17484.1936
0.157,383,1123,84375,2700,1506,0.2543160690571049,0.12422964644826467,0.013134810170998152,0.017001388559623395,39944.1936,22460.0,17484.1936
0.158,383,1123,84375,2700,1506,0.2543160690571049,0.12422964644826467,0.013134810170998152,0.017001388559623395,39944.1936,22460.0,17484.1936
0.159,383,1123,84375,2700,1506,0.2543160690571049,0.12422964644826467,0.013134810170998152,0.017001388559623395,39944.1936,22460.0,17484.1936
0.16,383,1123,84375,2700,1506,0.2543160690571049,0.12422964644826467,0.013134810170998152,0.017001388559623395,39944.1936,22460.0,17484.1936
0.161,383,1123,84375,2700,1506,0.2543160690571049,0.12422964644826467,0.013134810170998152,0.017001388559623395,39944.1936,22460.0,17484.1936
0.162,383,1123,84375,2700,1506,0.2543160690571049,0.12422964644826467,0.013134810170998152,0.017001388559623395,39944.1936,22460.0,17484.1936
0.163,383,1122,84376,2700,1505,0.25448504983388703,0.12422964644826467,0.01312311399097055,0.016990099456994163,39944.1936,22440.0,17504.1936
0.164,383,1122,84376,2700,1505,0.25448504983388703,0.12422964644826467,0.01312311399097055,0.016990099456994163,39944.1936,22440.0,17504.1936
0.165,383,1122,84376,2700,1505,0.25448504983388703,0.12422964644826467,0.01312311399097055,0.016990099456994163,39944.1936,22440.0,17504.1936
0.166,383,1121,84377,2700,1504,0.2546542553191489,0.12422964644826467,0.013111417810942947,0.01697881035436493,39944.1936,22420.0,17524.1936
0.167,375,1083,84415,2708,1458,0.257201646090535,0.1216347713266299,0.012666962969894032,0.01645951163342026,39299.0024,21660.0,17639.002399999998
0.168,375,1082,84416,2708,1457,0.2573781743308167,0.1216347713266299,0.01265526678986643,0.016448222530791028,39299.0024,21640.0,17659.002399999998
0.169,375,1080,84418,2708,1455,0.25773195876288657,0.1216347713266299,0.012631874429811224,0.016425644325532562,39299.0024,21600.0,17699.002399999998
0.17,269,640,84858,2814,909,0.29592959295929594,0.08725267596496919,0.00748555521766591,0.01026179428997189,29785.456800000004,12800.0,16985.456800000004
0.171,238,531,84967,2845,769,0.3094928478543563,0.07719753486863444,0.006210671594657185,0.00868131992187941,26458.5864,10620.0,15838.5864
0.17200000000000001,238,531,84967,2845,769,0.3094928478543563,0.07719753486863444,0.006210671594657185,0.00868131992187941,26458.5864,10620.0,15838.5864
0.17300000000000001,238,531,84967,2845,769,0.3094928478543563,0.07719753486863444,0.006210671594657185,0.00868131992187941,26458.5864,10620.0,15838.5864
0.17400000000000002,238,531,84967,2845,769,0.3094928478543563,0.07719753486863444,0.006210671594657185,0.00868131992187941,26458.5864,10620.0,15838.5864
0.17500000000000002,238,531,84967,2845,769,0.3094928478543563,0.07719753486863444,0.006210671594657185,0.00868131992187941,26458.5864,10620.0,15838.5864
0.176,238,531,84967,2845,769,0.3094928478543563,0.07719753486863444,0.006210671594657185,0.00868131992187941,26458.5864,10620.0,15838.5864
0.177,238,531,84967,2845,769,0.3094928478543563,0.07719753486863444,0.006210671594657185,0.00868131992187941,26458.5864,10620.0,15838.5864
0.178,238,531,84967,2845,769,0.3094928478543563,0.07719753486863444,0.006210671594657185,0.00868131992187941,26458.5864,10620.0,15838.5864
0.179,238,531,84967,2845,769,0.3094928478543563,0.07719753486863444,0.006210671594657185,0.00868131992187941,26458.5864,10620.0,15838.5864
0.18,238,531,84967,2845,769,0.3094928478543563,0.07719753486863444,0.006210671594657185,0.00868131992187941,26458.5864,10620.0,15838.5864
0.181,238,531,84967,2845,769,0.3094928478543563,0.07719753486863444,0.006210671594657185,0.00868131992187941,26458.5864,10620.0,15838.5864
0.182,238,531,84967,2845,769,0.3094928478543563,0.07719753486863444,0.006210671594657185,0.00868131992187941,26458.5864,10620.0,15838.5864
0.183,238,531,84967,2845,769,0.3094928478543563,0.07719753486863444,0.006210671594657185,0.00868131992187941,26458.5864,10620.0,15838.5864
0.184,238,531,84967,2845,769,0.3094928478543563,0.07719753486863444,0.006210671594657185,0.00868131992187941,26458.5864,10620.0,15838.5864
0.185,238,531,84967,2845,769,0.3094928478543563,0.07719753486863444,0.006210671594657185,0.00868131992187941,26458.5864,10620.0,15838.5864
0.186,238,531,84967,2845,769,0.3094928478543563,0.07719753486863444,0.006210671594657185,0.00868131992187941,26458.5864,10620.0,15838.5864
0.187,238,531,84967,2845,769,0.3094928478543563,0.07719753486863444,0.006210671594657185,0.00868131992187941,26458.5864,10620.0,15838.5864
0.188,238,531,84967,2845,769,0.3094928478543563,0.07719753486863444,0.006210671594657185,0.00868131992187941,26458.5864,10620.0,15838.5864
0.189,238,531,84967,2845,769,0.3094928478543563,0.07719753486863444,0.006210671594657185,0.00868131992187941,26458.5864,10620.0,15838.5864
0.19,238,531,84967,2845,769,0.3094928478543563,0.07719753486863444,0.006210671594657185,0.00868131992187941,26458.5864,10620.0,15838.5864
0.191,238,531,84967,2845,769,0.3094928478543563,0.07719753486863444,0.006210671594657185,0.00868131992187941,26458.5864,10620.0,15838.5864
0.192,238,531,84967,2845,769,0.3094928478543563,0.07719753486863444,0.006210671594657185,0.00868131992187941,26458.5864,10620.0,15838.5864
0.193,238,531,84967,2845,769,0.3094928478543563,0.07719753486863444,0.006210671594657185,0.00868131992187941,26458.5864,10620.0,15838.5864
0.194,238,531,84967,2845,769,0.3094928478543563,0.07719753486863444,0.006210671594657185,0.00868131992187941,26458.5864,10620.0,15838.5864
0.195,238,531,84967,2845,769,0.3094928478543563,0.07719753486863444,0.006210671594657185,0.00868131992187941,26458.5864,10620.0,15838.5864
0.196,238,531,84967,2845,769,0.3094928478543563,0.07719753486863444,0.006210671594657185,0.00868131992187941,26458.5864,10620.0,15838.5864
0.197,238,531,84967,2845,769,0.3094928478543563,0.07719753486863444,0.006210671594657185,0.00868131992187941,26458.5864,10620.0,15838.5864
0.198,238,531,84967,2845,769,0.3094928478543563,0.07719753486863444,0.006210671594657185,0.00868131992187941,26458.5864,10620.0,15838.5864
0.199,238,531,84967,2845,769,0.3094928478543563,0.07719753486863444,0.006210671594657185,0.00868131992187941,26458.5864,10620.0,15838.5864
0.2,238,531,84967,2845,769,0.3094928478543563,0.07719753486863444,0.006210671594657185,0.00868131992187941,26458.5864,10620.0,15838.5864
0.201,214,468,85030,2869,682,0.31378299120234604,0.06941290950373014,0.005473812252918197,0.007699167993136226,24868.118400000007,9360.0,15508.118400000007
0.202,214,468,85030,2869,682,0.31378299120234604,0.06941290950373014,0.005473812252918197,0.007699167993136226,24868.118400000007,9360.0,15508.118400000007
0.203,214,468,85030,2869,682,0.31378299120234604,0.06941290950373014,0.005473812252918197,0.007699167993136226,24868.118400000007,9360.0,15508.118400000007
0.20400000000000001,214,468,85030,2869,682,0.31378299120234604,0.06941290950373014,0.005473812252918197,0.007699167993136226,24868.118400000007,9360.0,15508.118400000007
0.20500000000000002,214,468,85030,2869,682,0.31378299120234604,0.06941290950373014,0.005473812252918197,0.007699167993136226,24868.118400000007,9360.0,15508.118400000007
0.20600000000000002,214,468,85030,2869,682,0.31378299120234604,0.06941290950373014,0.005473812252918197,0.007699167993136226,24868.118400000007,9360.0,15508.118400000007
0.20700000000000002,214,468,85030,2869,682,0.31378299120234604,0.06941290950373014,0.005473812252918197,0.007699167993136226,24868.118400000007,9360.0,15508.118400000007
0.20800000000000002,214,468,85030,2869,682,0.31378299120234604,0.06941290950373014,0.005473812252918197,0.007699167993136226,24868.118400000007,9360.0,15508.118400000007
0.209,214,468,85030,2869,682,0.31378299120234604,0.06941290950373014,0.005473812252918197,0.007699167993136226,24868.118400000007,9360.0,15508.118400000007
0.21,214,468,85030,2869,682,0.31378299120234604,0.06941290950373014,0.005473812252918197,0.007699167993136226,24868.118400000007,9360.0,15508.118400000007
0.211,214,468,85030,2869,682,0.31378299120234604,0.06941290950373014,0.005473812252918197,0.007699167993136226,24868.118400000007,9360.0,15508.118400000007
0.212,214,468,85030,2869,682,0.31378299120234604,0.06941290950373014,0.005473812252918197,0.007699167993136226,24868.118400000007,9360.0,15508.118400000007
0.213,214,468,85030,2869,682,0.31378299120234604,0.06941290950373014,0.005473812252918197,0.007699167993136226,24868.118400000007,9360.0,15508.118400000007
0.214,214,468,85030,2869,682,0.31378299120234604,0.06941290950373014,0.005473812252918197,0.007699167993136226,24868.118400000007,9360.0,15508.118400000007
0.215,214,468,85030,2869,682,0.31378299120234604,0.06941290950373014,0.005473812252918197,0.007699167993136226,24868.118400000007,9360.0,15508.118400000007
0.216,214,468,85030,2869,682,0.31378299120234604,0.06941290950373014,0.005473812252918197,0.007699167993136226,24868.118400000007,9360.0,15508.118400000007
0.217,214,468,85030,2869,682,0.31378299120234604,0.06941290950373014,0.005473812252918197,0.007699167993136226,24868.118400000007,9360.0,15508.118400000007
0.218,214,468,85030,2869,682,0.31378299120234604,0.06941290950373014,0.005473812252918197,0.007699167993136226,24868.118400000007,9360.0,15508.118400000007
0.219,214,468,85030,2869,682,0.31378299120234604,0.06941290950373014,0.005473812252918197,0.007699167993136226,24868.118400000007,9360.0,15508.118400000007
0.22,214,468,85030,2869,682,0.31378299120234604,0.06941290950373014,0.005473812252918197,0.007699167993136226,24868.118400000007,9360.0,15508.118400000007
0.221,214,468,85030,2869,682,0.31378299120234604,0.06941290950373014,0.005473812252918197,0.007699167993136226,24868.118400000007,9360.0,15508.118400000007
0.222,214,468,85030,2869,682,0.31378299120234604,0.06941290950373014,0.005473812252918197,0.007699167993136226,24868.118400000007,9360.0,15508.118400000007
0.223,214,468,85030,2869,682,0.31378299120234604,0.06941290950373014,0.005473812252918197,0.007699167993136226,24868.118400000007,9360.0,15508.118400000007
0.224,214,468,85030,2869,682,0.31378299120234604,0.06941290950373014,0.005473812252918197,0.007699167993136226,24868.118400000007,9360.0,15508.118400000007
0.225,214,468,85030,2869,682,0.31378299120234604,0.06941290950373014,0.005473812252918197,0.007699167993136226,24868.118400000007,9360.0,15508.118400000007
0.226,214,468,85030,2869,682,0.31378299120234604,0.06941290950373014,0.005473812252918197,0.007699167993136226,24868.118400000007,9360.0,15508.118400000007
0.227,214,468,85030,2869,682,0.31378299120234604,0.06941290950373014,0.005473812252918197,0.007699167993136226,24868.118400000007,9360.0,15508.118400000007
0.228,214,468,85030,2869,682,0.31378299120234604,0.06941290950373014,0.005473812252918197,0.007699167993136226,24868.118400000007,9360.0,15508.118400000007
0.229,214,468,85030,2869,682,0.31378299120234604,0.06941290950373014,0.005473812252918197,0.007699167993136226,24868.118400000007,9360.0,15508.118400000007
0.23,214,468,85030,2869,682,0.31378299120234604,0.06941290950373014,0.005473812252918197,0.007699167993136226,24868.118400000007,9360.0,15508.118400000007
0.231,214,468,85030,2869,682,0.31378299120234604,0.06941290950373014,0.005473812252918197,0.007699167993136226,24868.118400000007,9360.0,15508.118400000007
0.232,214,468,85030,2869,682,0.31378299120234604,0.06941290950373014,0.005473812252918197,0.007699167993136226,24868.118400000007,9360.0,15508.118400000007
0.233,214,468,85030,2869,682,0.31378299120234604,0.06941290950373014,0.005473812252918197,0.007699167993136226,24868.118400000007,9360.0,15508.118400000007
0.234,214,468,85030,2869,682,0.31378299120234604,0.06941290950373014,0.005473812252918197,0.007699167993136226,24868.118400000007,9360.0,15508.118400000007
0.23500000000000001,214,468,85030,2869,682,0.31378299120234604,0.06941290950373014,0.005473812252918197,0.007699167993136226,24868.118400000007,9360.0,15508.118400000007
0.23600000000000002,101,118,85380,2982,219,0.4611872146118721,0.03276029841063899,0.0013801492432571523,0.0024723134758018084,11531.9344,2360.0,9171.9344
0.23700000000000002,101,118,85380,2982,219,0.4611872146118721,0.03276029841063899,0.0013801492432571523,0.0024723134758018084,11531.9344,2360.0,9171.9344
0.23800000000000002,101,118,85380,2982,219,0.4611872146118721,0.03276029841063899,0.0013801492432571523,0.0024723134758018084,11531.9344,2360.0,9171.9344
0.23900000000000002,101,118,85380,2982,219,0.4611872146118721,0.03276029841063899,0.0013801492432571523,0.0024723134758018084,11531.9344,2360.0,9171.9344
0.24,101,118,85380,2982,219,0.4611872146118721,0.03276029841063899,0.0013801492432571523,0.0024723134758018084,11531.9344,2360.0,9171.9344
0.241,101,118,85380,2982,219,0.4611872146118721,0.03276029841063899,0.0013801492432571523,0.0024723134758018084,11531.9344,2360.0,9171.9344
0.242,101,117,85381,2982,218,0.463302752293578,0.03276029841063899,0.0013684530632295491,0.0024610243731725766,11531.9344,2340.0,9191.9344
0.243,101,117,85381,2982,218,0.463302752293578,0.03276029841063899,0.0013684530632295491,0.0024610243731725766,11531.9344,2340.0,9191.9344
0.244,101,117,85381,2982,218,0.463302752293578,0.03276029841063899,0.0013684530632295491,0.0024610243731725766,11531.9344,2340.0,9191.9344
0.245,101,117,85381,2982,218,0.463302752293578,0.03276029841063899,0.0013684530632295491,0.0024610243731725766,11531.9344,2340.0,9191.9344
0.246,101,117,85381,2982,218,0.463302752293578,0.03276029841063899,0.0013684530632295491,0.0024610243731725766,11531.9344,2340.0,9191.9344
0.247,101,116,85382,2982,217,0.46543778801843316,0.03276029841063899,0.0013567568832019462,0.0024497352705433444,11531.9344,2320.0,9211.9344
0.248,101,116,85382,2982,217,0.46543778801843316,0.03276029841063899,0.0013567568832019462,0.0024497352705433444,11531.9344,2320.0,9211.9344
0.249,101,116,85382,2982,217,0.46543778801843316,0.03276029841063899,0.0013567568832019462,0.0024497352705433444,11531.9344,2320.0,9211.9344
0.25,101,116,85382,2982,217,0.46543778801843316,0.03276029841063899,0.0013567568832019462,0.0024497352705433444,11531.9344,2320.0,9211.9344
0.251,98,115,85383,2985,213,0.460093896713615,0.03178722024002595,0.0013450607031743433,0.0024045788600264165,11132.8592,2300.0,8832.8592
0.252,98,115,85383,2985,213,0.460093896713615,0.03178722024002595,0.0013450607031743433,0.0024045788600264165,11132.8592,2300.0,8832.8592
0.253,98,115,85383,2985,213,0.460093896713615,0.03178722024002595,0.0013450607031743433,0.0024045788600264165,11132.8592,2300.0,8832.8592
0.254,98,115,85383,2985,213,0.460093896713615,0.03178722024002595,0.0013450607031743433,0.0024045788600264165,11132.8592,2300.0,8832.8592
0.255,98,115,85383,2985,213,0.460093896713615,0.03178722024002595,0.0013450607031743433,0.0024045788600264165,11132.8592,2300.0,8832.8592
0.256,98,115,85383,2985,213,0.460093896713615,0.03178722024002595,0.0013450607031743433,0.0024045788600264165,11132.8592,2300.0,8832.8592
0.257,98,115,85383,2985,213,0.460093896713615,0.03178722024002595,0.0013450607031743433,0.0024045788600264165,11132.8592,2300.0,8832.8592
0.258,98,115,85383,2985,213,0.460093896713615,0.03178722024002595,0.0013450607031743433,0.0024045788600264165,11132.8592,2300.0,8832.8592
0.259,98,115,85383,2985,213,0.460093896713615,0.03178722024002595,0.0013450607031743433,0.0024045788600264165,11132.8592,2300.0,8832.8592
0.26,98,115,85383,2985,213,0.460093896713615,0.03178722024002595,0.0013450607031743433,0.0024045788600264165,11132.8592,2300.0,8832.8592
0.261,98,115,85383,2985,213,0.460093896713615,0.03178722024002595,0.0013450607031743433,0.0024045788600264165,11132.8592,2300.0,8832.8592
0.262,98,115,85383,2985,213,0.460093896713615,0.03178722024002595,0.0013450607031743433,0.0024045788600264165,11132.8592,2300.0,8832.8592
0.263,52,65,85433,3031,117,0.4444444444444444,0.016866688290626014,0.000760251701794194,0.0013208250076201442,6128.475200000001,1300.0,4828.475200000001
0.264,52,65,85433,3031,117,0.4444444444444444,0.016866688290626014,0.000760251701794194,0.0013208250076201442,6128.475200000001,1300.0,4828.475200000001
0.265,52,64,85434,3031,116,0.4482758620689655,0.016866688290626014,0.000748555521766591,0.0013095359049909122,6128.475200000001,1280.0,4848.475200000001
0.266,52,64,85434,3031,116,0.4482758620689655,0.016866688290626014,0.000748555521766591,0.0013095359049909122,6128.475200000001,1280.0,4848.475200000001
0.267,52,64,85434,3031,116,0.4482758620689655,0.016866688290626014,0.000748555521766591,0.0013095359049909122,6128.475200000001,1280.0,4848.475200000001
0.268,52,64,85434,3031,116,0.4482758620689655,0.016866688290626014,0.000748555521766591,0.0013095359049909122,6128.475200000001,1280.0,4848.475200000001
0.269,52,64,85434,3031,116,0.4482758620689655,0.016866688290626014,0.000748555521766591,0.0013095359049909122,6128.475200000001,1280.0,4848.475200000001
0.27,52,64,85434,3031,116,0.4482758620689655,0.016866688290626014,0.000748555521766591,0.0013095359049909122,6128.475200000001,1280.0,4848.475200000001
0.271,52,64,85434,3031,116,0.4482758620689655,0.016866688290626014,0.000748555521766591,0.0013095359049909122,6128.475200000001,1280.0,4848.475200000001
0.272,52,64,85434,3031,116,0.4482758620689655,0.016866688290626014,0.000748555521766591,0.0013095359049909122,6128.475200000001,1280.0,4848.475200000001
0.273,52,64,85434,3031,116,0.4482758620689655,0.016866688290626014,0.000748555521766591,0.0013095359049909122,6128.475200000001,1280.0,4848.475200000001
0.274,52,64,85434,3031,116,0.4482758620689655,0.016866688290626014,0.000748555521766591,0.0013095359049909122,6128.475200000001,1280.0,4848.475200000001
0.275,52,64,85434,3031,116,0.4482758620689655,0.016866688290626014,0.000748555521766591,0.0013095359049909122,6128.475200000001,1280.0,4848.475200000001
0.276,52,64,85434,3031,116,0.4482758620689655,0.016866688290626014,0.000748555521766591,0.0013095359049909122,6128.475200000001,1280.0,4848.475200000001
0.277,52,64,85434,3031,116,0.4482758620689655,0.016866688290626014,0.000748555521766591,0.0013095359049909122,6128.475200000001,1280.0,4848.475200000001
0.278,52,64,85434,3031,116,0.4482758620689655,0.016866688290626014,0.000748555521766591,0.0013095359049909122,6128.475200000001,1280.0,4848.475200000001
0.279,52,64,85434,3031,116,0.4482758620689655,0.016866688290626014,0.000748555521766591,0.0013095359049909122,6128.475200000001,1280.0,4848.475200000001
0.28,52,64,85434,3031,116,0.4482758620689655,0.016866688290626014,0.000748555521766591,0.0013095359049909122,6128.475200000001,1280.0,4848.475200000001
0.281,52,64,85434,3031,116,0.4482758620689655,0.016866688290626014,0.000748555521766591,0.0013095359049909122,6128.475200000001,1280.0,4848.475200000001
0.28200000000000003,52,64,85434,3031,116,0.4482758620689655,0.016866688290626014,0.000748555521766591,0.0013095359049909122,6128.475200000001,1280.0,4848.475200000001
0.28300000000000003,52,64,85434,3031,116,0.4482758620689655,0.016866688290626014,0.000748555521766591,0.0013095359049909122,6128.475200000001,1280.0,4848.475200000001
0.28400000000000003,52,64,85434,3031,116,0.4482758620689655,0.016866688290626014,0.000748555521766591,0.0013095359049909122,6128.475200000001,1280.0,4848.475200000001
0.28500000000000003,52,64,85434,3031,116,0.4482758620689655,0.016866688290626014,0.000748555521766591,0.0013095359049909122,6128.475200000001,1280.0,4848.475200000001
0.28600000000000003,52,64,85434,3031,116,0.4482758620689655,0.016866688290626014,0.000748555521766591,0.0013095359049909122,6128.475200000001,1280.0,4848.475200000001
0.28700000000000003,52,64,85434,3031,116,0.4482758620689655,0.016866688290626014,0.000748555521766591,0.0013095359049909122,6128.475200000001,1280.0,4848.475200000001
0.28800000000000003,52,64,85434,3031,116,0.4482758620689655,0.016866688290626014,0.000748555521766591,0.0013095359049909122,6128.475200000001,1280.0,4848.475200000001
0.289,52,64,85434,3031,116,0.4482758620689655,0.016866688290626014,0.000748555521766591,0.0013095359049909122,6128.475200000001,1280.0,4848.475200000001
0.29,52,64,85434,3031,116,0.4482758620689655,0.016866688290626014,0.000748555521766591,0.0013095359049909122,6128.475200000001,1280.0,4848.475200000001
0.291,52,64,85434,3031,116,0.4482758620689655,0.016866688290626014,0.000748555521766591,0.0013095359049909122,6128.475200000001,1280.0,4848.475200000001
0.292,52,64,85434,3031,116,0.4482758620689655,0.016866688290626014,0.000748555521766591,0.0013095359049909122,6128.475200000001,1280.0,4848.475200000001
0.293,52,64,85434,3031,116,0.4482758620689655,0.016866688290626014,0.000748555521766591,0.0013095359049909122,6128.475200000001,1280.0,4848.475200000001
0.294,52,64,85434,3031,116,0.4482758620689655,0.016866688290626014,0.000748555521766591,0.0013095359049909122,6128.475200000001,1280.0,4848.475200000001
0.295,52,64,85434,3031,116,0.4482758620689655,0.016866688290626014,0.000748555521766591,0.0013095359049909122,6128.475200000001,1280.0,4848.475200000001
0.296,52,64,85434,3031,116,0.4482758620689655,0.016866688290626014,0.000748555521766591,0.0013095359049909122,6128.475200000001,1280.0,4848.475200000001
0.297,52,64,85434,3031,116,0.4482758620689655,0.016866688290626014,0.000748555521766591,0.0013095359049909122,6128.475200000001,1280.0,4848.475200000001
0.298,52,64,85434,3031,116,0.4482758620689655,0.016866688290626014,0.000748555521766591,0.0013095359049909122,6128.475200000001,1280.0,4848.475200000001
0.299,52,64,85434,3031,116,0.4482758620689655,0.016866688290626014,0.000748555521766591,0.0013095359049909122,6128.475200000001,1280.0,4848.475200000001
0.3,52,64,85434,3031,116,0.4482758620689655,0.016866688290626014,0.000748555521766591,0.0013095359049909122,6128.475200000001,1280.0,4848.475200000001
0.301,52,64,85434,3031,116,0.4482758620689655,0.016866688290626014,0.000748555521766591,0.0013095359049909122,6128.475200000001,1280.0,4848.475200000001
0.302,52,64,85434,3031,116,0.4482758620689655,0.016866688290626014,0.000748555521766591,0.0013095359049909122,6128.475200000001,1280.0,4848.475200000001
0.303,52,64,85434,3031,116,0.4482758620689655,0.016866688290626014,0.000748555521766591,0.0013095359049909122,6128.475200000001,1280.0,4848.475200000001
0.304,52,64,85434,3031,116,0.4482758620689655,0.016866688290626014,0.000748555521766591,0.0013095359049909122,6128.475200000001,1280.0,4848.475200000001
0.305,52,64,85434,3031,116,0.4482758620689655,0.016866688290626014,0.000748555521766591,0.0013095359049909122,6128.475200000001,1280.0,4848.475200000001
0.306,52,64,85434,3031,116,0.4482758620689655,0.016866688290626014,0.000748555521766591,0.0013095359049909122,6128.475200000001,1280.0,4848.475200000001
0.307,52,64,85434,3031,116,0.4482758620689655,0.016866688290626014,0.000748555521766591,0.0013095359049909122,6128.475200000001,1280.0,4848.475200000001
0.308,52,64,85434,3031,116,0.4482758620689655,0.016866688290626014,0.000748555521766591,0.0013095359049909122,6128.475200000001,1280.0,4848.475200000001
0.309,52,64,85434,3031,116,0.4482758620689655,0.016866688290626014,0.000748555521766591,0.0013095359049909122,6128.475200000001,1280.0,4848.475200000001
0.31,52,64,85434,3031,116,0.4482758620689655,0.016866688290626014,0.000748555521766591,0.0013095359049909122,6128.475200000001,1280.0,4848.475200000001
0.311,52,64,85434,3031,116,0.4482758620689655,0.016866688290626014,0.000748555521766591,0.0013095359049909122,6128.475200000001,1280.0,4848.475200000001
0.312,52,64,85434,3031,116,0.4482758620689655,0.016866688290626014,0.000748555521766591,0.0013095359049909122,6128.475200000001,1280.0,4848.475200000001
0.313,52,64,85434,3031,116,0.4482758620689655,0.016866688290626014,0.000748555521766591,0.0013095359049909122,6128.475200000001,1280.0,4848.475200000001
0.314,52,64,85434,3031,116,0.4482758620689655,0.016866688290626014,0.000748555521766591,0.0013095359049909122,6128.475200000001,1280.0,4848.475200000001
0.315,52,64,85434,3031,116,0.4482758620689655,0.016866688290626014,0.000748555521766591,0.0013095359049909122,6128.475200000001,1280.0,4848.475200000001
0.316,52,64,85434,3031,116,0.4482758620689655,0.016866688290626014,0.000748555521766591,0.0013095359049909122,6128.475200000001,1280.0,4848.475200000001
0.317,52,64,85434,3031,116,0.4482758620689655,0.016866688290626014,0.000748555521766591,0.0013095359049909122,6128.475200000001,1280.0,4848.475200000001
0.318,52,64,85434,3031,116,0.4482758620689655,0.016866688290626014,0.000748555521766591,0.0013095359049909122,6128.475200000001,1280.0,4848.475200000001
0.319,52,64,85434,3031,116,0.4482758620689655,0.016866688290626014,0.000748555521766591,0.0013095359049909122,6128.475200000001,1280.0,4848.475200000001
0.32,52,64,85434,3031,116,0.4482758620689655,0.016866688290626014,0.000748555521766591,0.0013095359049909122,6128.475200000001,1280.0,4848.475200000001
0.321,52,64,85434,3031,116,0.4482758620689655,0.016866688290626014,0.000748555521766591,0.0013095359049909122,6128.475200000001,1280.0,4848.475200000001
0.322,52,64,85434,3031,116,0.4482758620689655,0.016866688290626014,0.000748555521766591,0.0013095359049909122,6128.475200000001,1280.0,4848.475200000001
0.323,52,64,85434,3031,116,0.4482758620689655,0.016866688290626014,0.000748555521766591,0.0013095359049909122,6128.475200000001,1280.0,4848.475200000001
0.324,52,64,85434,3031,116,0.4482758620689655,0.016866688290626014,0.000748555521766591,0.0013095359049909122,6128.475200000001,1280.0,4848.475200000001
0.325,52,64,85434,3031,116,0.4482758620689655,0.016866688290626014,0.000748555521766591,0.0013095359049909122,6128.475200000001,1280.0,4848.475200000001
0.326,52,64,85434,3031,116,0.4482758620689655,0.016866688290626014,0.000748555521766591,0.0013095359049909122,6128.475200000001,1280.0,4848.475200000001
0.327,52,64,85434,3031,116,0.4482758620689655,0.016866688290626014,0.000748555521766591,0.0013095359049909122,6128.475200000001,1280.0,4848.475200000001
0.328,52,64,85434,3031,116,0.4482758620689655,0.016866688290626014,0.000748555521766591,0.0013095359049909122,6128.475200000001,1280.0,4848.475200000001
0.329,52,64,85434,3031,116,0.4482758620689655,0.016866688290626014,0.000748555521766591,0.0013095359049909122,6128.475200000001,1280.0,4848.475200000001
0.33,52,64,85434,3031,116,0.4482758620689655,0.016866688290626014,0.000748555521766591,0.0013095359049909122,6128.475200000001,1280.0,4848.475200000001
0.331,52,64,85434,3031,116,0.4482758620689655,0.016866688290626014,0.000748555521766591,0.0013095359049909122,6128.475200000001,1280.0,4848.475200000001
0.332,52,64,85434,3031,116,0.4482758620689655,0.016866688290626014,0.000748555521766591,0.0013095359049909122,6128.475200000001,1280.0,4848.475200000001
0.333,52,64,85434,3031,116,0.4482758620689655,0.016866688290626014,0.000748555521766591,0.0013095359049909122,6128.475200000001,1280.0,4848.475200000001
0.334,52,64,85434,3031,116,0.4482758620689655,0.016866688290626014,0.000748555521766591,0.0013095359049909122,6128.475200000001,1280.0,4848.475200000001
0.335,52,64,85434,3031,116,0.4482758620689655,0.016866688290626014,0.000748555521766591,0.0013095359049909122,6128.475200000001,1280.0,4848.475200000001
0.336,52,64,85434,3031,116,0.4482758620689655,0.016866688290626014,0.000748555521766591,0.0013095359049909122,6128.475200000001,1280.0,4848.475200000001
0.337,52,64,85434,3031,116,0.4482758620689655,0.016866688290626014,0.000748555521766591,0.0013095359049909122,6128.475200000001,1280.0,4848.475200000001
0.338,52,64,85434,3031,116,0.4482758620689655,0.016866688290626014,0.000748555521766591,0.0013095359049909122,6128.475200000001,1280.0,4848.475200000001
0.339,52,64,85434,3031,116,0.4482758620689655,0.016866688290626014,0.000748555521766591,0.0013095359049909122,6128.475200000001,1280.0,4848.475200000001
0.34,52,64,85434,3031,116,0.4482758620689655,0.016866688290626014,0.000748555521766591,0.0013095359049909122,6128.475200000001,1280.0,4848.475200000001
0.341,52,64,85434,3031,116,0.4482758620689655,0.016866688290626014,0.000748555521766591,0.0013095359049909122,6128.475200000001,1280.0,4848.475200000001
0.342,52,64,85434,3031,116,0.4482758620689655,0.016866688290626014,0.000748555521766591,0.0013095359049909122,6128.475200000001,1280.0,4848.475200000001
0.343,52,64,85434,3031,116,0.4482758620689655,0.016866688290626014,0.000748555521766591,0.0013095359049909122,6128.475200000001,1280.0,4848.475200000001
0.34400000000000003,52,64,85434,3031,116,0.4482758620689655,0.016866688290626014,0.000748555521766591,0.0013095359049909122,6128.475200000001,1280.0,4848.475200000001
0.34500000000000003,52,64,85434,3031,116,0.4482758620689655,0.016866688290626014,0.000748555521766591,0.0013095359049909122,6128.475200000001,1280.0,4848.475200000001
0.34600000000000003,52,64,85434,3031,116,0.4482758620689655,0.016866688290626014,0.000748555521766591,0.0013095359049909122,6128.475200000001,1280.0,4848.475200000001
0.34700000000000003,52,64,85434,3031,116,0.4482758620689655,0.016866688290626014,0.000748555521766591,0.0013095359049909122,6128.475200000001,1280.0,4848.475200000001
0.34800000000000003,52,64,85434,3031,116,0.4482758620689655,0.016866688290626014,0.000748555521766591,0.0013095359049909122,6128.475200000001,1280.0,4848.475200000001
0.34900000000000003,52,64,85434,3031,116,0.4482758620689655,0.016866688290626014,0.000748555521766591,0.0013095359049909122,6128.475200000001,1280.0,4848.475200000001
0.35000000000000003,52,64,85434,3031,116,0.4482758620689655,0.016866688290626014,0.000748555521766591,0.0013095359049909122,6128.475200000001,1280.0,4848.475200000001
0.35100000000000003,52,64,85434,3031,116,0.4482758620689655,0.016866688290626014,0.000748555521766591,0.0013095359049909122,6128.475200000001,1280.0,4848.475200000001
0.352,52,64,85434,3031,116,0.4482758620689655,0.016866688290626014,0.000748555521766591,0.0013095359049909122,6128.475200000001,1280.0,4848.475200000001
0.353,52,64,85434,3031,116,0.4482758620689655,0.016866688290626014,0.000748555521766591,0.0013095359049909122,6128.475200000001,1280.0,4848.475200000001
0.354,52,64,85434,3031,116,0.4482758620689655,0.016866688290626014,0.000748555521766591,0.0013095359049909122,6128.475200000001,1280.0,4848.475200000001
0.355,52,64,85434,3031,116,0.4482758620689655,0.016866688290626014,0.000748555521766591,0.0013095359049909122,6128.475200000001,1280.0,4848.475200000001
0.356,52,64,85434,3031,116,0.4482758620689655,0.016866688290626014,0.000748555521766591,0.0013095359049909122,6128.475200000001,1280.0,4848.475200000001
0.357,52,64,85434,3031,116,0.4482758620689655,0.016866688290626014,0.000748555521766591,0.0013095359049909122,6128.475200000001,1280.0,4848.475200000001
0.358,52,64,85434,3031,116,0.4482758620689655,0.016866688290626014,0.000748555521766591,0.0013095359049909122,6128.475200000001,1280.0,4848.475200000001
0.359,52,64,85434,3031,116,0.4482758620689655,0.016866688290626014,0.000748555521766591,0.0013095359049909122,6128.475200000001,1280.0,4848.475200000001
0.36,52,64,85434,3031,116,0.4482758620689655,0.016866688290626014,0.000748555521766591,0.0013095359049909122,6128.475200000001,1280.0,4848.475200000001
0.361,52,64,85434,3031,116,0.4482758620689655,0.016866688290626014,0.000748555521766591,0.0013095359049909122,6128.475200000001,1280.0,4848.475200000001
0.362,52,64,85434,3031,116,0.4482758620689655,0.016866688290626014,0.000748555521766591,0.0013095359049909122,6128.475200000001,1280.0,4848.475200000001
0.363,52,64,85434,3031,116,0.4482758620689655,0.016866688290626014,0.000748555521766591,0.0013095359049909122,6128.475200000001,1280.0,4848.475200000001
0.364,52,64,85434,3031,116,0.4482758620689655,0.016866688290626014,0.000748555521766591,0.0013095359049909122,6128.475200000001,1280.0,4848.475200000001
0.365,52,64,85434,3031,116,0.4482758620689655,0.016866688290626014,0.000748555521766591,0.0013095359049909122,6128.475200000001,1280.0,4848.475200000001
0.366,52,64,85434,3031,116,0.4482758620689655,0.016866688290626014,0.000748555521766591,0.0013095359049909122,6128.475200000001,1280.0,4848.475200000001
0.367,52,64,85434,3031,116,0.4482758620689655,0.016866688290626014,0.000748555521766591,0.0013095359049909122,6128.475200000001,1280.0,4848.475200000001
0.368,52,64,85434,3031,116,0.4482758620689655,0.016866688290626014,0.000748555521766591,0.0013095359049909122,6128.475200000001,1280.0,4848.475200000001
0.369,52,64,85434,3031,116,0.4482758620689655,0.016866688290626014,0.000748555521766591,0.0013095359049909122,6128.475200000001,1280.0,4848.475200000001
0.37,52,64,85434,3031,116,0.4482758620689655,0.016866688290626014,0.000748555521766591,0.0013095359049909122,6128.475200000001,1280.0,4848.475200000001
0.371,52,64,85434,3031,116,0.4482758620689655,0.016866688290626014,0.000748555521766591,0.0013095359049909122,6128.475200000001,1280.0,4848.475200000001
0.372,52,64,85434,3031,116,0.4482758620689655,0.016866688290626014,0.000748555521766591,0.0013095359049909122,6128.475200000001,1280.0,4848.475200000001
0.373,52,64,85434,3031,116,0.4482758620689655,0.016866688290626014,0.000748555521766591,0.0013095359049909122,6128.475200000001,1280.0,4848.475200000001
0.374,52,64,85434,3031,116,0.4482758620689655,0.016866688290626014,0.000748555521766591,0.0013095359049909122,6128.475200000001,1280.0,4848.475200000001
0.375,52,64,85434,3031,116,0.4482758620689655,0.016866688290626014,0.000748555521766591,0.0013095359049909122,6128.475200000001,1280.0,4848.475200000001
0.376,52,64,85434,3031,116,0.4482758620689655,0.016866688290626014,0.000748555521766591,0.0013095359049909122,6128.475200000001,1280.0,4848.475200000001
0.377,52,64,85434,3031,116,0.4482758620689655,0.016866688290626014,0.000748555521766591,0.0013095359049909122,6128.475200000001,1280.0,4848.475200000001
0.378,52,64,85434,3031,116,0.4482758620689655,0.016866688290626014,0.000748555521766591,0.0013095359049909122,6128.475200000001,1280.0,4848.475200000001
0.379,52,64,85434,3031,116,0.4482758620689655,0.016866688290626014,0.000748555521766591,0.0013095359049909122,6128.475200000001,1280.0,4848.475200000001
0.38,52,64,85434,3031,116,0.4482758620689655,0.016866688290626014,0.000748555521766591,0.0013095359049909122,6128.475200000001,1280.0,4848.475200000001
0.381,52,64,85434,3031,116,0.4482758620689655,0.016866688290626014,0.000748555521766591,0.0013095359049909122,6128.475200000001,1280.0,4848.475200000001
0.382,52,64,85434,3031,116,0.4482758620689655,0.016866688290626014,0.000748555521766591,0.0013095359049909122,6128.475200000001,1280.0,4848.475200000001
0.383,52,64,85434,3031,116,0.4482758620689655,0.016866688290626014,0.000748555521766591,0.0013095359049909122,6128.475200000001,1280.0,4848.475200000001
0.384,52,64,85434,3031,116,0.4482758620689655,0.016866688290626014,0.000748555521766591,0.0013095359049909122,6128.475200000001,1280.0,4848.475200000001
0.385,52,64,85434,3031,116,0.4482758620689655,0.016866688290626014,0.000748555521766591,0.0013095359049909122,6128.475200000001,1280.0,4848.475200000001
0.386,52,64,85434,3031,116,0.4482758620689655,0.016866688290626014,0.000748555521766591,0.0013095359049909122,6128.475200000001,1280.0,4848.475200000001
0.387,52,64,85434,3031,116,0.4482758620689655,0.016866688290626014,0.000748555521766591,0.0013095359049909122,6128.475200000001,1280.0,4848.475200000001
0.388,52,64,85434,3031,116,0.4482758620689655,0.016866688290626014,0.000748555521766591,0.0013095359049909122,6128.475200000001,1280.0,4848.475200000001
0.389,52,64,85434,3031,116,0.4482758620689655,0.016866688290626014,0.000748555521766591,0.0013095359049909122,6128.475200000001,1280.0,4848.475200000001
0.39,52,64,85434,3031,116,0.4482758620689655,0.016866688290626014,0.000748555521766591,0.0013095359049909122,6128.475200000001,1280.0,4848.475200000001
0.391,52,64,85434,3031,116,0.4482758620689655,0.016866688290626014,0.000748555521766591,0.0013095359049909122,6128.475200000001,1280.0,4848.475200000001
0.392,52,64,85434,3031,116,0.4482758620689655,0.016866688290626014,0.000748555521766591,0.0013095359049909122,6128.475200000001,1280.0,4848.475200000001
0.393,52,64,85434,3031,116,0.4482758620689655,0.016866688290626014,0.000748555521766591,0.0013095359049909122,6128.475200000001,1280.0,4848.475200000001
0.394,52,64,85434,3031,116,0.4482758620689655,0.016866688290626014,0.000748555521766591,0.0013095359049909122,6128.475200000001,1280.0,4848.475200000001
0.395,52,64,85434,3031,116,0.4482758620689655,0.016866688290626014,0.000748555521766591,0.0013095359049909122,6128.475200000001,1280.0,4848.475200000001
0.396,52,64,85434,3031,116,0.4482758620689655,0.016866688290626014,0.000748555521766591,0.0013095359049909122,6128.475200000001,1280.0,4848.475200000001
0.397,52,64,85434,3031,116,0.4482758620689655,0.016866688290626014,0.000748555521766591,0.0013095359049909122,6128.475200000001,1280.0,4848.475200000001
0.398,52,64,85434,3031,116,0.4482758620689655,0.016866688290626014,0.000748555521766591,0.0013095359049909122,6128.475200000001,1280.0,4848.475200000001
0.399,52,64,85434,3031,116,0.4482758620689655,0.016866688290626014,0.000748555521766591,0.0013095359049909122,6128.475200000001,1280.0,4848.475200000001
0.4,52,64,85434,3031,116,0.4482758620689655,0.016866688290626014,0.000748555521766591,0.0013095359049909122,6128.475200000001,1280.0,4848.475200000001
0.401,52,64,85434,3031,116,0.4482758620689655,0.016866688290626014,0.000748555521766591,0.0013095359049909122,6128.475200000001,1280.0,4848.475200000001
0.402,52,64,85434,3031,116,0.4482758620689655,0.016866688290626014,0.000748555521766591,0.0013095359049909122,6128.475200000001,1280.0,4848.475200000001
0.403,52,64,85434,3031,116,0.4482758620689655,0.016866688290626014,0.000748555521766591,0.0013095359049909122,6128.475200000001,1280.0,4848.475200000001
0.404,52,64,85434,3031,116,0.4482758620689655,0.016866688290626014,0.000748555521766591,0.0013095359049909122,6128.475200000001,1280.0,4848.475200000001
0.405,52,64,85434,3031,116,0.4482758620689655,0.016866688290626014,0.000748555521766591,0.0013095359049909122,6128.475200000001,1280.0,4848.475200000001
0.406,52,64,85434,3031,116,0.4482758620689655,0.016866688290626014,0.000748555521766591,0.0013095359049909122,6128.475200000001,1280.0,4848.475200000001
0.40700000000000003,52,64,85434,3031,116,0.4482758620689655,0.016866688290626014,0.000748555521766591,0.0013095359049909122,6128.475200000001,1280.0,4848.475200000001
0.40800000000000003,52,64,85434,3031,116,0.4482758620689655,0.016866688290626014,0.000748555521766591,0.0013095359049909122,6128.475200000001,1280.0,4848.475200000001
0.40900000000000003,52,64,85434,3031,116,0.4482758620689655,0.016866688290626014,0.000748555521766591,0.0013095359049909122,6128.475200000001,1280.0,4848.475200000001
0.41000000000000003,52,64,85434,3031,116,0.4482758620689655,0.016866688290626014,0.000748555521766591,0.0013095359049909122,6128.475200000001,1280.0,4848.475200000001
0.41100000000000003,52,64,85434,3031,116,0.4482758620689655,0.016866688290626014,0.000748555521766591,0.0013095359049909122,6128.475200000001,1280.0,4848.475200000001
0.41200000000000003,52,64,85434,3031,116,0.4482758620689655,0.016866688290626014,0.000748555521766591,0.0013095359049909122,6128.475200000001,1280.0,4848.475200000001
0.41300000000000003,52,64,85434,3031,116,0.4482758620689655,0.016866688290626014,0.000748555521766591,0.0013095359049909122,6128.475200000001,1280.0,4848.475200000001
0.41400000000000003,52,64,85434,3031,116,0.4482758620689655,0.016866688290626014,0.000748555521766591,0.0013095359049909122,6128.475200000001,1280.0,4848.475200000001
0.41500000000000004,52,64,85434,3031,116,0.4482758620689655,0.016866688290626014,0.000748555521766591,0.0013095359049909122,6128.475200000001,1280.0,4848.475200000001
0.41600000000000004,52,64,85434,3031,116,0.4482758620689655,0.016866688290626014,0.000748555521766591,0.0013095359049909122,6128.475200000001,1280.0,4848.475200000001
0.417,52,64,85434,3031,116,0.4482758620689655,0.016866688290626014,0.000748555521766591,0.0013095359049909122,6128.475200000001,1280.0,4848.475200000001
0.418,52,64,85434,3031,116,0.4482758620689655,0.016866688290626014,0.000748555521766591,0.0013095359049909122,6128.475200000001,1280.0,4848.475200000001
0.419,52,64,85434,3031,116,0.4482758620689655,0.016866688290626014,0.000748555521766591,0.0013095359049909122,6128.475200000001,1280.0,4848.475200000001
0.42,52,64,85434,3031,116,0.4482758620689655,0.016866688290626014,0.000748555521766591,0.0013095359049909122,6128.475200000001,1280.0,4848.475200000001
0.421,52,64,85434,3031,116,0.4482758620689655,0.016866688290626014,0.000748555521766591,0.0013095359049909122,6128.475200000001,1280.0,4848.475200000001
0.422,52,64,85434,3031,116,0.4482758620689655,0.016866688290626014,0.000748555521766591,0.0013095359049909122,6128.475200000001,1280.0,4848.475200000001
0.423,52,64,85434,3031,116,0.4482758620689655,0.016866688290626014,0.000748555521766591,0.0013095359049909122,6128.475200000001,1280.0,4848.475200000001
0.424,52,64,85434,3031,116,0.4482758620689655,0.016866688290626014,0.000748555521766591,0.0013095359049909122,6128.475200000001,1280.0,4848.475200000001
0.425,52,64,85434,3031,116,0.4482758620689655,0.016866688290626014,0.000748555521766591,0.0013095359049909122,6128.475200000001,1280.0,4848.475200000001
0.426,52,64,85434,3031,116,0.4482758620689655,0.016866688290626014,0.000748555521766591,0.0013095359049909122,6128.475200000001,1280.0,4848.475200000001
0.427,52,64,85434,3031,116,0.4482758620689655,0.016866688290626014,0.000748555521766591,0.0013095359049909122,6128.475200000001,1280.0,4848.475200000001
0.428,52,64,85434,3031,116,0.4482758620689655,0.016866688290626014,0.000748555521766591,0.0013095359049909122,6128.475200000001,1280.0,4848.475200000001
0.429,52,64,85434,3031,116,0.4482758620689655,0.016866688290626014,0.000748555521766591,0.0013095359049909122,6128.475200000001,1280.0,4848.475200000001
0.43,52,64,85434,3031,116,0.4482758620689655,0.016866688290626014,0.000748555521766591,0.0013095359049909122,6128.475200000001,1280.0,4848.475200000001
0.431,52,64,85434,3031,116,0.4482758620689655,0.016866688290626014,0.000748555521766591,0.0013095359049909122,6128.475200000001,1280.0,4848.475200000001
0.432,52,64,85434,3031,116,0.4482758620689655,0.016866688290626014,0.000748555521766591,0.0013095359049909122,6128.475200000001,1280.0,4848.475200000001
0.433,52,64,85434,3031,116,0.4482758620689655,0.016866688290626014,0.000748555521766591,0.0013095359049909122,6128.475200000001,1280.0,4848.475200000001
0.434,52,64,85434,3031,116,0.4482758620689655,0.016866688290626014,0.000748555521766591,0.0013095359049909122,6128.475200000001,1280.0,4848.475200000001
0.435,52,64,85434,3031,116,0.4482758620689655,0.016866688290626014,0.000748555521766591,0.0013095359049909122,6128.475200000001,1280.0,4848.475200000001
0.436,52,64,85434,3031,116,0.4482758620689655,0.016866688290626014,0.000748555521766591,0.0013095359049909122,6128.475200000001,1280.0,4848.475200000001
0.437,52,64,85434,3031,116,0.4482758620689655,0.016866688290626014,0.000748555521766591,0.0013095359049909122,6128.475200000001,1280.0,4848.475200000001
0.438,52,64,85434,3031,116,0.4482758620689655,0.016866688290626014,0.000748555521766591,0.0013095359049909122,6128.475200000001,1280.0,4848.475200000001
0.439,52,64,85434,3031,116,0.4482758620689655,0.016866688290626014,0.000748555521766591,0.0013095359049909122,6128.475200000001,1280.0,4848.475200000001
0.44,52,64,85434,3031,116,0.4482758620689655,0.016866688290626014,0.000748555521766591,0.0013095359049909122,6128.475200000001,1280.0,4848.475200000001
0.441,52,64,85434,3031,116,0.4482758620689655,0.016866688290626014,0.000748555521766591,0.0013095359049909122,6128.475200000001,1280.0,4848.475200000001
0.442,52,64,85434,3031,116,0.4482758620689655,0.016866688290626014,0.000748555521766591,0.0013095359049909122,6128.475200000001,1280.0,4848.475200000001
0.443,52,64,85434,3031,116,0.4482758620689655,0.016866688290626014,0.000748555521766591,0.0013095359049909122,6128.475200000001,1280.0,4848.475200000001
0.444,52,64,85434,3031,116,0.4482758620689655,0.016866688290626014,0.000748555521766591,0.0013095359049909122,6128.475200000001,1280.0,4848.475200000001
0.445,52,64,85434,3031,116,0.4482758620689655,0.016866688290626014,0.000748555521766591,0.0013095359049909122,6128.475200000001,1280.0,4848.475200000001
0.446,52,64,85434,3031,116,0.4482758620689655,0.016866688290626014,0.000748555521766591,0.0013095359049909122,6128.475200000001,1280.0,4848.475200000001
0.447,52,64,85434,3031,116,0.4482758620689655,0.016866688290626014,0.000748555521766591,0.0013095359049909122,6128.475200000001,1280.0,4848.475200000001
0.448,52,64,85434,3031,116,0.4482758620689655,0.016866688290626014,0.000748555521766591,0.0013095359049909122,6128.475200000001,1280.0,4848.475200000001
0.449,52,64,85434,3031,116,0.4482758620689655,0.016866688290626014,0.000748555521766591,0.0013095359049909122,6128.475200000001,1280.0,4848.475200000001
0.45,52,64,85434,3031,116,0.4482758620689655,0.016866688290626014,0.000748555521766591,0.0013095359049909122,6128.475200000001,1280.0,4848.475200000001
0.451,52,64,85434,3031,116,0.4482758620689655,0.016866688290626014,0.000748555521766591,0.0013095359049909122,6128.475200000001,1280.0,4848.475200000001
0.452,52,64,85434,3031,116,0.4482758620689655,0.016866688290626014,0.000748555521766591,0.0013095359049909122,6128.475200000001,1280.0,4848.475200000001
0.453,52,64,85434,3031,116,0.4482758620689655,0.016866688290626014,0.000748555521766591,0.0013095359049909122,6128.475200000001,1280.0,4848.475200000001
0.454,52,64,85434,3031,116,0.4482758620689655,0.016866688290626014,0.000748555521766591,0.0013095359049909122,6128.475200000001,1280.0,4848.475200000001
0.455,52,64,85434,3031,116,0.4482758620689655,0.016866688290626014,0.000748555521766591,0.0013095359049909122,6128.475200000001,1280.0,4848.475200000001
0.456,52,64,85434,3031,116,0.4482758620689655,0.016866688290626014,0.000748555521766591,0.0013095359049909122,6128.475200000001,1280.0,4848.475200000001
0.457,52,64,85434,3031,116,0.4482758620689655,0.016866688290626014,0.000748555521766591,0.0013095359049909122,6128.475200000001,1280.0,4848.475200000001
0.458,52,64,85434,3031,116,0.4482758620689655,0.016866688290626014,0.000748555521766591,0.0013095359049909122,6128.475200000001,1280.0,4848.475200000001
0.459,52,64,85434,3031,116,0.4482758620689655,0.016866688290626014,0.000748555521766591,0.0013095359049909122,6128.475200000001,1280.0,4848.475200000001
0.46,52,64,85434,3031,116,0.4482758620689655,0.016866688290626014,0.000748555521766591,0.0013095359049909122,6128.475200000001,1280.0,4848.475200000001
0.461,52,64,85434,3031,116,0.4482758620689655,0.016866688290626014,0.000748555521766591,0.0013095359049909122,6128.475200000001,1280.0,4848.475200000001
0.462,52,64,85434,3031,116,0.4482758620689655,0.016866688290626014,0.000748555521766591,0.0013095359049909122,6128.475200000001,1280.0,4848.475200000001
0.463,52,64,85434,3031,116,0.4482758620689655,0.016866688290626014,0.000748555521766591,0.0013095359049909122,6128.475200000001,1280.0,4848.475200000001
0.464,52,64,85434,3031,116,0.4482758620689655,0.016866688290626014,0.000748555521766591,0.0013095359049909122,6128.475200000001,1280.0,4848.475200000001
0.465,52,64,85434,3031,116,0.4482758620689655,0.016866688290626014,0.000748555521766591,0.0013095359049909122,6128.475200000001,1280.0,4848.475200000001
0.466,52,64,85434,3031,116,0.4482758620689655,0.016866688290626014,0.000748555521766591,0.0013095359049909122,6128.475200000001,1280.0,4848.475200000001
0.467,52,64,85434,3031,116,0.4482758620689655,0.016866688290626014,0.000748555521766591,0.0013095359049909122,6128.475200000001,1280.0,4848.475200000001
0.468,52,64,85434,3031,116,0.4482758620689655,0.016866688290626014,0.000748555521766591,0.0013095359049909122,6128.475200000001,1280.0,4848.475200000001
0.46900000000000003,52,64,85434,3031,116,0.4482758620689655,0.016866688290626014,0.000748555521766591,0.0013095359049909122,6128.475200000001,1280.0,4848.475200000001
0.47000000000000003,52,64,85434,3031,116,0.4482758620689655,0.016866688290626014,0.000748555521766591,0.0013095359049909122,6128.475200000001,1280.0,4848.475200000001
0.47100000000000003,52,64,85434,3031,116,0.4482758620689655,0.016866688290626014,0.000748555521766591,0.0013095359049909122,6128.475200000001,1280.0,4848.475200000001
0.47200000000000003,52,64,85434,3031,116,0.4482758620689655,0.016866688290626014,0.000748555521766591,0.0013095359049909122,6128.475200000001,1280.0,4848.475200000001
0.47300000000000003,52,64,85434,3031,116,0.4482758620689655,0.016866688290626014,0.000748555521766591,0.0013095359049909122,6128.475200000001,1280.0,4848.475200000001
0.47400000000000003,52,64,85434,3031,116,0.4482758620689655,0.016866688290626014,0.000748555521766591,0.0013095359049909122,6128.475200000001,1280.0,4848.475200000001
0.47500000000000003,52,64,85434,3031,116,0.4482758620689655,0.016866688290626014,0.000748555521766591,0.0013095359049909122,6128.475200000001,1280.0,4848.475200000001
0.47600000000000003,52,64,85434,3031,116,0.4482758620689655,0.016866688290626014,0.000748555521766591,0.0013095359049909122,6128.475200000001,1280.0,4848.475200000001
0.47700000000000004,52,64,85434,3031,116,0.4482758620689655,0.016866688290626014,0.000748555521766591,0.0013095359049909122,6128.475200000001,1280.0,4848.475200000001
0.47800000000000004,52,64,85434,3031,116,0.4482758620689655,0.016866688290626014,0.000748555521766591,0.0013095359049909122,6128.475200000001,1280.0,4848.475200000001
0.47900000000000004,52,64,85434,3031,116,0.4482758620689655,0.016866688290626014,0.000748555521766591,0.0013095359049909122,6128.475200000001,1280.0,4848.475200000001
0.48,52,64,85434,3031,116,0.4482758620689655,0.016866688290626014,0.000748555521766591,0.0013095359049909122,6128.475200000001,1280.0,4848.475200000001
0.481,40,36,85462,3043,76,0.5263157894736842,0.012974375608173857,0.00042106248099370747,0.0008579717998216322,5204.96,720.0,4484.96
0.482,40,36,85462,3043,76,0.5263157894736842,0.012974375608173857,0.00042106248099370747,0.0008579717998216322,5204.96,720.0,4484.96
0.483,40,36,85462,3043,76,0.5263157894736842,0.012974375608173857,0.00042106248099370747,0.0008579717998216322,5204.96,720.0,4484.96
0.484,40,36,85462,3043,76,0.5263157894736842,0.012974375608173857,0.00042106248099370747,0.0008579717998216322,5204.96,720.0,4484.96
0.485,40,36,85462,3043,76,0.5263157894736842,0.012974375608173857,0.00042106248099370747,0.0008579717998216322,5204.96,720.0,4484.96
0.486,40,36,85462,3043,76,0.5263157894736842,0.012974375608173857,0.00042106248099370747,0.0008579717998216322,5204.96,720.0,4484.96
0.487,40,36,85462,3043,76,0.5263157894736842,0.012974375608173857,0.00042106248099370747,0.0008579717998216322,5204.96,720.0,4484.96
0.488,40,36,85462,3043,76,0.5263157894736842,0.012974375608173857,0.00042106248099370747,0.0008579717998216322,5204.96,720.0,4484.96
0.489,40,36,85462,3043,76,0.5263157894736842,0.012974375608173857,0.00042106248099370747,0.0008579717998216322,5204.96,720.0,4484.96
0.49,40,36,85462,3043,76,0.5263157894736842,0.012974375608173857,0.00042106248099370747,0.0008579717998216322,5204.96,720.0,4484.96
0.491,40,36,85462,3043,76,0.5263157894736842,0.012974375608173857,0.00042106248099370747,0.0008579717998216322,5204.96,720.0,4484.96
0.492,40,36,85462,3043,76,0.5263157894736842,0.012974375608173857,0.00042106248099370747,0.0008579717998216322,5204.96,720.0,4484.96
0.493,40,36,85462,3043,76,0.5263157894736842,0.012974375608173857,0.00042106248099370747,0.0008579717998216322,5204.96,720.0,4484.96
0.494,40,36,85462,3043,76,0.5263157894736842,0.012974375608173857,0.00042106248099370747,0.0008579717998216322,5204.96,720.0,4484.96
0.495,40,36,85462,3043,76,0.5263157894736842,0.012974375608173857,0.00042106248099370747,0.0008579717998216322,5204.96,720.0,4484.96
0.496,40,36,85462,3043,76,0.5263157894736842,0.012974375608173857,0.00042106248099370747,0.0008579717998216322,5204.96,720.0,4484.96
0.497,39,36,85462,3044,75,0.52,0.01265001621796951,0.00042106248099370747,0.0008466826971924001,4984.96,720.0,4264.96
0.498,39,36,85462,3044,75,0.52,0.01265001621796951,0.00042106248099370747,0.0008466826971924001,4984.96,720.0,4264.96
0.499,39,36,85462,3044,75,0.52,0.01265001621796951,0.00042106248099370747,0.0008466826971924001,4984.96,720.0,4264.96
0.5,39,36,85462,3044,75,0.52,0.01265001621796951,0.00042106248099370747,0.0008466826971924001,4984.96,720.0,4264.96
0.501,37,35,85463,3046,72,0.5138888888888888,0.012001297437560817,0.00040936630096610445,0.0008128153893047042,4859.836,700.0,4159.836
0.502,36,35,85463,3047,71,0.5070422535211268,0.01167693804735647,0.00040936630096610445,0.0008015262866754722,4799.836,700.0,4099.836
0.503,36,35,85463,3047,71,0.5070422535211268,0.01167693804735647,0.00040936630096610445,0.0008015262866754722,4799.836,700.0,4099.836
0.504,36,35,85463,3047,71,0.5070422535211268,0.01167693804735647,0.00040936630096610445,0.0008015262866754722,4799.836,700.0,4099.836
0.505,36,35,85463,3047,71,0.5070422535211268,0.01167693804735647,0.00040936630096610445,0.0008015262866754722,4799.836,700.0,4099.836
0.506,36,35,85463,3047,71,0.5070422535211268,0.01167693804735647,0.00040936630096610445,0.0008015262866754722,4799.836,700.0,4099.836
0.507,36,35,85463,3047,71,0.5070422535211268,0.01167693804735647,0.00040936630096610445,0.0008015262866754722,4799.836,700.0,4099.836
0.508,36,35,85463,3047,71,0.5070422535211268,0.01167693804735647,0.00040936630096610445,0.0008015262866754722,4799.836,700.0,4099.836
0.509,36,35,85463,3047,71,0.5070422535211268,0.01167693804735647,0.00040936630096610445,0.0008015262866754722,4799.836,700.0,4099.836
0.51,35,35,85463,3048,70,0.5,0.011352578657152125,0.00040936630096610445,0.0007902371840462401,4767.1776,700.0,4067.1776
0.511,35,35,85463,3048,70,0.5,0.011352578657152125,0.00040936630096610445,0.0007902371840462401,4767.1776,700.0,4067.1776
0.512,35,35,85463,3048,70,0.5,0.011352578657152125,0.00040936630096610445,0.0007902371840462401,4767.1776,700.0,4067.1776
0.513,35,35,85463,3048,70,0.5,0.011352578657152125,0.00040936630096610445,0.0007902371840462401,4767.1776,700.0,4067.1776
0.514,34,34,85464,3049,68,0.5,0.011028219266947779,0.0003976701209385015,0.0007676589787877761,4671.8096000000005,680.0,3991.8096000000005
0.515,34,34,85464,3049,68,0.5,0.011028219266947779,0.0003976701209385015,0.0007676589787877761,4671.8096000000005,680.0,3991.8096000000005
0.516,34,33,85465,3049,67,0.5074626865671642,0.011028219266947779,0.0003859739409108985,0.0007563698761585442,4671.8096000000005,660.0,4011.8096000000005
0.517,34,32,85466,3049,66,0.5151515151515151,0.011028219266947779,0.0003742777608832955,0.0007450807735293122,4671.8096000000005,640.0,4031.8096000000005
0.518,34,32,85466,3049,66,0.5151515151515151,0.011028219266947779,0.0003742777608832955,0.0007450807735293122,4671.8096000000005,640.0,4031.8096000000005
0.519,34,32,85466,3049,66,0.5151515151515151,0.011028219266947779,0.0003742777608832955,0.0007450807735293122,4671.8096000000005,640.0,4031.8096000000005
0.52,34,32,85466,3049,66,0.5151515151515151,0.011028219266947779,0.0003742777608832955,0.0007450807735293122,4671.8096000000005,640.0,4031.8096000000005
0.521,34,32,85466,3049,66,0.5151515151515151,0.011028219266947779,0.0003742777608832955,0.0007450807735293122,4671.8096000000005,640.0,4031.8096000000005
0.522,34,32,85466,3049,66,0.5151515151515151,0.011028219266947779,0.0003742777608832955,0.0007450807735293122,4671.8096000000005,640.0,4031.8096000000005
0.523,34,32,85466,3049,66,0.5151515151515151,0.011028219266947779,0.0003742777608832955,0.0007450807735293122,4671.8096000000005,640.0,4031.8096000000005
0.524,27,23,85475,3056,50,0.54,0.008757703535517353,0.00026901214063486866,0.0005644551314616001,3840.4032,460.0,3380.4032
0.525,27,23,85475,3056,50,0.54,0.008757703535517353,0.00026901214063486866,0.0005644551314616001,3840.4032,460.0,3380.4032
0.526,27,23,85475,3056,50,0.54,0.008757703535517353,0.00026901214063486866,0.0005644551314616001,3840.4032,460.0,3380.4032
0.527,27,23,85475,3056,50,0.54,0.008757703535517353,0.00026901214063486866,0.0005644551314616001,3840.4032,460.0,3380.4032
0.528,27,23,85475,3056,50,0.54,0.008757703535517353,0.00026901214063486866,0.0005644551314616001,3840.4032,460.0,3380.4032
0.529,27,23,85475,3056,50,0.54,0.008757703535517353,0.00026901214063486866,0.0005644551314616001,3840.4032,460.0,3380.4032
0.53,27,23,85475,3056,50,0.54,0.008757703535517353,0.00026901214063486866,0.0005644551314616001,3840.4032,460.0,3380.4032
0.531,27,23,85475,3056,50,0.54,0.008757703535517353,0.00026901214063486866,0.0005644551314616001,3840.4032,460.0,3380.4032
0.532,27,23,85475,3056,50,0.54,0.008757703535517353,0.00026901214063486866,0.0005644551314616001,3840.4032,460.0,3380.4032
0.533,27,23,85475,3056,50,0.54,0.008757703535517353,0.00026901214063486866,0.0005644551314616001,3840.4032,460.0,3380.4032
0.534,27,23,85475,3056,50,0.54,0.008757703535517353,0.00026901214063486866,0.0005644551314616001,3840.4032,460.0,3380.4032
0.535,27,23,85475,3056,50,0.54,0.008757703535517353,0.00026901214063486866,0.0005644551314616001,3840.4032,460.0,3380.4032
0.536,27,23,85475,3056,50,0.54,0.008757703535517353,0.00026901214063486866,0.0005644551314616001,3840.4032,460.0,3380.4032
0.537,27,23,85475,3056,50,0.54,0.008757703535517353,0.00026901214063486866,0.0005644551314616001,3840.4032,460.0,3380.4032
0.538,27,23,85475,3056,50,0.54,0.008757703535517353,0.00026901214063486866,0.0005644551314616001,3840.4032,460.0,3380.4032
0.539,27,23,85475,3056,50,0.54,0.008757703535517353,0.00026901214063486866,0.0005644551314616001,3840.4032,460.0,3380.4032
0.54,27,23,85475,3056,50,0.54,0.008757703535517353,0.00026901214063486866,0.0005644551314616001,3840.4032,460.0,3380.4032
0.541,27,23,85475,3056,50,0.54,0.008757703535517353,0.00026901214063486866,0.0005644551314616001,3840.4032,460.0,3380.4032
0.542,27,23,85475,3056,50,0.54,0.008757703535517353,0.00026901214063486866,0.0005644551314616001,3840.4032,460.0,3380.4032
0.543,27,23,85475,3056,50,0.54,0.008757703535517353,0.00026901214063486866,0.0005644551314616001,3840.4032,460.0,3380.4032
0.544,27,23,85475,3056,50,0.54,0.008757703535517353,0.00026901214063486866,0.0005644551314616001,3840.4032,460.0,3380.4032
0.545,27,23,85475,3056,50,0.54,0.008757703535517353,0.00026901214063486866,0.0005644551314616001,3840.4032,460.0,3380.4032
0.546,27,23,85475,3056,50,0.54,0.008757703535517353,0.00026901214063486866,0.0005644551314616001,3840.4032,460.0,3380.4032
0.547,27,23,85475,3056,50,0.54,0.008757703535517353,0.00026901214063486866,0.0005644551314616001,3840.4032,460.0,3380.4032
0.548,27,23,85475,3056,50,0.54,0.008757703535517353,0.00026901214063486866,0.0005644551314616001,3840.4032,460.0,3380.4032
0.549,27,23,85475,3056,50,0.54,0.008757703535517353,0.00026901214063486866,0.0005644551314616001,3840.4032,460.0,3380.4032
0.55,27,23,85475,3056,50,0.54,0.008757703535517353,0.00026901214063486866,0.0005644551314616001,3840.4032,460.0,3380.4032
0.551,27,23,85475,3056,50,0.54,0.008757703535517353,0.00026901214063486866,0.0005644551314616001,3840.4032,460.0,3380.4032
0.552,27,23,85475,3056,50,0.54,0.008757703535517353,0.00026901214063486866,0.0005644551314616001,3840.4032,460.0,3380.4032
0.553,27,23,85475,3056,50,0.54,0.008757703535517353,0.00026901214063486866,0.0005644551314616001,3840.4032,460.0,3380.4032
0.554,27,23,85475,3056,50,0.54,0.008757703535517353,0.00026901214063486866,0.0005644551314616001,3840.4032,460.0,3380.4032
0.555,27,23,85475,3056,50,0.54,0.008757703535517353,0.00026901214063486866,0.0005644551314616001,3840.4032,460.0,3380.4032
0.556,14,13,85485,3069,27,0.5185185185185185,0.0045410314628608495,0.0001520503403588388,0.0003048057709892641,2988.6120000000005,260.0,2728.6120000000005
0.557,14,13,85485,3069,27,0.5185185185185185,0.0045410314628608495,0.0001520503403588388,0.0003048057709892641,2988.6120000000005,260.0,2728.6120000000005
0.558,14,13,85485,3069,27,0.5185185185185185,0.0045410314628608495,0.0001520503403588388,0.0003048057709892641,2988.6120000000005,260.0,2728.6120000000005
0.559,14,13,85485,3069,27,0.5185185185185185,0.0045410314628608495,0.0001520503403588388,0.0003048057709892641,2988.6120000000005,260.0,2728.6120000000005
0.56,14,13,85485,3069,27,0.5185185185185185,0.0045410314628608495,0.0001520503403588388,0.0003048057709892641,2988.6120000000005,260.0,2728.6120000000005
0.561,14,13,85485,3069,27,0.5185185185185185,0.0045410314628608495,0.0001520503403588388,0.0003048057709892641,2988.6120000000005,260.0,2728.6120000000005
0.562,14,13,85485,3069,27,0.5185185185185185,0.0045410314628608495,0.0001520503403588388,0.0003048057709892641,2988.6120000000005,260.0,2728.6120000000005
0.5630000000000001,14,13,85485,3069,27,0.5185185185185185,0.0045410314628608495,0.0001520503403588388,0.0003048057709892641,2988.6120000000005,260.0,2728.6120000000005
0.5640000000000001,14,13,85485,3069,27,0.5185185185185185,0.0045410314628608495,0.0001520503403588388,0.0003048057709892641,2988.6120000000005,260.0,2728.6120000000005
0.5650000000000001,14,13,85485,3069,27,0.5185185185185185,0.0045410314628608495,0.0001520503403588388,0.0003048057709892641,2988.6120000000005,260.0,2728.6120000000005
0.5660000000000001,14,13,85485,3069,27,0.5185185185185185,0.0045410314628608495,0.0001520503403588388,0.0003048057709892641,2988.6120000000005,260.0,2728.6120000000005
0.5670000000000001,14,13,85485,3069,27,0.5185185185185185,0.0045410314628608495,0.0001520503403588388,0.0003048057709892641,2988.6120000000005,260.0,2728.6120000000005
0.5680000000000001,14,13,85485,3069,27,0.5185185185185185,0.0045410314628608495,0.0001520503403588388,0.0003048057709892641,2988.6120000000005,260.0,2728.6120000000005
0.5690000000000001,14,13,85485,3069,27,0.5185185185185185,0.0045410314628608495,0.0001520503403588388,0.0003048057709892641,2988.6120000000005,260.0,2728.6120000000005
0.5700000000000001,14,13,85485,3069,27,0.5185185185185185,0.0045410314628608495,0.0001520503403588388,0.0003048057709892641,2988.6120000000005,260.0,2728.6120000000005
0.5710000000000001,14,13,85485,3069,27,0.5185185185185185,0.0045410314628608495,0.0001520503403588388,0.0003048057709892641,2988.6120000000005,260.0,2728.6120000000005
0.5720000000000001,14,13,85485,3069,27,0.5185185185185185,0.0045410314628608495,0.0001520503403588388,0.0003048057709892641,2988.6120000000005,260.0,2728.6120000000005
0.5730000000000001,14,13,85485,3069,27,0.5185185185185185,0.0045410314628608495,0.0001520503403588388,0.0003048057709892641,2988.6120000000005,260.0,2728.6120000000005
0.5740000000000001,14,13,85485,3069,27,0.5185185185185185,0.0045410314628608495,0.0001520503403588388,0.0003048057709892641,2988.6120000000005,260.0,2728.6120000000005
0.5750000000000001,14,13,85485,3069,27,0.5185185185185185,0.0045410314628608495,0.0001520503403588388,0.0003048057709892641,2988.6120000000005,260.0,2728.6120000000005
0.5760000000000001,14,13,85485,3069,27,0.5185185185185185,0.0045410314628608495,0.0001520503403588388,0.0003048057709892641,2988.6120000000005,260.0,2728.6120000000005
0.577,14,13,85485,3069,27,0.5185185185185185,0.0045410314628608495,0.0001520503403588388,0.0003048057709892641,2988.6120000000005,260.0,2728.6120000000005
0.578,14,13,85485,3069,27,0.5185185185185185,0.0045410314628608495,0.0001520503403588388,0.0003048057709892641,2988.6120000000005,260.0,2728.6120000000005
0.579,14,13,85485,3069,27,0.5185185185185185,0.0045410314628608495,0.0001520503403588388,0.0003048057709892641,2988.6120000000005,260.0,2728.6120000000005
0.58,14,13,85485,3069,27,0.5185185185185185,0.0045410314628608495,0.0001520503403588388,0.0003048057709892641,2988.6120000000005,260.0,2728.6120000000005
0.581,14,13,85485,3069,27,0.5185185185185185,0.0045410314628608495,0.0001520503403588388,0.0003048057709892641,2988.6120000000005,260.0,2728.6120000000005
0.582,14,13,85485,3069,27,0.5185185185185185,0.0045410314628608495,0.0001520503403588388,0.0003048057709892641,2988.6120000000005,260.0,2728.6120000000005
0.583,14,13,85485,3069,27,0.5185185185185185,0.0045410314628608495,0.0001520503403588388,0.0003048057709892641,2988.6120000000005,260.0,2728.6120000000005
0.584,14,13,85485,3069,27,0.5185185185185185,0.0045410314628608495,0.0001520503403588388,0.0003048057709892641,2988.6120000000005,260.0,2728.6120000000005
0.585,14,13,85485,3069,27,0.5185185185185185,0.0045410314628608495,0.0001520503403588388,0.0003048057709892641,2988.6120000000005,260.0,2728.6120000000005
0.586,14,13,85485,3069,27,0.5185185185185185,0.0045410314628608495,0.0001520503403588388,0.0003048057709892641,2988.6120000000005,260.0,2728.6120000000005
0.587,14,13,85485,3069,27,0.5185185185185185,0.0045410314628608495,0.0001520503403588388,0.0003048057709892641,2988.6120000000005,260.0,2728.6120000000005
0.588,14,13,85485,3069,27,0.5185185185185185,0.0045410314628608495,0.0001520503403588388,0.0003048057709892641,2988.6120000000005,260.0,2728.6120000000005
0.589,14,13,85485,3069,27,0.5185185185185185,0.0045410314628608495,0.0001520503403588388,0.0003048057709892641,2988.6120000000005,260.0,2728.6120000000005
0.59,14,13,85485,3069,27,0.5185185185185185,0.0045410314628608495,0.0001520503403588388,0.0003048057709892641,2988.6120000000005,260.0,2728.6120000000005
0.591,14,13,85485,3069,27,0.5185185185185185,0.0045410314628608495,0.0001520503403588388,0.0003048057709892641,2988.6120000000005,260.0,2728.6120000000005
0.592,14,13,85485,3069,27,0.5185185185185185,0.0045410314628608495,0.0001520503403588388,0.0003048057709892641,2988.6120000000005,260.0,2728.6120000000005
0.593,14,13,85485,3069,27,0.5185185185185185,0.0045410314628608495,0.0001520503403588388,0.0003048057709892641,2988.6120000000005,260.0,2728.6120000000005
0.594,14,13,85485,3069,27,0.5185185185185185,0.0045410314628608495,0.0001520503403588388,0.0003048057709892641,2988.6120000000005,260.0,2728.6120000000005
0.595,14,13,85485,3069,27,0.5185185185185185,0.0045410314628608495,0.0001520503403588388,0.0003048057709892641,2988.6120000000005,260.0,2728.6120000000005
0.596,14,13,85485,3069,27,0.5185185185185185,0.0045410314628608495,0.0001520503403588388,0.0003048057709892641,2988.6120000000005,260.0,2728.6120000000005
0.597,14,13,85485,3069,27,0.5185185185185185,0.0045410314628608495,0.0001520503403588388,0.0003048057709892641,2988.6120000000005,260.0,2728.6120000000005
0.598,14,13,85485,3069,27,0.5185185185185185,0.0045410314628608495,0.0001520503403588388,0.0003048057709892641,2988.6120000000005,260.0,2728.6120000000005
0.599,14,13,85485,3069,27,0.5185185185185185,0.0045410314628608495,0.0001520503403588388,0.0003048057709892641,2988.6120000000005,260.0,2728.6120000000005
0.6,14,13,85485,3069,27,0.5185185185185185,0.0045410314628608495,0.0001520503403588388,0.0003048057709892641,2988.6120000000005,260.0,2728.6120000000005
0.601,14,13,85485,3069,27,0.5185185185185185,0.0045410314628608495,0.0001520503403588388,0.0003048057709892641,2988.6120000000005,260.0,2728.6120000000005
0.602,14,13,85485,3069,27,0.5185185185185185,0.0045410314628608495,0.0001520503403588388,0.0003048057709892641,2988.6120000000005,260.0,2728.6120000000005
0.603,14,13,85485,3069,27,0.5185185185185185,0.0045410314628608495,0.0001520503403588388,0.0003048057709892641,2988.6120000000005,260.0,2728.6120000000005
0.604,14,13,85485,3069,27,0.5185185185185185,0.0045410314628608495,0.0001520503403588388,0.0003048057709892641,2988.6120000000005,260.0,2728.6120000000005
0.605,14,13,85485,3069,27,0.5185185185185185,0.0045410314628608495,0.0001520503403588388,0.0003048057709892641,2988.6120000000005,260.0,2728.6120000000005
0.606,14,13,85485,3069,27,0.5185185185185185,0.0045410314628608495,0.0001520503403588388,0.0003048057709892641,2988.6120000000005,260.0,2728.6120000000005
0.607,14,13,85485,3069,27,0.5185185185185185,0.0045410314628608495,0.0001520503403588388,0.0003048057709892641,2988.6120000000005,260.0,2728.6120000000005
0.608,14,13,85485,3069,27,0.5185185185185185,0.0045410314628608495,0.0001520503403588388,0.0003048057709892641,2988.6120000000005,260.0,2728.6120000000005
0.609,14,13,85485,3069,27,0.5185185185185185,0.0045410314628608495,0.0001520503403588388,0.0003048057709892641,2988.6120000000005,260.0,2728.6120000000005
0.61,14,13,85485,3069,27,0.5185185185185185,0.0045410314628608495,0.0001520503403588388,0.0003048057709892641,2988.6120000000005,260.0,2728.6120000000005
0.611,14,13,85485,3069,27,0.5185185185185185,0.0045410314628608495,0.0001520503403588388,0.0003048057709892641,2988.6120000000005,260.0,2728.6120000000005
0.612,14,13,85485,3069,27,0.5185185185185185,0.0045410314628608495,0.0001520503403588388,0.0003048057709892641,2988.6120000000005,260.0,2728.6120000000005
0.613,14,13,85485,3069,27,0.5185185185185185,0.0045410314628608495,0.0001520503403588388,0.0003048057709892641,2988.6120000000005,260.0,2728.6120000000005
0.614,14,13,85485,3069,27,0.5185185185185185,0.0045410314628608495,0.0001520503403588388,0.0003048057709892641,2988.6120000000005,260.0,2728.6120000000005
0.615,14,13,85485,3069,27,0.5185185185185185,0.0045410314628608495,0.0001520503403588388,0.0003048057709892641,2988.6120000000005,260.0,2728.6120000000005
0.616,14,13,85485,3069,27,0.5185185185185185,0.0045410314628608495,0.0001520503403588388,0.0003048057709892641,2988.6120000000005,260.0,2728.6120000000005
0.617,14,13,85485,3069,27,0.5185185185185185,0.0045410314628608495,0.0001520503403588388,0.0003048057709892641,2988.6120000000005,260.0,2728.6120000000005
0.618,14,13,85485,3069,27,0.5185185185185185,0.0045410314628608495,0.0001520503403588388,0.0003048057709892641,2988.6120000000005,260.0,2728.6120000000005
0.619,14,13,85485,3069,27,0.5185185185185185,0.0045410314628608495,0.0001520503403588388,0.0003048057709892641,2988.6120000000005,260.0,2728.6120000000005
0.62,14,13,85485,3069,27,0.5185185185185185,0.0045410314628608495,0.0001520503403588388,0.0003048057709892641,2988.6120000000005,260.0,2728.6120000000005
0.621,14,13,85485,3069,27,0.5185185185185185,0.0045410314628608495,0.0001520503403588388,0.0003048057709892641,2988.6120000000005,260.0,2728.6120000000005
0.622,14,13,85485,3069,27,0.5185185185185185,0.0045410314628608495,0.0001520503403588388,0.0003048057709892641,2988.6120000000005,260.0,2728.6120000000005
0.623,14,13,85485,3069,27,0.5185185185185185,0.0045410314628608495,0.0001520503403588388,0.0003048057709892641,2988.6120000000005,260.0,2728.6120000000005
0.624,14,13,85485,3069,27,0.5185185185185185,0.0045410314628608495,0.0001520503403588388,0.0003048057709892641,2988.6120000000005,260.0,2728.6120000000005
0.625,14,13,85485,3069,27,0.5185185185185185,0.0045410314628608495,0.0001520503403588388,0.0003048057709892641,2988.6120000000005,260.0,2728.6120000000005
0.626,14,13,85485,3069,27,0.5185185185185185,0.0045410314628608495,0.0001520503403588388,0.0003048057709892641,2988.6120000000005,260.0,2728.6120000000005
0.627,14,13,85485,3069,27,0.5185185185185185,0.0045410314628608495,0.0001520503403588388,0.0003048057709892641,2988.6120000000005,260.0,2728.6120000000005
0.628,14,13,85485,3069,27,0.5185185185185185,0.0045410314628608495,0.0001520503403588388,0.0003048057709892641,2988.6120000000005,260.0,2728.6120000000005
0.629,14,13,85485,3069,27,0.5185185185185185,0.0045410314628608495,0.0001520503403588388,0.0003048057709892641,2988.6120000000005,260.0,2728.6120000000005
0.63,14,13,85485,3069,27,0.5185185185185185,0.0045410314628608495,0.0001520503403588388,0.0003048057709892641,2988.6120000000005,260.0,2728.6120000000005
0.631,14,13,85485,3069,27,0.5185185185185185,0.0045410314628608495,0.0001520503403588388,0.0003048057709892641,2988.6120000000005,260.0,2728.6120000000005
0.632,14,13,85485,3069,27,0.5185185185185185,0.0045410314628608495,0.0001520503403588388,0.0003048057709892641,2988.6120000000005,260.0,2728.6120000000005
0.633,14,13,85485,3069,27,0.5185185185185185,0.0045410314628608495,0.0001520503403588388,0.0003048057709892641,2988.6120000000005,260.0,2728.6120000000005
0.634,14,13,85485,3069,27,0.5185185185185185,0.0045410314628608495,0.0001520503403588388,0.0003048057709892641,2988.6120000000005,260.0,2728.6120000000005
0.635,4,0,85498,3079,4,1.0,0.0012974375608173856,0.0,4.5156410516928007e-05,1420.0,0.0,1420.0
0.636,4,0,85498,3079,4,1.0,0.0012974375608173856,0.0,4.5156410516928007e-05,1420.0,0.0,1420.0
0.637,4,0,85498,3079,4,1.0,0.0012974375608173856,0.0,4.5156410516928007e-05,1420.0,0.0,1420.0
0.638,4,0,85498,3079,4,1.0,0.0012974375608173856,0.0,4.5156410516928007e-05,1420.0,0.0,1420.0
0.639,4,0,85498,3079,4,1.0,0.0012974375608173856,0.0,4.5156410516928007e-05,1420.0,0.0,1420.0
0.64,4,0,85498,3079,4,1.0,0.0012974375608173856,0.0,4.5156410516928007e-05,1420.0,0.0,1420.0
0.641,4,0,85498,3079,4,1.0,0.0012974375608173856,0.0,4.5156410516928007e-05,1420.0,0.0,1420.0
0.642,4,0,85498,3079,4,1.0,0.0012974375608173856,0.0,4.5156410516928007e-05,1420.0,0.0,1420.0
0.643,4,0,85498,3079,4,1.0,0.0012974375608173856,0.0,4.5156410516928007e-05,1420.0,0.0,1420.0
0.644,4,0,85498,3079,4,1.0,0.0012974375608173856,0.0,4.5156410516928007e-05,1420.0,0.0,1420.0
0.645,4,0,85498,3079,4,1.0,0.0012974375608173856,0.0,4.5156410516928007e-05,1420.0,0.0,1420.0
0.646,4,0,85498,3079,4,1.0,0.0012974375608173856,0.0,4.5156410516928007e-05,1420.0,0.0,1420.0
0.647,4,0,85498,3079,4,1.0,0.0012974375608173856,0.0,4.5156410516928007e-05,1420.0,0.0,1420.0
0.648,4,0,85498,3079,4,1.0,0.0012974375608173856,0.0,4.5156410516928007e-05,1420.0,0.0,1420.0
0.649,4,0,85498,3079,4,1.0,0.0012974375608173856,0.0,4.5156410516928007e-05,1420.0,0.0,1420.0
0.65,4,0,85498,3079,4,1.0,0.0012974375608173856,0.0,4.5156410516928007e-05,1420.0,0.0,1420.0
0.651,4,0,85498,3079,4,1.0,0.0012974375608173856,0.0,4.5156410516928007e-05,1420.0,0.0,1420.0
0.652,4,0,85498,3079,4,1.0,0.0012974375608173856,0.0,4.5156410516928007e-05,1420.0,0.0,1420.0
0.653,4,0,85498,3079,4,1.0,0.0012974375608173856,0.0,4.5156410516928007e-05,1420.0,0.0,1420.0
0.654,4,0,85498,3079,4,1.0,0.0012974375608173856,0.0,4.5156410516928007e-05,1420.0,0.0,1420.0
0.655,4,0,85498,3079,4,1.0,0.0012974375608173856,0.0,4.5156410516928007e-05,1420.0,0.0,1420.0
0.656,4,0,85498,3079,4,1.0,0.0012974375608173856,0.0,4.5156410516928007e-05,1420.0,0.0,1420.0
0.657,4,0,85498,3079,4,1.0,0.0012974375608173856,0.0,4.5156410516928007e-05,1420.0,0.0,1420.0
0.658,4,0,85498,3079,4,1.0,0.0012974375608173856,0.0,4.5156410516928007e-05,1420.0,0.0,1420.0
0.659,4,0,85498,3079,4,1.0,0.0012974375608173856,0.0,4.5156410516928007e-05,1420.0,0.0,1420.0
0.66,4,0,85498,3079,4,1.0,0.0012974375608173856,0.0,4.5156410516928007e-05,1420.0,0.0,1420.0
0.661,4,0,85498,3079,4,1.0,0.0012974375608173856,0.0,4.5156410516928007e-05,1420.0,0.0,1420.0
0.662,4,0,85498,3079,4,1.0,0.0012974375608173856,0.0,4.5156410516928007e-05,1420.0,0.0,1420.0
0.663,4,0,85498,3079,4,1.0,0.0012974375608173856,0.0,4.5156410516928007e-05,1420.0,0.0,1420.0
0.664,4,0,85498,3079,4,1.0,0.0012974375608173856,0.0,4.5156410516928007e-05,1420.0,0.0,1420.0
0.665,4,0,85498,3079,4,1.0,0.0012974375608173856,0.0,4.5156410516928007e-05,1420.0,0.0,1420.0
0.666,4,0,85498,3079,4,1.0,0.0012974375608173856,0.0,4.5156410516928007e-05,1420.0,0.0,1420.0
0.667,4,0,85498,3079,4,1.0,0.0012974375608173856,0.0,4.5156410516928007e-05,1420.0,0.0,1420.0
0.668,4,0,85498,3079,4,1.0,0.0012974375608173856,0.0,4.5156410516928007e-05,1420.0,0.0,1420.0
0.669,4,0,85498,3079,4,1.0,0.0012974375608173856,0.0,4.5156410516928007e-05,1420.0,0.0,1420.0
0.67,4,0,85498,3079,4,1.0,0.0012974375608173856,0.0,4.5156410516928007e-05,1420.0,0.0,1420.0
0.671,4,0,85498,3079,4,1.0,0.0012974375608173856,0.0,4.5156410516928007e-05,1420.0,0.0,1420.0
0.672,4,0,85498,3079,4,1.0,0.0012974375608173856,0.0,4.5156410516928007e-05,1420.0,0.0,1420.0
0.673,4,0,85498,3079,4,1.0,0.0012974375608173856,0.0,4.5156410516928007e-05,1420.0,0.0,1420.0
0.674,4,0,85498,3079,4,1.0,0.0012974375608173856,0.0,4.5156410516928007e-05,1420.0,0.0,1420.0
0.675,4,0,85498,3079,4,1.0,0.0012974375608173856,0.0,4.5156410516928007e-05,1420.0,0.0,1420.0
0.676,4,0,85498,3079,4,1.0,0.0012974375608173856,0.0,4.5156410516928007e-05,1420.0,0.0,1420.0
0.677,4,0,85498,3079,4,1.0,0.0012974375608173856,0.0,4.5156410516928007e-05,1420.0,0.0,1420.0
0.678,4,0,85498,3079,4,1.0,0.0012974375608173856,0.0,4.5156410516928007e-05,1420.0,0.0,1420.0
0.679,4,0,85498,3079,4,1.0,0.0012974375608173856,0.0,4.5156410516928007e-05,1420.0,0.0,1420.0
0.68,4,0,85498,3079,4,1.0,0.0012974375608173856,0.0,4.5156410516928007e-05,1420.0,0.0,1420.0
0.681,4,0,85498,3079,4,1.0,0.0012974375608173856,0.0,4.5156410516928007e-05,1420.0,0.0,1420.0
0.682,4,0,85498,3079,4,1.0,0.0012974375608173856,0.0,4.5156410516928007e-05,1420.0,0.0,1420.0
0.683,4,0,85498,3079,4,1.0,0.0012974375608173856,0.0,4.5156410516928007e-05,1420.0,0.0,1420.0
0.684,4,0,85498,3079,4,1.0,0.0012974375608173856,0.0,4.5156410516928007e-05,1420.0,0.0,1420.0
0.685,4,0,85498,3079,4,1.0,0.0012974375608173856,0.0,4.5156410516928007e-05,1420.0,0.0,1420.0
0.686,4,0,85498,3079,4,1.0,0.0012974375608173856,0.0,4.5156410516928007e-05,1420.0,0.0,1420.0
0.687,4,0,85498,3079,4,1.0,0.0012974375608173856,0.0,4.5156410516928007e-05,1420.0,0.0,1420.0
0.6880000000000001,4,0,85498,3079,4,1.0,0.0012974375608173856,0.0,4.5156410516928007e-05,1420.0,0.0,1420.0
0.6890000000000001,4,0,85498,3079,4,1.0,0.0012974375608173856,0.0,4.5156410516928007e-05,1420.0,0.0,1420.0
0.6900000000000001,4,0,85498,3079,4,1.0,0.0012974375608173856,0.0,4.5156410516928007e-05,1420.0,0.0,1420.0
0.6910000000000001,4,0,85498,3079,4,1.0,0.0012974375608173856,0.0,4.5156410516928007e-05,1420.0,0.0,1420.0
0.6920000000000001,4,0,85498,3079,4,1.0,0.0012974375608173856,0.0,4.5156410516928007e-05,1420.0,0.0,1420.0
0.6930000000000001,3,0,85498,3080,3,1.0,0.0009730781706130393,0.0,3.386730788769601e-05,1020.0,0.0,1020.0
0.6940000000000001,3,0,85498,3080,3,1.0,0.0009730781706130393,0.0,3.386730788769601e-05,1020.0,0.0,1020.0
0.6950000000000001,3,0,85498,3080,3,1.0,0.0009730781706130393,0.0,3.386730788769601e-05,1020.0,0.0,1020.0
0.6960000000000001,3,0,85498,3080,3,1.0,0.0009730781706130393,0.0,3.386730788769601e-05,1020.0,0.0,1020.0
0.6970000000000001,3,0,85498,3080,3,1.0,0.0009730781706130393,0.0,3.386730788769601e-05,1020.0,0.0,1020.0
0.6980000000000001,3,0,85498,3080,3,1.0,0.0009730781706130393,0.0,3.386730788769601e-05,1020.0,0.0,1020.0
0.6990000000000001,3,0,85498,3080,3,1.0,0.0009730781706130393,0.0,3.386730788769601e-05,1020.0,0.0,1020.0
0.7000000000000001,3,0,85498,3080,3,1.0,0.0009730781706130393,0.0,3.386730788769601e-05,1020.0,0.0,1020.0
0.7010000000000001,3,0,85498,3080,3,1.0,0.0009730781706130393,0.0,3.386730788769601e-05,1020.0,0.0,1020.0
0.7020000000000001,3,0,85498,3080,3,1.0,0.0009730781706130393,0.0,3.386730788769601e-05,1020.0,0.0,1020.0
0.7030000000000001,3,0,85498,3080,3,1.0,0.0009730781706130393,0.0,3.386730788769601e-05,1020.0,0.0,1020.0
0.704,3,0,85498,3080,3,1.0,0.0009730781706130393,0.0,3.386730788769601e-05,1020.0,0.0,1020.0
0.705,3,0,85498,3080,3,1.0,0.0009730781706130393,0.0,3.386730788769601e-05,1020.0,0.0,1020.0
0.706,3,0,85498,3080,3,1.0,0.0009730781706130393,0.0,3.386730788769601e-05,1020.0,0.0,1020.0
0.707,3,0,85498,3080,3,1.0,0.0009730781706130393,0.0,3.386730788769601e-05,1020.0,0.0,1020.0
0.708,3,0,85498,3080,3,1.0,0.0009730781706130393,0.0,3.386730788769601e-05,1020.0,0.0,1020.0
0.709,3,0,85498,3080,3,1.0,0.0009730781706130393,0.0,3.386730788769601e-05,1020.0,0.0,1020.0
0.71,3,0,85498,3080,3,1.0,0.0009730781706130393,0.0,3.386730788769601e-05,1020.0,0.0,1020.0
0.711,3,0,85498,3080,3,1.0,0.0009730781706130393,0.0,3.386730788769601e-05,1020.0,0.0,1020.0
0.712,3,0,85498,3080,3,1.0,0.0009730781706130393,0.0,3.386730788769601e-05,1020.0,0.0,1020.0
0.713,3,0,85498,3080,3,1.0,0.0009730781706130393,0.0,3.386730788769601e-05,1020.0,0.0,1020.0
0.714,3,0,85498,3080,3,1.0,0.0009730781706130393,0.0,3.386730788769601e-05,1020.0,0.0,1020.0
0.715,3,0,85498,3080,3,1.0,0.0009730781706130393,0.0,3.386730788769601e-05,1020.0,0.0,1020.0
0.716,3,0,85498,3080,3,1.0,0.0009730781706130393,0.0,3.386730788769601e-05,1020.0,0.0,1020.0
0.717,3,0,85498,3080,3,1.0,0.0009730781706130393,0.0,3.386730788769601e-05,1020.0,0.0,1020.0
0.718,3,0,85498,3080,3,1.0,0.0009730781706130393,0.0,3.386730788769601e-05,1020.0,0.0,1020.0
0.719,3,0,85498,3080,3,1.0,0.0009730781706130393,0.0,3.386730788769601e-05,1020.0,0.0,1020.0
0.72,3,0,85498,3080,3,1.0,0.0009730781706130393,0.0,3.386730788769601e-05,1020.0,0.0,1020.0
0.721,3,0,85498,3080,3,1.0,0.0009730781706130393,0.0,3.386730788769601e-05,1020.0,0.0,1020.0
0.722,3,0,85498,3080,3,1.0,0.0009730781706130393,0.0,3.386730788769601e-05,1020.0,0.0,1020.0
0.723,3,0,85498,3080,3,1.0,0.0009730781706130393,0.0,3.386730788769601e-05,1020.0,0.0,1020.0
0.724,3,0,85498,3080,3,1.0,0.0009730781706130393,0.0,3.386730788769601e-05,1020.0,0.0,1020.0
0.725,3,0,85498,3080,3,1.0,0.0009730781706130393,0.0,3.386730788769601e-05,1020.0,0.0,1020.0
0.726,3,0,85498,3080,3,1.0,0.0009730781706130393,0.0,3.386730788769601e-05,1020.0,0.0,1020.0
0.727,3,0,85498,3080,3,1.0,0.0009730781706130393,0.0,3.386730788769601e-05,1020.0,0.0,1020.0
0.728,3,0,85498,3080,3,1.0,0.0009730781706130393,0.0,3.386730788769601e-05,1020.0,0.0,1020.0
0.729,3,0,85498,3080,3,1.0,0.0009730781706130393,0.0,3.386730788769601e-05,1020.0,0.0,1020.0
0.73,3,0,85498,3080,3,1.0,0.0009730781706130393,0.0,3.386730788769601e-05,1020.0,0.0,1020.0
0.731,3,0,85498,3080,3,1.0,0.0009730781706130393,0.0,3.386730788769601e-05,1020.0,0.0,1020.0
0.732,3,0,85498,3080,3,1.0,0.0009730781706130393,0.0,3.386730788769601e-05,1020.0,0.0,1020.0
0.733,3,0,85498,3080,3,1.0,0.0009730781706130393,0.0,3.386730788769601e-05,1020.0,0.0,1020.0
0.734,3,0,85498,3080,3,1.0,0.0009730781706130393,0.0,3.386730788769601e-05,1020.0,0.0,1020.0
0.735,3,0,85498,3080,3,1.0,0.0009730781706130393,0.0,3.386730788769601e-05,1020.0,0.0,1020.0
0.736,3,0,85498,3080,3,1.0,0.0009730781706130393,0.0,3.386730788769601e-05,1020.0,0.0,1020.0
0.737,3,0,85498,3080,3,1.0,0.0009730781706130393,0.0,3.386730788769601e-05,1020.0,0.0,1020.0
0.738,3,0,85498,3080,3,1.0,0.0009730781706130393,0.0,3.386730788769601e-05,1020.0,0.0,1020.0
0.739,3,0,85498,3080,3,1.0,0.0009730781706130393,0.0,3.386730788769601e-05,1020.0,0.0,1020.0
0.74,3,0,85498,3080,3,1.0,0.0009730781706130393,0.0,3.386730788769601e-05,1020.0,0.0,1020.0
0.741,3,0,85498,3080,3,1.0,0.0009730781706130393,0.0,3.386730788769601e-05,1020.0,0.0,1020.0
0.742,3,0,85498,3080,3,1.0,0.0009730781706130393,0.0,3.386730788769601e-05,1020.0,0.0,1020.0
0.743,3,0,85498,3080,3,1.0,0.0009730781706130393,0.0,3.386730788769601e-05,1020.0,0.0,1020.0
0.744,3,0,85498,3080,3,1.0,0.0009730781706130393,0.0,3.386730788769601e-05,1020.0,0.0,1020.0
0.745,3,0,85498,3080,3,1.0,0.0009730781706130393,0.0,3.386730788769601e-05,1020.0,0.0,1020.0
0.746,3,0,85498,3080,3,1.0,0.0009730781706130393,0.0,3.386730788769601e-05,1020.0,0.0,1020.0
0.747,3,0,85498,3080,3,1.0,0.0009730781706130393,0.0,3.386730788769601e-05,1020.0,0.0,1020.0
0.748,3,0,85498,3080,3,1.0,0.0009730781706130393,0.0,3.386730788769601e-05,1020.0,0.0,1020.0
0.749,3,0,85498,3080,3,1.0,0.0009730781706130393,0.0,3.386730788769601e-05,1020.0,0.0,1020.0
0.75,3,0,85498,3080,3,1.0,0.0009730781706130393,0.0,3.386730788769601e-05,1020.0,0.0,1020.0
0.751,3,0,85498,3080,3,1.0,0.0009730781706130393,0.0,3.386730788769601e-05,1020.0,0.0,1020.0
0.752,3,0,85498,3080,3,1.0,0.0009730781706130393,0.0,3.386730788769601e-05,1020.0,0.0,1020.0
0.753,3,0,85498,3080,3,1.0,0.0009730781706130393,0.0,3.386730788769601e-05,1020.0,0.0,1020.0
0.754,3,0,85498,3080,3,1.0,0.0009730781706130393,0.0,3.386730788769601e-05,1020.0,0.0,1020.0
0.755,3,0,85498,3080,3,1.0,0.0009730781706130393,0.0,3.386730788769601e-05,1020.0,0.0,1020.0
0.756,3,0,85498,3080,3,1.0,0.0009730781706130393,0.0,3.386730788769601e-05,1020.0,0.0,1020.0
0.757,3,0,85498,3080,3,1.0,0.0009730781706130393,0.0,3.386730788769601e-05,1020.0,0.0,1020.0
0.758,3,0,85498,3080,3,1.0,0.0009730781706130393,0.0,3.386730788769601e-05,1020.0,0.0,1020.0
0.759,3,0,85498,3080,3,1.0,0.0009730781706130393,0.0,3.386730788769601e-05,1020.0,0.0,1020.0
0.76,3,0,85498,3080,3,1.0,0.0009730781706130393,0.0,3.386730788769601e-05,1020.0,0.0,1020.0
0.761,3,0,85498,3080,3,1.0,0.0009730781706130393,0.0,3.386730788769601e-05,1020.0,0.0,1020.0
0.762,3,0,85498,3080,3,1.0,0.0009730781706130393,0.0,3.386730788769601e-05,1020.0,0.0,1020.0
0.763,3,0,85498,3080,3,1.0,0.0009730781706130393,0.0,3.386730788769601e-05,1020.0,0.0,1020.0
0.764,3,0,85498,3080,3,1.0,0.0009730781706130393,0.0,3.386730788769601e-05,1020.0,0.0,1020.0
0.765,3,0,85498,3080,3,1.0,0.0009730781706130393,0.0,3.386730788769601e-05,1020.0,0.0,1020.0
0.766,3,0,85498,3080,3,1.0,0.0009730781706130393,0.0,3.386730788769601e-05,1020.0,0.0,1020.0
0.767,3,0,85498,3080,3,1.0,0.0009730781706130393,0.0,3.386730788769601e-05,1020.0,0.0,1020.0
0.768,3,0,85498,3080,3,1.0,0.0009730781706130393,0.0,3.386730788769601e-05,1020.0,0.0,1020.0
0.769,3,0,85498,3080,3,1.0,0.0009730781706130393,0.0,3.386730788769601e-05,1020.0,0.0,1020.0
0.77,3,0,85498,3080,3,1.0,0.0009730781706130393,0.0,3.386730788769601e-05,1020.0,0.0,1020.0
0.771,3,0,85498,3080,3,1.0,0.0009730781706130393,0.0,3.386730788769601e-05,1020.0,0.0,1020.0
0.772,3,0,85498,3080,3,1.0,0.0009730781706130393,0.0,3.386730788769601e-05,1020.0,0.0,1020.0
0.773,3,0,85498,3080,3,1.0,0.0009730781706130393,0.0,3.386730788769601e-05,1020.0,0.0,1020.0
0.774,3,0,85498,3080,3,1.0,0.0009730781706130393,0.0,3.386730788769601e-05,1020.0,0.0,1020.0
0.775,3,0,85498,3080,3,1.0,0.0009730781706130393,0.0,3.386730788769601e-05,1020.0,0.0,1020.0
0.776,3,0,85498,3080,3,1.0,0.0009730781706130393,0.0,3.386730788769601e-05,1020.0,0.0,1020.0
0.777,3,0,85498,3080,3,1.0,0.0009730781706130393,0.0,3.386730788769601e-05,1020.0,0.0,1020.0
0.778,3,0,85498,3080,3,1.0,0.0009730781706130393,0.0,3.386730788769601e-05,1020.0,0.0,1020.0
0.779,3,0,85498,3080,3,1.0,0.0009730781706130393,0.0,3.386730788769601e-05,1020.0,0.0,1020.0
0.78,3,0,85498,3080,3,1.0,0.0009730781706130393,0.0,3.386730788769601e-05,1020.0,0.0,1020.0
0.781,3,0,85498,3080,3,1.0,0.0009730781706130393,0.0,3.386730788769601e-05,1020.0,0.0,1020.0
0.782,3,0,85498,3080,3,1.0,0.0009730781706130393,0.0,3.386730788769601e-05,1020.0,0.0,1020.0
0.783,3,0,85498,3080,3,1.0,0.0009730781706130393,0.0,3.386730788769601e-05,1020.0,0.0,1020.0
0.784,3,0,85498,3080,3,1.0,0.0009730781706130393,0.0,3.386730788769601e-05,1020.0,0.0,1020.0
0.785,3,0,85498,3080,3,1.0,0.0009730781706130393,0.0,3.386730788769601e-05,1020.0,0.0,1020.0
0.786,3,0,85498,3080,3,1.0,0.0009730781706130393,0.0,3.386730788769601e-05,1020.0,0.0,1020.0
0.787,3,0,85498,3080,3,1.0,0.0009730781706130393,0.0,3.386730788769601e-05,1020.0,0.0,1020.0
0.788,3,0,85498,3080,3,1.0,0.0009730781706130393,0.0,3.386730788769601e-05,1020.0,0.0,1020.0
0.789,3,0,85498,3080,3,1.0,0.0009730781706130393,0.0,3.386730788769601e-05,1020.0,0.0,1020.0
0.79,3,0,85498,3080,3,1.0,0.0009730781706130393,0.0,3.386730788769601e-05,1020.0,0.0,1020.0
0.791,3,0,85498,3080,3,1.0,0.0009730781706130393,0.0,3.386730788769601e-05,1020.0,0.0,1020.0
0.792,3,0,85498,3080,3,1.0,0.0009730781706130393,0.0,3.386730788769601e-05,1020.0,0.0,1020.0
0.793,3,0,85498,3080,3,1.0,0.0009730781706130393,0.0,3.386730788769601e-05,1020.0,0.0,1020.0
0.794,3,0,85498,3080,3,1.0,0.0009730781706130393,0.0,3.386730788769601e-05,1020.0,0.0,1020.0
0.795,3,0,85498,3080,3,1.0,0.0009730781706130393,0.0,3.386730788769601e-05,1020.0,0.0,1020.0
0.796,3,0,85498,3080,3,1.0,0.0009730781706130393,0.0,3.386730788769601e-05,1020.0,0.0,1020.0
0.797,3,0,85498,3080,3,1.0,0.0009730781706130393,0.0,3.386730788769601e-05,1020.0,0.0,1020.0
0.798,3,0,85498,3080,3,1.0,0.0009730781706130393,0.0,3.386730788769601e-05,1020.0,0.0,1020.0
0.799,3,0,85498,3080,3,1.0,0.0009730781706130393,0.0,3.386730788769601e-05,1020.0,0.0,1020.0
0.8,3,0,85498,3080,3,1.0,0.0009730781706130393,0.0,3.386730788769601e-05,1020.0,0.0,1020.0
0.801,3,0,85498,3080,3,1.0,0.0009730781706130393,0.0,3.386730788769601e-05,1020.0,0.0,1020.0
0.802,3,0,85498,3080,3,1.0,0.0009730781706130393,0.0,3.386730788769601e-05,1020.0,0.0,1020.0
0.803,3,0,85498,3080,3,1.0,0.0009730781706130393,0.0,3.386730788769601e-05,1020.0,0.0,1020.0
0.804,3,0,85498,3080,3,1.0,0.0009730781706130393,0.0,3.386730788769601e-05,1020.0,0.0,1020.0
0.805,3,0,85498,3080,3,1.0,0.0009730781706130393,0.0,3.386730788769601e-05,1020.0,0.0,1020.0
0.806,3,0,85498,3080,3,1.0,0.0009730781706130393,0.0,3.386730788769601e-05,1020.0,0.0,1020.0
0.807,3,0,85498,3080,3,1.0,0.0009730781706130393,0.0,3.386730788769601e-05,1020.0,0.0,1020.0
0.808,3,0,85498,3080,3,1.0,0.0009730781706130393,0.0,3.386730788769601e-05,1020.0,0.0,1020.0
0.809,3,0,85498,3080,3,1.0,0.0009730781706130393,0.0,3.386730788769601e-05,1020.0,0.0,1020.0
0.81,3,0,85498,3080,3,1.0,0.0009730781706130393,0.0,3.386730788769601e-05,1020.0,0.0,1020.0
0.811,3,0,85498,3080,3,1.0,0.0009730781706130393,0.0,3.386730788769601e-05,1020.0,0.0,1020.0
0.812,3,0,85498,3080,3,1.0,0.0009730781706130393,0.0,3.386730788769601e-05,1020.0,0.0,1020.0
0.8130000000000001,3,0,85498,3080,3,1.0,0.0009730781706130393,0.0,3.386730788769601e-05,1020.0,0.0,1020.0
0.8140000000000001,3,0,85498,3080,3,1.0,0.0009730781706130393,0.0,3.386730788769601e-05,1020.0,0.0,1020.0
0.8150000000000001,3,0,85498,3080,3,1.0,0.0009730781706130393,0.0,3.386730788769601e-05,1020.0,0.0,1020.0
0.8160000000000001,3,0,85498,3080,3,1.0,0.0009730781706130393,0.0,3.386730788769601e-05,1020.0,0.0,1020.0
0.8170000000000001,3,0,85498,3080,3,1.0,0.0009730781706130393,0.0,3.386730788769601e-05,1020.0,0.0,1020.0
0.8180000000000001,3,0,85498,3080,3,1.0,0.0009730781706130393,0.0,3.386730788769601e-05,1020.0,0.0,1020.0
0.8190000000000001,3,0,85498,3080,3,1.0,0.0009730781706130393,0.0,3.386730788769601e-05,1020.0,0.0,1020.0
0.8200000000000001,3,0,85498,3080,3,1.0,0.0009730781706130393,0.0,3.386730788769601e-05,1020.0,0.0,1020.0
0.8210000000000001,3,0,85498,3080,3,1.0,0.0009730781706130393,0.0,3.386730788769601e-05,1020.0,0.0,1020.0
0.8220000000000001,3,0,85498,3080,3,1.0,0.0009730781706130393,0.0,3.386730788769601e-05,1020.0,0.0,1020.0
0.8230000000000001,3,0,85498,3080,3,1.0,0.0009730781706130393,0.0,3.386730788769601e-05,1020.0,0.0,1020.0
0.8240000000000001,3,0,85498,3080,3,1.0,0.0009730781706130393,0.0,3.386730788769601e-05,1020.0,0.0,1020.0
0.8250000000000001,3,0,85498,3080,3,1.0,0.0009730781706130393,0.0,3.386730788769601e-05,1020.0,0.0,1020.0
0.8260000000000001,3,0,85498,3080,3,1.0,0.0009730781706130393,0.0,3.386730788769601e-05,1020.0,0.0,1020.0
0.8270000000000001,3,0,85498,3080,3,1.0,0.0009730781706130393,0.0,3.386730788769601e-05,1020.0,0.0,1020.0
0.8280000000000001,3,0,85498,3080,3,1.0,0.0009730781706130393,0.0,3.386730788769601e-05,1020.0,0.0,1020.0
0.8290000000000001,3,0,85498,3080,3,1.0,0.0009730781706130393,0.0,3.386730788769601e-05,1020.0,0.0,1020.0
0.8300000000000001,3,0,85498,3080,3,1.0,0.0009730781706130393,0.0,3.386730788769601e-05,1020.0,0.0,1020.0
0.8310000000000001,3,0,85498,3080,3,1.0,0.0009730781706130393,0.0,3.386730788769601e-05,1020.0,0.0,1020.0
0.8320000000000001,3,0,85498,3080,3,1.0,0.0009730781706130393,0.0,3.386730788769601e-05,1020.0,0.0,1020.0
0.833,3,0,85498,3080,3,1.0,0.0009730781706130393,0.0,3.386730788769601e-05,1020.0,0.0,1020.0
0.834,3,0,85498,3080,3,1.0,0.0009730781706130393,0.0,3.386730788769601e-05,1020.0,0.0,1020.0
0.835,3,0,85498,3080,3,1.0,0.0009730781706130393,0.0,3.386730788769601e-05,1020.0,0.0,1020.0
0.836,3,0,85498,3080,3,1.0,0.0009730781706130393,0.0,3.386730788769601e-05,1020.0,0.0,1020.0
0.837,3,0,85498,3080,3,1.0,0.0009730781706130393,0.0,3.386730788769601e-05,1020.0,0.0,1020.0
0.838,3,0,85498,3080,3,1.0,0.0009730781706130393,0.0,3.386730788769601e-05,1020.0,0.0,1020.0
0.839,3,0,85498,3080,3,1.0,0.0009730781706130393,0.0,3.386730788769601e-05,1020.0,0.0,1020.0
0.84,3,0,85498,3080,3,1.0,0.0009730781706130393,0.0,3.386730788769601e-05,1020.0,0.0,1020.0
0.841,3,0,85498,3080,3,1.0,0.0009730781706130393,0.0,3.386730788769601e-05,1020.0,0.0,1020.0
0.842,3,0,85498,3080,3,1.0,0.0009730781706130393,0.0,3.386730788769601e-05,1020.0,0.0,1020.0
0.843,3,0,85498,3080,3,1.0,0.0009730781706130393,0.0,3.386730788769601e-05,1020.0,0.0,1020.0
0.844,3,0,85498,3080,3,1.0,0.0009730781706130393,0.0,3.386730788769601e-05,1020.0,0.0,1020.0
0.845,3,0,85498,3080,3,1.0,0.0009730781706130393,0.0,3.386730788769601e-05,1020.0,0.0,1020.0
0.846,3,0,85498,3080,3,1.0,0.0009730781706130393,0.0,3.386730788769601e-05,1020.0,0.0,1020.0
0.847,3,0,85498,3080,3,1.0,0.0009730781706130393,0.0,3.386730788769601e-05,1020.0,0.0,1020.0
0.848,3,0,85498,3080,3,1.0,0.0009730781706130393,0.0,3.386730788769601e-05,1020.0,0.0,1020.0
0.849,3,0,85498,3080,3,1.0,0.0009730781706130393,0.0,3.386730788769601e-05,1020.0,0.0,1020.0
0.85,3,0,85498,3080,3,1.0,0.0009730781706130393,0.0,3.386730788769601e-05,1020.0,0.0,1020.0
0.851,3,0,85498,3080,3,1.0,0.0009730781706130393,0.0,3.386730788769601e-05,1020.0,0.0,1020.0
0.852,3,0,85498,3080,3,1.0,0.0009730781706130393,0.0,3.386730788769601e-05,1020.0,0.0,1020.0
0.853,3,0,85498,3080,3,1.0,0.0009730781706130393,0.0,3.386730788769601e-05,1020.0,0.0,1020.0
0.854,3,0,85498,3080,3,1.0,0.0009730781706130393,0.0,3.386730788769601e-05,1020.0,0.0,1020.0
0.855,3,0,85498,3080,3,1.0,0.0009730781706130393,0.0,3.386730788769601e-05,1020.0,0.0,1020.0
0.856,3,0,85498,3080,3,1.0,0.0009730781706130393,0.0,3.386730788769601e-05,1020.0,0.0,1020.0
0.857,3,0,85498,3080,3,1.0,0.0009730781706130393,0.0,3.386730788769601e-05,1020.0,0.0,1020.0
0.858,3,0,85498,3080,3,1.0,0.0009730781706130393,0.0,3.386730788769601e-05,1020.0,0.0,1020.0
0.859,3,0,85498,3080,3,1.0,0.0009730781706130393,0.0,3.386730788769601e-05,1020.0,0.0,1020.0
0.86,3,0,85498,3080,3,1.0,0.0009730781706130393,0.0,3.386730788769601e-05,1020.0,0.0,1020.0
0.861,3,0,85498,3080,3,1.0,0.0009730781706130393,0.0,3.386730788769601e-05,1020.0,0.0,1020.0
0.862,3,0,85498,3080,3,1.0,0.0009730781706130393,0.0,3.386730788769601e-05,1020.0,0.0,1020.0
0.863,3,0,85498,3080,3,1.0,0.0009730781706130393,0.0,3.386730788769601e-05,1020.0,0.0,1020.0
0.864,3,0,85498,3080,3,1.0,0.0009730781706130393,0.0,3.386730788769601e-05,1020.0,0.0,1020.0
0.865,3,0,85498,3080,3,1.0,0.0009730781706130393,0.0,3.386730788769601e-05,1020.0,0.0,1020.0
0.866,3,0,85498,3080,3,1.0,0.0009730781706130393,0.0,3.386730788769601e-05,1020.0,0.0,1020.0
0.867,3,0,85498,3080,3,1.0,0.0009730781706130393,0.0,3.386730788769601e-05,1020.0,0.0,1020.0
0.868,3,0,85498,3080,3,1.0,0.0009730781706130393,0.0,3.386730788769601e-05,1020.0,0.0,1020.0
0.869,3,0,85498,3080,3,1.0,0.0009730781706130393,0.0,3.386730788769601e-05,1020.0,0.0,1020.0
0.87,3,0,85498,3080,3,1.0,0.0009730781706130393,0.0,3.386730788769601e-05,1020.0,0.0,1020.0
0.871,3,0,85498,3080,3,1.0,0.0009730781706130393,0.0,3.386730788769601e-05,1020.0,0.0,1020.0
0.872,3,0,85498,3080,3,1.0,0.0009730781706130393,0.0,3.386730788769601e-05,1020.0,0.0,1020.0
0.873,3,0,85498,3080,3,1.0,0.0009730781706130393,0.0,3.386730788769601e-05,1020.0,0.0,1020.0
0.874,3,0,85498,3080,3,1.0,0.0009730781706130393,0.0,3.386730788769601e-05,1020.0,0.0,1020.0
0.875,3,0,85498,3080,3,1.0,0.0009730781706130393,0.0,3.386730788769601e-05,1020.0,0.0,1020.0
0.876,3,0,85498,3080,3,1.0,0.0009730781706130393,0.0,3.386730788769601e-05,1020.0,0.0,1020.0
0.877,3,0,85498,3080,3,1.0,0.0009730781706130393,0.0,3.386730788769601e-05,1020.0,0.0,1020.0
0.878,3,0,85498,3080,3,1.0,0.0009730781706130393,0.0,3.386730788769601e-05,1020.0,0.0,1020.0
0.879,3,0,85498,3080,3,1.0,0.0009730781706130393,0.0,3.386730788769601e-05,1020.0,0.0,1020.0
0.88,3,0,85498,3080,3,1.0,0.0009730781706130393,0.0,3.386730788769601e-05,1020.0,0.0,1020.0
0.881,3,0,85498,3080,3,1.0,0.0009730781706130393,0.0,3.386730788769601e-05,1020.0,0.0,1020.0
0.882,3,0,85498,3080,3,1.0,0.0009730781706130393,0.0,3.386730788769601e-05,1020.0,0.0,1020.0
0.883,3,0,85498,3080,3,1.0,0.0009730781706130393,0.0,3.386730788769601e-05,1020.0,0.0,1020.0
0.884,3,0,85498,3080,3,1.0,0.0009730781706130393,0.0,3.386730788769601e-05,1020.0,0.0,1020.0
0.885,3,0,85498,3080,3,1.0,0.0009730781706130393,0.0,3.386730788769601e-05,1020.0,0.0,1020.0
0.886,3,0,85498,3080,3,1.0,0.0009730781706130393,0.0,3.386730788769601e-05,1020.0,0.0,1020.0
0.887,3,0,85498,3080,3,1.0,0.0009730781706130393,0.0,3.386730788769601e-05,1020.0,0.0,1020.0
0.888,3,0,85498,3080,3,1.0,0.0009730781706130393,0.0,3.386730788769601e-05,1020.0,0.0,1020.0
0.889,3,0,85498,3080,3,1.0,0.0009730781706130393,0.0,3.386730788769601e-05,1020.0,0.0,1020.0
0.89,3,0,85498,3080,3,1.0,0.0009730781706130393,0.0,3.386730788769601e-05,1020.0,0.0,1020.0
0.891,3,0,85498,3080,3,1.0,0.0009730781706130393,0.0,3.386730788769601e-05,1020.0,0.0,1020.0
0.892,3,0,85498,3080,3,1.0,0.0009730781706130393,0.0,3.386730788769601e-05,1020.0,0.0,1020.0
0.893,3,0,85498,3080,3,1.0,0.0009730781706130393,0.0,3.386730788769601e-05,1020.0,0.0,1020.0
0.894,3,0,85498,3080,3,1.0,0.0009730781706130393,0.0,3.386730788769601e-05,1020.0,0.0,1020.0
0.895,3,0,85498,3080,3,1.0,0.0009730781706130393,0.0,3.386730788769601e-05,1020.0,0.0,1020.0
0.896,3,0,85498,3080,3,1.0,0.0009730781706130393,0.0,3.386730788769601e-05,1020.0,0.0,1020.0
0.897,3,0,85498,3080,3,1.0,0.0009730781706130393,0.0,3.386730788769601e-05,1020.0,0.0,1020.0
0.898,3,0,85498,3080,3,1.0,0.0009730781706130393,0.0,3.386730788769601e-05,1020.0,0.0,1020.0
0.899,3,0,85498,3080,3,1.0,0.0009730781706130393,0.0,3.386730788769601e-05,1020.0,0.0,1020.0
0.9,3,0,85498,3080,3,1.0,0.0009730781706130393,0.0,3.386730788769601e-05,1020.0,0.0,1020.0
0.901,3,0,85498,3080,3,1.0,0.0009730781706130393,0.0,3.386730788769601e-05,1020.0,0.0,1020.0
0.902,3,0,85498,3080,3,1.0,0.0009730781706130393,0.0,3.386730788769601e-05,1020.0,0.0,1020.0
0.903,3,0,85498,3080,3,1.0,0.0009730781706130393,0.0,3.386730788769601e-05,1020.0,0.0,1020.0
0.904,3,0,85498,3080,3,1.0,0.0009730781706130393,0.0,3.386730788769601e-05,1020.0,0.0,1020.0
0.905,3,0,85498,3080,3,1.0,0.0009730781706130393,0.0,3.386730788769601e-05,1020.0,0.0,1020.0
0.906,3,0,85498,3080,3,1.0,0.0009730781706130393,0.0,3.386730788769601e-05,1020.0,0.0,1020.0
0.907,3,0,85498,3080,3,1.0,0.0009730781706130393,0.0,3.386730788769601e-05,1020.0,0.0,1020.0
0.908,3,0,85498,3080,3,1.0,0.0009730781706130393,0.0,3.386730788769601e-05,1020.0,0.0,1020.0
0.909,3,0,85498,3080,3,1.0,0.0009730781706130393,0.0,3.386730788769601e-05,1020.0,0.0,1020.0
0.91,3,0,85498,3080,3,1.0,0.0009730781706130393,0.0,3.386730788769601e-05,1020.0,0.0,1020.0
0.911,3,0,85498,3080,3,1.0,0.0009730781706130393,0.0,3.386730788769601e-05,1020.0,0.0,1020.0
0.912,3,0,85498,3080,3,1.0,0.0009730781706130393,0.0,3.386730788769601e-05,1020.0,0.0,1020.0
0.913,3,0,85498,3080,3,1.0,0.0009730781706130393,0.0,3.386730788769601e-05,1020.0,0.0,1020.0
0.914,3,0,85498,3080,3,1.0,0.0009730781706130393,0.0,3.386730788769601e-05,1020.0,0.0,1020.0
0.915,3,0,85498,3080,3,1.0,0.0009730781706130393,0.0,3.386730788769601e-05,1020.0,0.0,1020.0
0.916,3,0,85498,3080,3,1.0,0.0009730781706130393,0.0,3.386730788769601e-05,1020.0,0.0,1020.0
0.917,3,0,85498,3080,3,1.0,0.0009730781706130393,0.0,3.386730788769601e-05,1020.0,0.0,1020.0
0.918,3,0,85498,3080,3,1.0,0.0009730781706130393,0.0,3.386730788769601e-05,1020.0,0.0,1020.0
0.919,3,0,85498,3080,3,1.0,0.0009730781706130393,0.0,3.386730788769601e-05,1020.0,0.0,1020.0
0.92,3,0,85498,3080,3,1.0,0.0009730781706130393,0.0,3.386730788769601e-05,1020.0,0.0,1020.0
0.921,3,0,85498,3080,3,1.0,0.0009730781706130393,0.0,3.386730788769601e-05,1020.0,0.0,1020.0
0.922,3,0,85498,3080,3,1.0,0.0009730781706130393,0.0,3.386730788769601e-05,1020.0,0.0,1020.0
0.923,3,0,85498,3080,3,1.0,0.0009730781706130393,0.0,3.386730788769601e-05,1020.0,0.0,1020.0
0.924,3,0,85498,3080,3,1.0,0.0009730781706130393,0.0,3.386730788769601e-05,1020.0,0.0,1020.0
0.925,3,0,85498,3080,3,1.0,0.0009730781706130393,0.0,3.386730788769601e-05,1020.0,0.0,1020.0
0.926,3,0,85498,3080,3,1.0,0.0009730781706130393,0.0,3.386730788769601e-05,1020.0,0.0,1020.0
0.927,3,0,85498,3080,3,1.0,0.0009730781706130393,0.0,3.386730788769601e-05,1020.0,0.0,1020.0
0.928,3,0,85498,3080,3,1.0,0.0009730781706130393,0.0,3.386730788769601e-05,1020.0,0.0,1020.0
0.929,3,0,85498,3080,3,1.0,0.0009730781706130393,0.0,3.386730788769601e-05,1020.0,0.0,1020.0
0.93,3,0,85498,3080,3,1.0,0.0009730781706130393,0.0,3.386730788769601e-05,1020.0,0.0,1020.0
0.931,3,0,85498,3080,3,1.0,0.0009730781706130393,0.0,3.386730788769601e-05,1020.0,0.0,1020.0
0.932,3,0,85498,3080,3,1.0,0.0009730781706130393,0.0,3.386730788769601e-05,1020.0,0.0,1020.0
0.933,3,0,85498,3080,3,1.0,0.0009730781706130393,0.0,3.386730788769601e-05,1020.0,0.0,1020.0
0.934,3,0,85498,3080,3,1.0,0.0009730781706130393,0.0,3.386730788769601e-05,1020.0,0.0,1020.0
0.935,3,0,85498,3080,3,1.0,0.0009730781706130393,0.0,3.386730788769601e-05,1020.0,0.0,1020.0
0.936,3,0,85498,3080,3,1.0,0.0009730781706130393,0.0,3.386730788769601e-05,1020.0,0.0,1020.0
0.937,3,0,85498,3080,3,1.0,0.0009730781706130393,0.0,3.386730788769601e-05,1020.0,0.0,1020.0
0.9380000000000001,3,0,85498,3080,3,1.0,0.0009730781706130393,0.0,3.386730788769601e-05,1020.0,0.0,1020.0
0.9390000000000001,3,0,85498,3080,3,1.0,0.0009730781706130393,0.0,3.386730788769601e-05,1020.0,0.0,1020.0
0.9400000000000001,3,0,85498,3080,3,1.0,0.0009730781706130393,0.0,3.386730788769601e-05,1020.0,0.0,1020.0
0.9410000000000001,3,0,85498,3080,3,1.0,0.0009730781706130393,0.0,3.386730788769601e-05,1020.0,0.0,1020.0
0.9420000000000001,3,0,85498,3080,3,1.0,0.0009730781706130393,0.0,3.386730788769601e-05,1020.0,0.0,1020.0
0.9430000000000001,3,0,85498,3080,3,1.0,0.0009730781706130393,0.0,3.386730788769601e-05,1020.0,0.0,1020.0
0.9440000000000001,3,0,85498,3080,3,1.0,0.0009730781706130393,0.0,3.386730788769601e-05,1020.0,0.0,1020.0
0.9450000000000001,3,0,85498,3080,3,1.0,0.0009730781706130393,0.0,3.386730788769601e-05,1020.0,0.0,1020.0
0.9460000000000001,3,0,85498,3080,3,1.0,0.0009730781706130393,0.0,3.386730788769601e-05,1020.0,0.0,1020.0
0.9470000000000001,3,0,85498,3080,3,1.0,0.0009730781706130393,0.0,3.386730788769601e-05,1020.0,0.0,1020.0
0.9480000000000001,3,0,85498,3080,3,1.0,0.0009730781706130393,0.0,3.386730788769601e-05,1020.0,0.0,1020.0
0.9490000000000001,3,0,85498,3080,3,1.0,0.0009730781706130393,0.0,3.386730788769601e-05,1020.0,0.0,1020.0
0.9500000000000001,3,0,85498,3080,3,1.0,0.0009730781706130393,0.0,3.386730788769601e-05,1020.0,0.0,1020.0
0.9510000000000001,3,0,85498,3080,3,1.0,0.0009730781706130393,0.0,3.386730788769601e-05,1020.0,0.0,1020.0
0.9520000000000001,3,0,85498,3080,3,1.0,0.0009730781706130393,0.0,3.386730788769601e-05,1020.0,0.0,1020.0
0.9530000000000001,3,0,85498,3080,3,1.0,0.0009730781706130393,0.0,3.386730788769601e-05,1020.0,0.0,1020.0
0.9540000000000001,3,0,85498,3080,3,1.0,0.0009730781706130393,0.0,3.386730788769601e-05,1020.0,0.0,1020.0
0.9550000000000001,3,0,85498,3080,3,1.0,0.0009730781706130393,0.0,3.386730788769601e-05,1020.0,0.0,1020.0
0.9560000000000001,3,0,85498,3080,3,1.0,0.0009730781706130393,0.0,3.386730788769601e-05,1020.0,0.0,1020.0
0.9570000000000001,3,0,85498,3080,3,1.0,0.0009730781706130393,0.0,3.386730788769601e-05,1020.0,0.0,1020.0
0.9580000000000001,3,0,85498,3080,3,1.0,0.0009730781706130393,0.0,3.386730788769601e-05,1020.0,0.0,1020.0
0.9590000000000001,3,0,85498,3080,3,1.0,0.0009730781706130393,0.0,3.386730788769601e-05,1020.0,0.0,1020.0
0.96,3,0,85498,3080,3,1.0,0.0009730781706130393,0.0,3.386730788769601e-05,1020.0,0.0,1020.0
0.961,3,0,85498,3080,3,1.0,0.0009730781706130393,0.0,3.386730788769601e-05,1020.0,0.0,1020.0
0.962,3,0,85498,3080,3,1.0,0.0009730781706130393,0.0,3.386730788769601e-05,1020.0,0.0,1020.0
0.963,3,0,85498,3080,3,1.0,0.0009730781706130393,0.0,3.386730788769601e-05,1020.0,0.0,1020.0
0.964,3,0,85498,3080,3,1.0,0.0009730781706130393,0.0,3.386730788769601e-05,1020.0,0.0,1020.0
0.965,3,0,85498,3080,3,1.0,0.0009730781706130393,0.0,3.386730788769601e-05,1020.0,0.0,1020.0
0.966,3,0,85498,3080,3,1.0,0.0009730781706130393,0.0,3.386730788769601e-05,1020.0,0.0,1020.0
0.967,3,0,85498,3080,3,1.0,0.0009730781706130393,0.0,3.386730788769601e-05,1020.0,0.0,1020.0
0.968,3,0,85498,3080,3,1.0,0.0009730781706130393,0.0,3.386730788769601e-05,1020.0,0.0,1020.0
0.969,3,0,85498,3080,3,1.0,0.0009730781706130393,0.0,3.386730788769601e-05,1020.0,0.0,1020.0
0.97,3,0,85498,3080,3,1.0,0.0009730781706130393,0.0,3.386730788769601e-05,1020.0,0.0,1020.0
0.971,3,0,85498,3080,3,1.0,0.0009730781706130393,0.0,3.386730788769601e-05,1020.0,0.0,1020.0
0.972,3,0,85498,3080,3,1.0,0.0009730781706130393,0.0,3.386730788769601e-05,1020.0,0.0,1020.0
0.973,3,0,85498,3080,3,1.0,0.0009730781706130393,0.0,3.386730788769601e-05,1020.0,0.0,1020.0
0.974,3,0,85498,3080,3,1.0,0.0009730781706130393,0.0,3.386730788769601e-05,1020.0,0.0,1020.0
0.975,3,0,85498,3080,3,1.0,0.0009730781706130393,0.0,3.386730788769601e-05,1020.0,0.0,1020.0
0.976,3,0,85498,3080,3,1.0,0.0009730781706130393,0.0,3.386730788769601e-05,1020.0,0.0,1020.0
0.977,3,0,85498,3080,3,1.0,0.0009730781706130393,0.0,3.386730788769601e-05,1020.0,0.0,1020.0
0.978,3,0,85498,3080,3,1.0,0.0009730781706130393,0.0,3.386730788769601e-05,1020.0,0.0,1020.0
0.979,3,0,85498,3080,3,1.0,0.0009730781706130393,0.0,3.386730788769601e-05,1020.0,0.0,1020.0
0.98,3,0,85498,3080,3,1.0,0.0009730781706130393,0.0,3.386730788769601e-05,1020.0,0.0,1020.0
0.981,3,0,85498,3080,3,1.0,0.0009730781706130393,0.0,3.386730788769601e-05,1020.0,0.0,1020.0
0.982,3,0,85498,3080,3,1.0,0.0009730781706130393,0.0,3.386730788769601e-05,1020.0,0.0,1020.0
0.983,3,0,85498,3080,3,1.0,0.0009730781706130393,0.0,3.386730788769601e-05,1020.0,0.0,1020.0
0.984,3,0,85498,3080,3,1.0,0.0009730781706130393,0.0,3.386730788769601e-05,1020.0,0.0,1020.0
0.985,3,0,85498,3080,3,1.0,0.0009730781706130393,0.0,3.386730788769601e-05,1020.0,0.0,1020.0
0.986,3,0,85498,3080,3,1.0,0.0009730781706130393,0.0,3.386730788769601e-05,1020.0,0.0,1020.0
0.987,3,0,85498,3080,3,1.0,0.0009730781706130393,0.0,3.386730788769601e-05,1020.0,0.0,1020.0
0.988,3,0,85498,3080,3,1.0,0.0009730781706130393,0.0,3.386730788769601e-05,1020.0,0.0,1020.0
0.989,3,0,85498,3080,3,1.0,0.0009730781706130393,0.0,3.386730788769601e-05,1020.0,0.0,1020.0
0.99,3,0,85498,3080,3,1.0,0.0009730781706130393,0.0,3.386730788769601e-05,1020.0,0.0,1020.0
0.991,3,0,85498,3080,3,1.0,0.0009730781706130393,0.0,3.386730788769601e-05,1020.0,0.0,1020.0
0.992,3,0,85498,3080,3,1.0,0.0009730781706130393,0.0,3.386730788769601e-05,1020.0,0.0,1020.0
0.993,3,0,85498,3080,3,1.0,0.0009730781706130393,0.0,3.386730788769601e-05,1020.0,0.0,1020.0
0.994,3,0,85498,3080,3,1.0,0.0009730781706130393,0.0,3.386730788769601e-05,1020.0,0.0,1020.0
0.995,3,0,85498,3080,3,1.0,0.0009730781706130393,0.0,3.386730788769601e-05,1020.0,0.0,1020.0
0.996,3,0,85498,3080,3,1.0,0.0009730781706130393,0.0,3.386730788769601e-05,1020.0,0.0,1020.0
0.997,3,0,85498,3080,3,1.0,0.0009730781706130393,0.0,3.386730788769601e-05,1020.0,0.0,1020.0
0.998,3,0,85498,3080,3,1.0,0.0009730781706130393,0.0,3.386730788769601e-05,1020.0,0.0,1020.0
0.999,3,0,85498,3080,3,1.0,0.0009730781706130393,0.0,3.386730788769601e-05,1020.0,0.0,1020.0
1.0,3,0,85498,3080,3,1.0,0.0009730781706130393,0.0,3.386730788769601e-05,1020.0,0.0,1020.0
